[2025-08-23 18:12:10] local.ERROR: SQLSTATE[HY000] [1698] Access denied for user 'root'@'localhost' (Connection: mysql, SQL: select * from `sessions` where `id` = 5IbL2rflnX5lQFAYlJIDkIjK8ycwCJ32EQkCJmdL limit 1) {"exception":"[object] (Illuminate\\Database\\QueryException(code: 1698): SQLSTATE[HY000] [1698] Access denied for user 'root'@'localhost' (Connection: mysql, SQL: select * from `sessions` where `id` = 5IbL2rflnX5lQFAYlJIDkIjK8ycwCJ32EQkCJmdL limit 1) at /var/www/SAAFCECEYT/vendor/laravel/framework/src/Illuminate/Database/Connection.php:825)
[stacktrace]
#0 /var/www/SAAFCECEYT/vendor/laravel/framework/src/Illuminate/Database/Connection.php(779): Illuminate\\Database\\Connection->runQueryCallback()
#1 /var/www/SAAFCECEYT/vendor/laravel/framework/src/Illuminate/Database/Connection.php(398): Illuminate\\Database\\Connection->run()
#2 /var/www/SAAFCECEYT/vendor/laravel/framework/src/Illuminate/Database/Query/Builder.php(3133): Illuminate\\Database\\Connection->select()
#3 /var/www/SAAFCECEYT/vendor/laravel/framework/src/Illuminate/Database/Query/Builder.php(3118): Illuminate\\Database\\Query\\Builder->runSelect()
#4 /var/www/SAAFCECEYT/vendor/laravel/framework/src/Illuminate/Database/Query/Builder.php(3706): Illuminate\\Database\\Query\\Builder->Illuminate\\Database\\Query\\{closure}()
#5 /var/www/SAAFCECEYT/vendor/laravel/framework/src/Illuminate/Database/Query/Builder.php(3117): Illuminate\\Database\\Query\\Builder->onceWithColumns()
#6 /var/www/SAAFCECEYT/vendor/laravel/framework/src/Illuminate/Database/Concerns/BuildsQueries.php(344): Illuminate\\Database\\Query\\Builder->get()
#7 /var/www/SAAFCECEYT/vendor/laravel/framework/src/Illuminate/Database/Query/Builder.php(3038): Illuminate\\Database\\Query\\Builder->first()
#8 /var/www/SAAFCECEYT/vendor/laravel/framework/src/Illuminate/Session/DatabaseSessionHandler.php(97): Illuminate\\Database\\Query\\Builder->find()
#9 /var/www/SAAFCECEYT/vendor/laravel/framework/src/Illuminate/Session/Store.php(113): Illuminate\\Session\\DatabaseSessionHandler->read()
#10 /var/www/SAAFCECEYT/vendor/laravel/framework/src/Illuminate/Session/Store.php(101): Illuminate\\Session\\Store->readFromHandler()
#11 /var/www/SAAFCECEYT/vendor/laravel/framework/src/Illuminate/Session/Store.php(85): Illuminate\\Session\\Store->loadSession()
#12 /var/www/SAAFCECEYT/vendor/laravel/framework/src/Illuminate/Session/Middleware/StartSession.php(147): Illuminate\\Session\\Store->start()
#13 /var/www/SAAFCECEYT/vendor/laravel/framework/src/Illuminate/Support/helpers.php(393): Illuminate\\Session\\Middleware\\StartSession->Illuminate\\Session\\Middleware\\{closure}()
#14 /var/www/SAAFCECEYT/vendor/laravel/framework/src/Illuminate/Session/Middleware/StartSession.php(144): tap()
#15 /var/www/SAAFCECEYT/vendor/laravel/framework/src/Illuminate/Session/Middleware/StartSession.php(116): Illuminate\\Session\\Middleware\\StartSession->startSession()
#16 /var/www/SAAFCECEYT/vendor/laravel/framework/src/Illuminate/Session/Middleware/StartSession.php(64): Illuminate\\Session\\Middleware\\StartSession->handleStatefulRequest()
#17 /var/www/SAAFCECEYT/vendor/laravel/framework/src/Illuminate/Pipeline/Pipeline.php(183): Illuminate\\Session\\Middleware\\StartSession->handle()
#18 /var/www/SAAFCECEYT/vendor/laravel/framework/src/Illuminate/Cookie/Middleware/AddQueuedCookiesToResponse.php(37): Illuminate\\Pipeline\\Pipeline->Illuminate\\Pipeline\\{closure}()
#19 /var/www/SAAFCECEYT/vendor/laravel/framework/src/Illuminate/Pipeline/Pipeline.php(183): Illuminate\\Cookie\\Middleware\\AddQueuedCookiesToResponse->handle()
#20 /var/www/SAAFCECEYT/vendor/laravel/framework/src/Illuminate/Cookie/Middleware/EncryptCookies.php(75): Illuminate\\Pipeline\\Pipeline->Illuminate\\Pipeline\\{closure}()
#21 /var/www/SAAFCECEYT/vendor/laravel/framework/src/Illuminate/Pipeline/Pipeline.php(183): Illuminate\\Cookie\\Middleware\\EncryptCookies->handle()
#22 /var/www/SAAFCECEYT/vendor/laravel/framework/src/Illuminate/Pipeline/Pipeline.php(119): Illuminate\\Pipeline\\Pipeline->Illuminate\\Pipeline\\{closure}()
#23 /var/www/SAAFCECEYT/vendor/laravel/framework/src/Illuminate/Routing/Router.php(807): Illuminate\\Pipeline\\Pipeline->then()
#24 /var/www/SAAFCECEYT/vendor/laravel/framework/src/Illuminate/Routing/Router.php(786): Illuminate\\Routing\\Router->runRouteWithinStack()
#25 /var/www/SAAFCECEYT/vendor/laravel/framework/src/Illuminate/Routing/Router.php(750): Illuminate\\Routing\\Router->runRoute()
#26 /var/www/SAAFCECEYT/vendor/laravel/framework/src/Illuminate/Routing/Router.php(739): Illuminate\\Routing\\Router->dispatchToRoute()
#27 /var/www/SAAFCECEYT/vendor/laravel/framework/src/Illuminate/Foundation/Http/Kernel.php(201): Illuminate\\Routing\\Router->dispatch()
#28 /var/www/SAAFCECEYT/vendor/laravel/framework/src/Illuminate/Pipeline/Pipeline.php(144): Illuminate\\Foundation\\Http\\Kernel->Illuminate\\Foundation\\Http\\{closure}()
#29 /var/www/SAAFCECEYT/vendor/laravel/framework/src/Illuminate/Foundation/Http/Middleware/TransformsRequest.php(21): Illuminate\\Pipeline\\Pipeline->Illuminate\\Pipeline\\{closure}()
#30 /var/www/SAAFCECEYT/vendor/laravel/framework/src/Illuminate/Foundation/Http/Middleware/ConvertEmptyStringsToNull.php(31): Illuminate\\Foundation\\Http\\Middleware\\TransformsRequest->handle()
#31 /var/www/SAAFCECEYT/vendor/laravel/framework/src/Illuminate/Pipeline/Pipeline.php(183): Illuminate\\Foundation\\Http\\Middleware\\ConvertEmptyStringsToNull->handle()
#32 /var/www/SAAFCECEYT/vendor/laravel/framework/src/Illuminate/Foundation/Http/Middleware/TransformsRequest.php(21): Illuminate\\Pipeline\\Pipeline->Illuminate\\Pipeline\\{closure}()
#33 /var/www/SAAFCECEYT/vendor/laravel/framework/src/Illuminate/Foundation/Http/Middleware/TrimStrings.php(51): Illuminate\\Foundation\\Http\\Middleware\\TransformsRequest->handle()
#34 /var/www/SAAFCECEYT/vendor/laravel/framework/src/Illuminate/Pipeline/Pipeline.php(183): Illuminate\\Foundation\\Http\\Middleware\\TrimStrings->handle()
#35 /var/www/SAAFCECEYT/vendor/laravel/framework/src/Illuminate/Http/Middleware/ValidatePostSize.php(27): Illuminate\\Pipeline\\Pipeline->Illuminate\\Pipeline\\{closure}()
#36 /var/www/SAAFCECEYT/vendor/laravel/framework/src/Illuminate/Pipeline/Pipeline.php(183): Illuminate\\Http\\Middleware\\ValidatePostSize->handle()
#37 /var/www/SAAFCECEYT/vendor/laravel/framework/src/Illuminate/Foundation/Http/Middleware/PreventRequestsDuringMaintenance.php(110): Illuminate\\Pipeline\\Pipeline->Illuminate\\Pipeline\\{closure}()
#38 /var/www/SAAFCECEYT/vendor/laravel/framework/src/Illuminate/Pipeline/Pipeline.php(183): Illuminate\\Foundation\\Http\\Middleware\\PreventRequestsDuringMaintenance->handle()
#39 /var/www/SAAFCECEYT/vendor/laravel/framework/src/Illuminate/Http/Middleware/HandleCors.php(49): Illuminate\\Pipeline\\Pipeline->Illuminate\\Pipeline\\{closure}()
#40 /var/www/SAAFCECEYT/vendor/laravel/framework/src/Illuminate/Pipeline/Pipeline.php(183): Illuminate\\Http\\Middleware\\HandleCors->handle()
#41 /var/www/SAAFCECEYT/vendor/laravel/framework/src/Illuminate/Http/Middleware/TrustProxies.php(58): Illuminate\\Pipeline\\Pipeline->Illuminate\\Pipeline\\{closure}()
#42 /var/www/SAAFCECEYT/vendor/laravel/framework/src/Illuminate/Pipeline/Pipeline.php(183): Illuminate\\Http\\Middleware\\TrustProxies->handle()
#43 /var/www/SAAFCECEYT/vendor/laravel/framework/src/Illuminate/Foundation/Http/Middleware/InvokeDeferredCallbacks.php(22): Illuminate\\Pipeline\\Pipeline->Illuminate\\Pipeline\\{closure}()
#44 /var/www/SAAFCECEYT/vendor/laravel/framework/src/Illuminate/Pipeline/Pipeline.php(183): Illuminate\\Foundation\\Http\\Middleware\\InvokeDeferredCallbacks->handle()
#45 /var/www/SAAFCECEYT/vendor/laravel/framework/src/Illuminate/Pipeline/Pipeline.php(119): Illuminate\\Pipeline\\Pipeline->Illuminate\\Pipeline\\{closure}()
#46 /var/www/SAAFCECEYT/vendor/laravel/framework/src/Illuminate/Foundation/Http/Kernel.php(176): Illuminate\\Pipeline\\Pipeline->then()
#47 /var/www/SAAFCECEYT/vendor/laravel/framework/src/Illuminate/Foundation/Http/Kernel.php(145): Illuminate\\Foundation\\Http\\Kernel->sendRequestThroughRouter()
#48 /var/www/SAAFCECEYT/vendor/laravel/framework/src/Illuminate/Foundation/Application.php(1190): Illuminate\\Foundation\\Http\\Kernel->handle()
#49 /var/www/SAAFCECEYT/public/index.php(17): Illuminate\\Foundation\\Application->handleRequest()
#50 {main}

[previous exception] [object] (PDOException(code: 1698): SQLSTATE[HY000] [1698] Access denied for user 'root'@'localhost' at /var/www/SAAFCECEYT/vendor/laravel/framework/src/Illuminate/Database/Connectors/Connector.php:66)
[stacktrace]
#0 /var/www/SAAFCECEYT/vendor/laravel/framework/src/Illuminate/Database/Connectors/Connector.php(66): PDO->__construct()
#1 /var/www/SAAFCECEYT/vendor/laravel/framework/src/Illuminate/Database/Connectors/Connector.php(44): Illuminate\\Database\\Connectors\\Connector->createPdoConnection()
#2 /var/www/SAAFCECEYT/vendor/laravel/framework/src/Illuminate/Database/Connectors/MySqlConnector.php(24): Illuminate\\Database\\Connectors\\Connector->createConnection()
#3 /var/www/SAAFCECEYT/vendor/laravel/framework/src/Illuminate/Database/Connectors/ConnectionFactory.php(185): Illuminate\\Database\\Connectors\\MySqlConnector->connect()
#4 [internal function]: Illuminate\\Database\\Connectors\\ConnectionFactory->Illuminate\\Database\\Connectors\\{closure}()
#5 /var/www/SAAFCECEYT/vendor/laravel/framework/src/Illuminate/Database/Connection.php(1231): call_user_func()
#6 /var/www/SAAFCECEYT/vendor/laravel/framework/src/Illuminate/Database/Connection.php(1267): Illuminate\\Database\\Connection->getPdo()
#7 /var/www/SAAFCECEYT/vendor/laravel/framework/src/Illuminate/Database/Connection.php(512): Illuminate\\Database\\Connection->getReadPdo()
#8 /var/www/SAAFCECEYT/vendor/laravel/framework/src/Illuminate/Database/Connection.php(407): Illuminate\\Database\\Connection->getPdoForSelect()
#9 /var/www/SAAFCECEYT/vendor/laravel/framework/src/Illuminate/Database/Connection.php(812): Illuminate\\Database\\Connection->Illuminate\\Database\\{closure}()
#10 /var/www/SAAFCECEYT/vendor/laravel/framework/src/Illuminate/Database/Connection.php(779): Illuminate\\Database\\Connection->runQueryCallback()
#11 /var/www/SAAFCECEYT/vendor/laravel/framework/src/Illuminate/Database/Connection.php(398): Illuminate\\Database\\Connection->run()
#12 /var/www/SAAFCECEYT/vendor/laravel/framework/src/Illuminate/Database/Query/Builder.php(3133): Illuminate\\Database\\Connection->select()
#13 /var/www/SAAFCECEYT/vendor/laravel/framework/src/Illuminate/Database/Query/Builder.php(3118): Illuminate\\Database\\Query\\Builder->runSelect()
#14 /var/www/SAAFCECEYT/vendor/laravel/framework/src/Illuminate/Database/Query/Builder.php(3706): Illuminate\\Database\\Query\\Builder->Illuminate\\Database\\Query\\{closure}()
#15 /var/www/SAAFCECEYT/vendor/laravel/framework/src/Illuminate/Database/Query/Builder.php(3117): Illuminate\\Database\\Query\\Builder->onceWithColumns()
#16 /var/www/SAAFCECEYT/vendor/laravel/framework/src/Illuminate/Database/Concerns/BuildsQueries.php(344): Illuminate\\Database\\Query\\Builder->get()
#17 /var/www/SAAFCECEYT/vendor/laravel/framework/src/Illuminate/Database/Query/Builder.php(3038): Illuminate\\Database\\Query\\Builder->first()
#18 /var/www/SAAFCECEYT/vendor/laravel/framework/src/Illuminate/Session/DatabaseSessionHandler.php(97): Illuminate\\Database\\Query\\Builder->find()
#19 /var/www/SAAFCECEYT/vendor/laravel/framework/src/Illuminate/Session/Store.php(113): Illuminate\\Session\\DatabaseSessionHandler->read()
#20 /var/www/SAAFCECEYT/vendor/laravel/framework/src/Illuminate/Session/Store.php(101): Illuminate\\Session\\Store->readFromHandler()
#21 /var/www/SAAFCECEYT/vendor/laravel/framework/src/Illuminate/Session/Store.php(85): Illuminate\\Session\\Store->loadSession()
#22 /var/www/SAAFCECEYT/vendor/laravel/framework/src/Illuminate/Session/Middleware/StartSession.php(147): Illuminate\\Session\\Store->start()
#23 /var/www/SAAFCECEYT/vendor/laravel/framework/src/Illuminate/Support/helpers.php(393): Illuminate\\Session\\Middleware\\StartSession->Illuminate\\Session\\Middleware\\{closure}()
#24 /var/www/SAAFCECEYT/vendor/laravel/framework/src/Illuminate/Session/Middleware/StartSession.php(144): tap()
#25 /var/www/SAAFCECEYT/vendor/laravel/framework/src/Illuminate/Session/Middleware/StartSession.php(116): Illuminate\\Session\\Middleware\\StartSession->startSession()
#26 /var/www/SAAFCECEYT/vendor/laravel/framework/src/Illuminate/Session/Middleware/StartSession.php(64): Illuminate\\Session\\Middleware\\StartSession->handleStatefulRequest()
#27 /var/www/SAAFCECEYT/vendor/laravel/framework/src/Illuminate/Pipeline/Pipeline.php(183): Illuminate\\Session\\Middleware\\StartSession->handle()
#28 /var/www/SAAFCECEYT/vendor/laravel/framework/src/Illuminate/Cookie/Middleware/AddQueuedCookiesToResponse.php(37): Illuminate\\Pipeline\\Pipeline->Illuminate\\Pipeline\\{closure}()
#29 /var/www/SAAFCECEYT/vendor/laravel/framework/src/Illuminate/Pipeline/Pipeline.php(183): Illuminate\\Cookie\\Middleware\\AddQueuedCookiesToResponse->handle()
#30 /var/www/SAAFCECEYT/vendor/laravel/framework/src/Illuminate/Cookie/Middleware/EncryptCookies.php(75): Illuminate\\Pipeline\\Pipeline->Illuminate\\Pipeline\\{closure}()
#31 /var/www/SAAFCECEYT/vendor/laravel/framework/src/Illuminate/Pipeline/Pipeline.php(183): Illuminate\\Cookie\\Middleware\\EncryptCookies->handle()
#32 /var/www/SAAFCECEYT/vendor/laravel/framework/src/Illuminate/Pipeline/Pipeline.php(119): Illuminate\\Pipeline\\Pipeline->Illuminate\\Pipeline\\{closure}()
#33 /var/www/SAAFCECEYT/vendor/laravel/framework/src/Illuminate/Routing/Router.php(807): Illuminate\\Pipeline\\Pipeline->then()
#34 /var/www/SAAFCECEYT/vendor/laravel/framework/src/Illuminate/Routing/Router.php(786): Illuminate\\Routing\\Router->runRouteWithinStack()
#35 /var/www/SAAFCECEYT/vendor/laravel/framework/src/Illuminate/Routing/Router.php(750): Illuminate\\Routing\\Router->runRoute()
#36 /var/www/SAAFCECEYT/vendor/laravel/framework/src/Illuminate/Routing/Router.php(739): Illuminate\\Routing\\Router->dispatchToRoute()
#37 /var/www/SAAFCECEYT/vendor/laravel/framework/src/Illuminate/Foundation/Http/Kernel.php(201): Illuminate\\Routing\\Router->dispatch()
#38 /var/www/SAAFCECEYT/vendor/laravel/framework/src/Illuminate/Pipeline/Pipeline.php(144): Illuminate\\Foundation\\Http\\Kernel->Illuminate\\Foundation\\Http\\{closure}()
#39 /var/www/SAAFCECEYT/vendor/laravel/framework/src/Illuminate/Foundation/Http/Middleware/TransformsRequest.php(21): Illuminate\\Pipeline\\Pipeline->Illuminate\\Pipeline\\{closure}()
#40 /var/www/SAAFCECEYT/vendor/laravel/framework/src/Illuminate/Foundation/Http/Middleware/ConvertEmptyStringsToNull.php(31): Illuminate\\Foundation\\Http\\Middleware\\TransformsRequest->handle()
#41 /var/www/SAAFCECEYT/vendor/laravel/framework/src/Illuminate/Pipeline/Pipeline.php(183): Illuminate\\Foundation\\Http\\Middleware\\ConvertEmptyStringsToNull->handle()
#42 /var/www/SAAFCECEYT/vendor/laravel/framework/src/Illuminate/Foundation/Http/Middleware/TransformsRequest.php(21): Illuminate\\Pipeline\\Pipeline->Illuminate\\Pipeline\\{closure}()
#43 /var/www/SAAFCECEYT/vendor/laravel/framework/src/Illuminate/Foundation/Http/Middleware/TrimStrings.php(51): Illuminate\\Foundation\\Http\\Middleware\\TransformsRequest->handle()
#44 /var/www/SAAFCECEYT/vendor/laravel/framework/src/Illuminate/Pipeline/Pipeline.php(183): Illuminate\\Foundation\\Http\\Middleware\\TrimStrings->handle()
#45 /var/www/SAAFCECEYT/vendor/laravel/framework/src/Illuminate/Http/Middleware/ValidatePostSize.php(27): Illuminate\\Pipeline\\Pipeline->Illuminate\\Pipeline\\{closure}()
#46 /var/www/SAAFCECEYT/vendor/laravel/framework/src/Illuminate/Pipeline/Pipeline.php(183): Illuminate\\Http\\Middleware\\ValidatePostSize->handle()
#47 /var/www/SAAFCECEYT/vendor/laravel/framework/src/Illuminate/Foundation/Http/Middleware/PreventRequestsDuringMaintenance.php(110): Illuminate\\Pipeline\\Pipeline->Illuminate\\Pipeline\\{closure}()
#48 /var/www/SAAFCECEYT/vendor/laravel/framework/src/Illuminate/Pipeline/Pipeline.php(183): Illuminate\\Foundation\\Http\\Middleware\\PreventRequestsDuringMaintenance->handle()
#49 /var/www/SAAFCECEYT/vendor/laravel/framework/src/Illuminate/Http/Middleware/HandleCors.php(49): Illuminate\\Pipeline\\Pipeline->Illuminate\\Pipeline\\{closure}()
#50 /var/www/SAAFCECEYT/vendor/laravel/framework/src/Illuminate/Pipeline/Pipeline.php(183): Illuminate\\Http\\Middleware\\HandleCors->handle()
#51 /var/www/SAAFCECEYT/vendor/laravel/framework/src/Illuminate/Http/Middleware/TrustProxies.php(58): Illuminate\\Pipeline\\Pipeline->Illuminate\\Pipeline\\{closure}()
#52 /var/www/SAAFCECEYT/vendor/laravel/framework/src/Illuminate/Pipeline/Pipeline.php(183): Illuminate\\Http\\Middleware\\TrustProxies->handle()
#53 /var/www/SAAFCECEYT/vendor/laravel/framework/src/Illuminate/Foundation/Http/Middleware/InvokeDeferredCallbacks.php(22): Illuminate\\Pipeline\\Pipeline->Illuminate\\Pipeline\\{closure}()
#54 /var/www/SAAFCECEYT/vendor/laravel/framework/src/Illuminate/Pipeline/Pipeline.php(183): Illuminate\\Foundation\\Http\\Middleware\\InvokeDeferredCallbacks->handle()
#55 /var/www/SAAFCECEYT/vendor/laravel/framework/src/Illuminate/Pipeline/Pipeline.php(119): Illuminate\\Pipeline\\Pipeline->Illuminate\\Pipeline\\{closure}()
#56 /var/www/SAAFCECEYT/vendor/laravel/framework/src/Illuminate/Foundation/Http/Kernel.php(176): Illuminate\\Pipeline\\Pipeline->then()
#57 /var/www/SAAFCECEYT/vendor/laravel/framework/src/Illuminate/Foundation/Http/Kernel.php(145): Illuminate\\Foundation\\Http\\Kernel->sendRequestThroughRouter()
#58 /var/www/SAAFCECEYT/vendor/laravel/framework/src/Illuminate/Foundation/Application.php(1190): Illuminate\\Foundation\\Http\\Kernel->handle()
#59 /var/www/SAAFCECEYT/public/index.php(17): Illuminate\\Foundation\\Application->handleRequest()
#60 {main}
"} 
[2025-08-23 18:15:16] local.ERROR: SQLSTATE[HY000] [1698] Access denied for user 'root'@'localhost' (Connection: mysql, SQL: select * from `sessions` where `id` = kwKALrNApG7vMo2Bse5OtnuoY6orPqg6mMzWpPjv limit 1) {"exception":"[object] (Illuminate\\Database\\QueryException(code: 1698): SQLSTATE[HY000] [1698] Access denied for user 'root'@'localhost' (Connection: mysql, SQL: select * from `sessions` where `id` = kwKALrNApG7vMo2Bse5OtnuoY6orPqg6mMzWpPjv limit 1) at /var/www/SAAFCECEYT/vendor/laravel/framework/src/Illuminate/Database/Connection.php:825)
[stacktrace]
#0 /var/www/SAAFCECEYT/vendor/laravel/framework/src/Illuminate/Database/Connection.php(779): Illuminate\\Database\\Connection->runQueryCallback()
#1 /var/www/SAAFCECEYT/vendor/laravel/framework/src/Illuminate/Database/Connection.php(398): Illuminate\\Database\\Connection->run()
#2 /var/www/SAAFCECEYT/vendor/laravel/framework/src/Illuminate/Database/Query/Builder.php(3133): Illuminate\\Database\\Connection->select()
#3 /var/www/SAAFCECEYT/vendor/laravel/framework/src/Illuminate/Database/Query/Builder.php(3118): Illuminate\\Database\\Query\\Builder->runSelect()
#4 /var/www/SAAFCECEYT/vendor/laravel/framework/src/Illuminate/Database/Query/Builder.php(3706): Illuminate\\Database\\Query\\Builder->Illuminate\\Database\\Query\\{closure}()
#5 /var/www/SAAFCECEYT/vendor/laravel/framework/src/Illuminate/Database/Query/Builder.php(3117): Illuminate\\Database\\Query\\Builder->onceWithColumns()
#6 /var/www/SAAFCECEYT/vendor/laravel/framework/src/Illuminate/Database/Concerns/BuildsQueries.php(344): Illuminate\\Database\\Query\\Builder->get()
#7 /var/www/SAAFCECEYT/vendor/laravel/framework/src/Illuminate/Database/Query/Builder.php(3038): Illuminate\\Database\\Query\\Builder->first()
#8 /var/www/SAAFCECEYT/vendor/laravel/framework/src/Illuminate/Session/DatabaseSessionHandler.php(97): Illuminate\\Database\\Query\\Builder->find()
#9 /var/www/SAAFCECEYT/vendor/laravel/framework/src/Illuminate/Session/Store.php(113): Illuminate\\Session\\DatabaseSessionHandler->read()
#10 /var/www/SAAFCECEYT/vendor/laravel/framework/src/Illuminate/Session/Store.php(101): Illuminate\\Session\\Store->readFromHandler()
#11 /var/www/SAAFCECEYT/vendor/laravel/framework/src/Illuminate/Session/Store.php(85): Illuminate\\Session\\Store->loadSession()
#12 /var/www/SAAFCECEYT/vendor/laravel/framework/src/Illuminate/Session/Middleware/StartSession.php(147): Illuminate\\Session\\Store->start()
#13 /var/www/SAAFCECEYT/vendor/laravel/framework/src/Illuminate/Support/helpers.php(393): Illuminate\\Session\\Middleware\\StartSession->Illuminate\\Session\\Middleware\\{closure}()
#14 /var/www/SAAFCECEYT/vendor/laravel/framework/src/Illuminate/Session/Middleware/StartSession.php(144): tap()
#15 /var/www/SAAFCECEYT/vendor/laravel/framework/src/Illuminate/Session/Middleware/StartSession.php(116): Illuminate\\Session\\Middleware\\StartSession->startSession()
#16 /var/www/SAAFCECEYT/vendor/laravel/framework/src/Illuminate/Session/Middleware/StartSession.php(64): Illuminate\\Session\\Middleware\\StartSession->handleStatefulRequest()
#17 /var/www/SAAFCECEYT/vendor/laravel/framework/src/Illuminate/Pipeline/Pipeline.php(183): Illuminate\\Session\\Middleware\\StartSession->handle()
#18 /var/www/SAAFCECEYT/vendor/laravel/framework/src/Illuminate/Cookie/Middleware/AddQueuedCookiesToResponse.php(37): Illuminate\\Pipeline\\Pipeline->Illuminate\\Pipeline\\{closure}()
#19 /var/www/SAAFCECEYT/vendor/laravel/framework/src/Illuminate/Pipeline/Pipeline.php(183): Illuminate\\Cookie\\Middleware\\AddQueuedCookiesToResponse->handle()
#20 /var/www/SAAFCECEYT/vendor/laravel/framework/src/Illuminate/Cookie/Middleware/EncryptCookies.php(75): Illuminate\\Pipeline\\Pipeline->Illuminate\\Pipeline\\{closure}()
#21 /var/www/SAAFCECEYT/vendor/laravel/framework/src/Illuminate/Pipeline/Pipeline.php(183): Illuminate\\Cookie\\Middleware\\EncryptCookies->handle()
#22 /var/www/SAAFCECEYT/vendor/laravel/framework/src/Illuminate/Pipeline/Pipeline.php(119): Illuminate\\Pipeline\\Pipeline->Illuminate\\Pipeline\\{closure}()
#23 /var/www/SAAFCECEYT/vendor/laravel/framework/src/Illuminate/Routing/Router.php(807): Illuminate\\Pipeline\\Pipeline->then()
#24 /var/www/SAAFCECEYT/vendor/laravel/framework/src/Illuminate/Routing/Router.php(786): Illuminate\\Routing\\Router->runRouteWithinStack()
#25 /var/www/SAAFCECEYT/vendor/laravel/framework/src/Illuminate/Routing/Router.php(750): Illuminate\\Routing\\Router->runRoute()
#26 /var/www/SAAFCECEYT/vendor/laravel/framework/src/Illuminate/Routing/Router.php(739): Illuminate\\Routing\\Router->dispatchToRoute()
#27 /var/www/SAAFCECEYT/vendor/laravel/framework/src/Illuminate/Foundation/Http/Kernel.php(201): Illuminate\\Routing\\Router->dispatch()
#28 /var/www/SAAFCECEYT/vendor/laravel/framework/src/Illuminate/Pipeline/Pipeline.php(144): Illuminate\\Foundation\\Http\\Kernel->Illuminate\\Foundation\\Http\\{closure}()
#29 /var/www/SAAFCECEYT/vendor/laravel/framework/src/Illuminate/Foundation/Http/Middleware/TransformsRequest.php(21): Illuminate\\Pipeline\\Pipeline->Illuminate\\Pipeline\\{closure}()
#30 /var/www/SAAFCECEYT/vendor/laravel/framework/src/Illuminate/Foundation/Http/Middleware/ConvertEmptyStringsToNull.php(31): Illuminate\\Foundation\\Http\\Middleware\\TransformsRequest->handle()
#31 /var/www/SAAFCECEYT/vendor/laravel/framework/src/Illuminate/Pipeline/Pipeline.php(183): Illuminate\\Foundation\\Http\\Middleware\\ConvertEmptyStringsToNull->handle()
#32 /var/www/SAAFCECEYT/vendor/laravel/framework/src/Illuminate/Foundation/Http/Middleware/TransformsRequest.php(21): Illuminate\\Pipeline\\Pipeline->Illuminate\\Pipeline\\{closure}()
#33 /var/www/SAAFCECEYT/vendor/laravel/framework/src/Illuminate/Foundation/Http/Middleware/TrimStrings.php(51): Illuminate\\Foundation\\Http\\Middleware\\TransformsRequest->handle()
#34 /var/www/SAAFCECEYT/vendor/laravel/framework/src/Illuminate/Pipeline/Pipeline.php(183): Illuminate\\Foundation\\Http\\Middleware\\TrimStrings->handle()
#35 /var/www/SAAFCECEYT/vendor/laravel/framework/src/Illuminate/Http/Middleware/ValidatePostSize.php(27): Illuminate\\Pipeline\\Pipeline->Illuminate\\Pipeline\\{closure}()
#36 /var/www/SAAFCECEYT/vendor/laravel/framework/src/Illuminate/Pipeline/Pipeline.php(183): Illuminate\\Http\\Middleware\\ValidatePostSize->handle()
#37 /var/www/SAAFCECEYT/vendor/laravel/framework/src/Illuminate/Foundation/Http/Middleware/PreventRequestsDuringMaintenance.php(110): Illuminate\\Pipeline\\Pipeline->Illuminate\\Pipeline\\{closure}()
#38 /var/www/SAAFCECEYT/vendor/laravel/framework/src/Illuminate/Pipeline/Pipeline.php(183): Illuminate\\Foundation\\Http\\Middleware\\PreventRequestsDuringMaintenance->handle()
#39 /var/www/SAAFCECEYT/vendor/laravel/framework/src/Illuminate/Http/Middleware/HandleCors.php(49): Illuminate\\Pipeline\\Pipeline->Illuminate\\Pipeline\\{closure}()
#40 /var/www/SAAFCECEYT/vendor/laravel/framework/src/Illuminate/Pipeline/Pipeline.php(183): Illuminate\\Http\\Middleware\\HandleCors->handle()
#41 /var/www/SAAFCECEYT/vendor/laravel/framework/src/Illuminate/Http/Middleware/TrustProxies.php(58): Illuminate\\Pipeline\\Pipeline->Illuminate\\Pipeline\\{closure}()
#42 /var/www/SAAFCECEYT/vendor/laravel/framework/src/Illuminate/Pipeline/Pipeline.php(183): Illuminate\\Http\\Middleware\\TrustProxies->handle()
#43 /var/www/SAAFCECEYT/vendor/laravel/framework/src/Illuminate/Foundation/Http/Middleware/InvokeDeferredCallbacks.php(22): Illuminate\\Pipeline\\Pipeline->Illuminate\\Pipeline\\{closure}()
#44 /var/www/SAAFCECEYT/vendor/laravel/framework/src/Illuminate/Pipeline/Pipeline.php(183): Illuminate\\Foundation\\Http\\Middleware\\InvokeDeferredCallbacks->handle()
#45 /var/www/SAAFCECEYT/vendor/laravel/framework/src/Illuminate/Pipeline/Pipeline.php(119): Illuminate\\Pipeline\\Pipeline->Illuminate\\Pipeline\\{closure}()
#46 /var/www/SAAFCECEYT/vendor/laravel/framework/src/Illuminate/Foundation/Http/Kernel.php(176): Illuminate\\Pipeline\\Pipeline->then()
#47 /var/www/SAAFCECEYT/vendor/laravel/framework/src/Illuminate/Foundation/Http/Kernel.php(145): Illuminate\\Foundation\\Http\\Kernel->sendRequestThroughRouter()
#48 /var/www/SAAFCECEYT/vendor/laravel/framework/src/Illuminate/Foundation/Application.php(1190): Illuminate\\Foundation\\Http\\Kernel->handle()
#49 /var/www/SAAFCECEYT/public/index.php(17): Illuminate\\Foundation\\Application->handleRequest()
#50 {main}

[previous exception] [object] (PDOException(code: 1698): SQLSTATE[HY000] [1698] Access denied for user 'root'@'localhost' at /var/www/SAAFCECEYT/vendor/laravel/framework/src/Illuminate/Database/Connectors/Connector.php:66)
[stacktrace]
#0 /var/www/SAAFCECEYT/vendor/laravel/framework/src/Illuminate/Database/Connectors/Connector.php(66): PDO->__construct()
#1 /var/www/SAAFCECEYT/vendor/laravel/framework/src/Illuminate/Database/Connectors/Connector.php(44): Illuminate\\Database\\Connectors\\Connector->createPdoConnection()
#2 /var/www/SAAFCECEYT/vendor/laravel/framework/src/Illuminate/Database/Connectors/MySqlConnector.php(24): Illuminate\\Database\\Connectors\\Connector->createConnection()
#3 /var/www/SAAFCECEYT/vendor/laravel/framework/src/Illuminate/Database/Connectors/ConnectionFactory.php(185): Illuminate\\Database\\Connectors\\MySqlConnector->connect()
#4 [internal function]: Illuminate\\Database\\Connectors\\ConnectionFactory->Illuminate\\Database\\Connectors\\{closure}()
#5 /var/www/SAAFCECEYT/vendor/laravel/framework/src/Illuminate/Database/Connection.php(1231): call_user_func()
#6 /var/www/SAAFCECEYT/vendor/laravel/framework/src/Illuminate/Database/Connection.php(1267): Illuminate\\Database\\Connection->getPdo()
#7 /var/www/SAAFCECEYT/vendor/laravel/framework/src/Illuminate/Database/Connection.php(512): Illuminate\\Database\\Connection->getReadPdo()
#8 /var/www/SAAFCECEYT/vendor/laravel/framework/src/Illuminate/Database/Connection.php(407): Illuminate\\Database\\Connection->getPdoForSelect()
#9 /var/www/SAAFCECEYT/vendor/laravel/framework/src/Illuminate/Database/Connection.php(812): Illuminate\\Database\\Connection->Illuminate\\Database\\{closure}()
#10 /var/www/SAAFCECEYT/vendor/laravel/framework/src/Illuminate/Database/Connection.php(779): Illuminate\\Database\\Connection->runQueryCallback()
#11 /var/www/SAAFCECEYT/vendor/laravel/framework/src/Illuminate/Database/Connection.php(398): Illuminate\\Database\\Connection->run()
#12 /var/www/SAAFCECEYT/vendor/laravel/framework/src/Illuminate/Database/Query/Builder.php(3133): Illuminate\\Database\\Connection->select()
#13 /var/www/SAAFCECEYT/vendor/laravel/framework/src/Illuminate/Database/Query/Builder.php(3118): Illuminate\\Database\\Query\\Builder->runSelect()
#14 /var/www/SAAFCECEYT/vendor/laravel/framework/src/Illuminate/Database/Query/Builder.php(3706): Illuminate\\Database\\Query\\Builder->Illuminate\\Database\\Query\\{closure}()
#15 /var/www/SAAFCECEYT/vendor/laravel/framework/src/Illuminate/Database/Query/Builder.php(3117): Illuminate\\Database\\Query\\Builder->onceWithColumns()
#16 /var/www/SAAFCECEYT/vendor/laravel/framework/src/Illuminate/Database/Concerns/BuildsQueries.php(344): Illuminate\\Database\\Query\\Builder->get()
#17 /var/www/SAAFCECEYT/vendor/laravel/framework/src/Illuminate/Database/Query/Builder.php(3038): Illuminate\\Database\\Query\\Builder->first()
#18 /var/www/SAAFCECEYT/vendor/laravel/framework/src/Illuminate/Session/DatabaseSessionHandler.php(97): Illuminate\\Database\\Query\\Builder->find()
#19 /var/www/SAAFCECEYT/vendor/laravel/framework/src/Illuminate/Session/Store.php(113): Illuminate\\Session\\DatabaseSessionHandler->read()
#20 /var/www/SAAFCECEYT/vendor/laravel/framework/src/Illuminate/Session/Store.php(101): Illuminate\\Session\\Store->readFromHandler()
#21 /var/www/SAAFCECEYT/vendor/laravel/framework/src/Illuminate/Session/Store.php(85): Illuminate\\Session\\Store->loadSession()
#22 /var/www/SAAFCECEYT/vendor/laravel/framework/src/Illuminate/Session/Middleware/StartSession.php(147): Illuminate\\Session\\Store->start()
#23 /var/www/SAAFCECEYT/vendor/laravel/framework/src/Illuminate/Support/helpers.php(393): Illuminate\\Session\\Middleware\\StartSession->Illuminate\\Session\\Middleware\\{closure}()
#24 /var/www/SAAFCECEYT/vendor/laravel/framework/src/Illuminate/Session/Middleware/StartSession.php(144): tap()
#25 /var/www/SAAFCECEYT/vendor/laravel/framework/src/Illuminate/Session/Middleware/StartSession.php(116): Illuminate\\Session\\Middleware\\StartSession->startSession()
#26 /var/www/SAAFCECEYT/vendor/laravel/framework/src/Illuminate/Session/Middleware/StartSession.php(64): Illuminate\\Session\\Middleware\\StartSession->handleStatefulRequest()
#27 /var/www/SAAFCECEYT/vendor/laravel/framework/src/Illuminate/Pipeline/Pipeline.php(183): Illuminate\\Session\\Middleware\\StartSession->handle()
#28 /var/www/SAAFCECEYT/vendor/laravel/framework/src/Illuminate/Cookie/Middleware/AddQueuedCookiesToResponse.php(37): Illuminate\\Pipeline\\Pipeline->Illuminate\\Pipeline\\{closure}()
#29 /var/www/SAAFCECEYT/vendor/laravel/framework/src/Illuminate/Pipeline/Pipeline.php(183): Illuminate\\Cookie\\Middleware\\AddQueuedCookiesToResponse->handle()
#30 /var/www/SAAFCECEYT/vendor/laravel/framework/src/Illuminate/Cookie/Middleware/EncryptCookies.php(75): Illuminate\\Pipeline\\Pipeline->Illuminate\\Pipeline\\{closure}()
#31 /var/www/SAAFCECEYT/vendor/laravel/framework/src/Illuminate/Pipeline/Pipeline.php(183): Illuminate\\Cookie\\Middleware\\EncryptCookies->handle()
#32 /var/www/SAAFCECEYT/vendor/laravel/framework/src/Illuminate/Pipeline/Pipeline.php(119): Illuminate\\Pipeline\\Pipeline->Illuminate\\Pipeline\\{closure}()
#33 /var/www/SAAFCECEYT/vendor/laravel/framework/src/Illuminate/Routing/Router.php(807): Illuminate\\Pipeline\\Pipeline->then()
#34 /var/www/SAAFCECEYT/vendor/laravel/framework/src/Illuminate/Routing/Router.php(786): Illuminate\\Routing\\Router->runRouteWithinStack()
#35 /var/www/SAAFCECEYT/vendor/laravel/framework/src/Illuminate/Routing/Router.php(750): Illuminate\\Routing\\Router->runRoute()
#36 /var/www/SAAFCECEYT/vendor/laravel/framework/src/Illuminate/Routing/Router.php(739): Illuminate\\Routing\\Router->dispatchToRoute()
#37 /var/www/SAAFCECEYT/vendor/laravel/framework/src/Illuminate/Foundation/Http/Kernel.php(201): Illuminate\\Routing\\Router->dispatch()
#38 /var/www/SAAFCECEYT/vendor/laravel/framework/src/Illuminate/Pipeline/Pipeline.php(144): Illuminate\\Foundation\\Http\\Kernel->Illuminate\\Foundation\\Http\\{closure}()
#39 /var/www/SAAFCECEYT/vendor/laravel/framework/src/Illuminate/Foundation/Http/Middleware/TransformsRequest.php(21): Illuminate\\Pipeline\\Pipeline->Illuminate\\Pipeline\\{closure}()
#40 /var/www/SAAFCECEYT/vendor/laravel/framework/src/Illuminate/Foundation/Http/Middleware/ConvertEmptyStringsToNull.php(31): Illuminate\\Foundation\\Http\\Middleware\\TransformsRequest->handle()
#41 /var/www/SAAFCECEYT/vendor/laravel/framework/src/Illuminate/Pipeline/Pipeline.php(183): Illuminate\\Foundation\\Http\\Middleware\\ConvertEmptyStringsToNull->handle()
#42 /var/www/SAAFCECEYT/vendor/laravel/framework/src/Illuminate/Foundation/Http/Middleware/TransformsRequest.php(21): Illuminate\\Pipeline\\Pipeline->Illuminate\\Pipeline\\{closure}()
#43 /var/www/SAAFCECEYT/vendor/laravel/framework/src/Illuminate/Foundation/Http/Middleware/TrimStrings.php(51): Illuminate\\Foundation\\Http\\Middleware\\TransformsRequest->handle()
#44 /var/www/SAAFCECEYT/vendor/laravel/framework/src/Illuminate/Pipeline/Pipeline.php(183): Illuminate\\Foundation\\Http\\Middleware\\TrimStrings->handle()
#45 /var/www/SAAFCECEYT/vendor/laravel/framework/src/Illuminate/Http/Middleware/ValidatePostSize.php(27): Illuminate\\Pipeline\\Pipeline->Illuminate\\Pipeline\\{closure}()
#46 /var/www/SAAFCECEYT/vendor/laravel/framework/src/Illuminate/Pipeline/Pipeline.php(183): Illuminate\\Http\\Middleware\\ValidatePostSize->handle()
#47 /var/www/SAAFCECEYT/vendor/laravel/framework/src/Illuminate/Foundation/Http/Middleware/PreventRequestsDuringMaintenance.php(110): Illuminate\\Pipeline\\Pipeline->Illuminate\\Pipeline\\{closure}()
#48 /var/www/SAAFCECEYT/vendor/laravel/framework/src/Illuminate/Pipeline/Pipeline.php(183): Illuminate\\Foundation\\Http\\Middleware\\PreventRequestsDuringMaintenance->handle()
#49 /var/www/SAAFCECEYT/vendor/laravel/framework/src/Illuminate/Http/Middleware/HandleCors.php(49): Illuminate\\Pipeline\\Pipeline->Illuminate\\Pipeline\\{closure}()
#50 /var/www/SAAFCECEYT/vendor/laravel/framework/src/Illuminate/Pipeline/Pipeline.php(183): Illuminate\\Http\\Middleware\\HandleCors->handle()
#51 /var/www/SAAFCECEYT/vendor/laravel/framework/src/Illuminate/Http/Middleware/TrustProxies.php(58): Illuminate\\Pipeline\\Pipeline->Illuminate\\Pipeline\\{closure}()
#52 /var/www/SAAFCECEYT/vendor/laravel/framework/src/Illuminate/Pipeline/Pipeline.php(183): Illuminate\\Http\\Middleware\\TrustProxies->handle()
#53 /var/www/SAAFCECEYT/vendor/laravel/framework/src/Illuminate/Foundation/Http/Middleware/InvokeDeferredCallbacks.php(22): Illuminate\\Pipeline\\Pipeline->Illuminate\\Pipeline\\{closure}()
#54 /var/www/SAAFCECEYT/vendor/laravel/framework/src/Illuminate/Pipeline/Pipeline.php(183): Illuminate\\Foundation\\Http\\Middleware\\InvokeDeferredCallbacks->handle()
#55 /var/www/SAAFCECEYT/vendor/laravel/framework/src/Illuminate/Pipeline/Pipeline.php(119): Illuminate\\Pipeline\\Pipeline->Illuminate\\Pipeline\\{closure}()
#56 /var/www/SAAFCECEYT/vendor/laravel/framework/src/Illuminate/Foundation/Http/Kernel.php(176): Illuminate\\Pipeline\\Pipeline->then()
#57 /var/www/SAAFCECEYT/vendor/laravel/framework/src/Illuminate/Foundation/Http/Kernel.php(145): Illuminate\\Foundation\\Http\\Kernel->sendRequestThroughRouter()
#58 /var/www/SAAFCECEYT/vendor/laravel/framework/src/Illuminate/Foundation/Application.php(1190): Illuminate\\Foundation\\Http\\Kernel->handle()
#59 /var/www/SAAFCECEYT/public/index.php(17): Illuminate\\Foundation\\Application->handleRequest()
#60 {main}
"} 
[2025-08-23 18:15:23] local.ERROR: SQLSTATE[HY000] [1698] Access denied for user 'root'@'localhost' (Connection: mysql, SQL: select * from `sessions` where `id` = pQg1l6tTycFsXT1s3yfXI2U7Iph9Gi0plFD8CpVI limit 1) {"exception":"[object] (Illuminate\\Database\\QueryException(code: 1698): SQLSTATE[HY000] [1698] Access denied for user 'root'@'localhost' (Connection: mysql, SQL: select * from `sessions` where `id` = pQg1l6tTycFsXT1s3yfXI2U7Iph9Gi0plFD8CpVI limit 1) at /var/www/SAAFCECEYT/vendor/laravel/framework/src/Illuminate/Database/Connection.php:825)
[stacktrace]
#0 /var/www/SAAFCECEYT/vendor/laravel/framework/src/Illuminate/Database/Connection.php(779): Illuminate\\Database\\Connection->runQueryCallback()
#1 /var/www/SAAFCECEYT/vendor/laravel/framework/src/Illuminate/Database/Connection.php(398): Illuminate\\Database\\Connection->run()
#2 /var/www/SAAFCECEYT/vendor/laravel/framework/src/Illuminate/Database/Query/Builder.php(3133): Illuminate\\Database\\Connection->select()
#3 /var/www/SAAFCECEYT/vendor/laravel/framework/src/Illuminate/Database/Query/Builder.php(3118): Illuminate\\Database\\Query\\Builder->runSelect()
#4 /var/www/SAAFCECEYT/vendor/laravel/framework/src/Illuminate/Database/Query/Builder.php(3706): Illuminate\\Database\\Query\\Builder->Illuminate\\Database\\Query\\{closure}()
#5 /var/www/SAAFCECEYT/vendor/laravel/framework/src/Illuminate/Database/Query/Builder.php(3117): Illuminate\\Database\\Query\\Builder->onceWithColumns()
#6 /var/www/SAAFCECEYT/vendor/laravel/framework/src/Illuminate/Database/Concerns/BuildsQueries.php(344): Illuminate\\Database\\Query\\Builder->get()
#7 /var/www/SAAFCECEYT/vendor/laravel/framework/src/Illuminate/Database/Query/Builder.php(3038): Illuminate\\Database\\Query\\Builder->first()
#8 /var/www/SAAFCECEYT/vendor/laravel/framework/src/Illuminate/Session/DatabaseSessionHandler.php(97): Illuminate\\Database\\Query\\Builder->find()
#9 /var/www/SAAFCECEYT/vendor/laravel/framework/src/Illuminate/Session/Store.php(113): Illuminate\\Session\\DatabaseSessionHandler->read()
#10 /var/www/SAAFCECEYT/vendor/laravel/framework/src/Illuminate/Session/Store.php(101): Illuminate\\Session\\Store->readFromHandler()
#11 /var/www/SAAFCECEYT/vendor/laravel/framework/src/Illuminate/Session/Store.php(85): Illuminate\\Session\\Store->loadSession()
#12 /var/www/SAAFCECEYT/vendor/laravel/framework/src/Illuminate/Session/Middleware/StartSession.php(147): Illuminate\\Session\\Store->start()
#13 /var/www/SAAFCECEYT/vendor/laravel/framework/src/Illuminate/Support/helpers.php(393): Illuminate\\Session\\Middleware\\StartSession->Illuminate\\Session\\Middleware\\{closure}()
#14 /var/www/SAAFCECEYT/vendor/laravel/framework/src/Illuminate/Session/Middleware/StartSession.php(144): tap()
#15 /var/www/SAAFCECEYT/vendor/laravel/framework/src/Illuminate/Session/Middleware/StartSession.php(116): Illuminate\\Session\\Middleware\\StartSession->startSession()
#16 /var/www/SAAFCECEYT/vendor/laravel/framework/src/Illuminate/Session/Middleware/StartSession.php(64): Illuminate\\Session\\Middleware\\StartSession->handleStatefulRequest()
#17 /var/www/SAAFCECEYT/vendor/laravel/framework/src/Illuminate/Pipeline/Pipeline.php(183): Illuminate\\Session\\Middleware\\StartSession->handle()
#18 /var/www/SAAFCECEYT/vendor/laravel/framework/src/Illuminate/Cookie/Middleware/AddQueuedCookiesToResponse.php(37): Illuminate\\Pipeline\\Pipeline->Illuminate\\Pipeline\\{closure}()
#19 /var/www/SAAFCECEYT/vendor/laravel/framework/src/Illuminate/Pipeline/Pipeline.php(183): Illuminate\\Cookie\\Middleware\\AddQueuedCookiesToResponse->handle()
#20 /var/www/SAAFCECEYT/vendor/laravel/framework/src/Illuminate/Cookie/Middleware/EncryptCookies.php(75): Illuminate\\Pipeline\\Pipeline->Illuminate\\Pipeline\\{closure}()
#21 /var/www/SAAFCECEYT/vendor/laravel/framework/src/Illuminate/Pipeline/Pipeline.php(183): Illuminate\\Cookie\\Middleware\\EncryptCookies->handle()
#22 /var/www/SAAFCECEYT/vendor/laravel/framework/src/Illuminate/Pipeline/Pipeline.php(119): Illuminate\\Pipeline\\Pipeline->Illuminate\\Pipeline\\{closure}()
#23 /var/www/SAAFCECEYT/vendor/laravel/framework/src/Illuminate/Routing/Router.php(807): Illuminate\\Pipeline\\Pipeline->then()
#24 /var/www/SAAFCECEYT/vendor/laravel/framework/src/Illuminate/Routing/Router.php(786): Illuminate\\Routing\\Router->runRouteWithinStack()
#25 /var/www/SAAFCECEYT/vendor/laravel/framework/src/Illuminate/Routing/Router.php(750): Illuminate\\Routing\\Router->runRoute()
#26 /var/www/SAAFCECEYT/vendor/laravel/framework/src/Illuminate/Routing/Router.php(739): Illuminate\\Routing\\Router->dispatchToRoute()
#27 /var/www/SAAFCECEYT/vendor/laravel/framework/src/Illuminate/Foundation/Http/Kernel.php(201): Illuminate\\Routing\\Router->dispatch()
#28 /var/www/SAAFCECEYT/vendor/laravel/framework/src/Illuminate/Pipeline/Pipeline.php(144): Illuminate\\Foundation\\Http\\Kernel->Illuminate\\Foundation\\Http\\{closure}()
#29 /var/www/SAAFCECEYT/vendor/laravel/framework/src/Illuminate/Foundation/Http/Middleware/TransformsRequest.php(21): Illuminate\\Pipeline\\Pipeline->Illuminate\\Pipeline\\{closure}()
#30 /var/www/SAAFCECEYT/vendor/laravel/framework/src/Illuminate/Foundation/Http/Middleware/ConvertEmptyStringsToNull.php(31): Illuminate\\Foundation\\Http\\Middleware\\TransformsRequest->handle()
#31 /var/www/SAAFCECEYT/vendor/laravel/framework/src/Illuminate/Pipeline/Pipeline.php(183): Illuminate\\Foundation\\Http\\Middleware\\ConvertEmptyStringsToNull->handle()
#32 /var/www/SAAFCECEYT/vendor/laravel/framework/src/Illuminate/Foundation/Http/Middleware/TransformsRequest.php(21): Illuminate\\Pipeline\\Pipeline->Illuminate\\Pipeline\\{closure}()
#33 /var/www/SAAFCECEYT/vendor/laravel/framework/src/Illuminate/Foundation/Http/Middleware/TrimStrings.php(51): Illuminate\\Foundation\\Http\\Middleware\\TransformsRequest->handle()
#34 /var/www/SAAFCECEYT/vendor/laravel/framework/src/Illuminate/Pipeline/Pipeline.php(183): Illuminate\\Foundation\\Http\\Middleware\\TrimStrings->handle()
#35 /var/www/SAAFCECEYT/vendor/laravel/framework/src/Illuminate/Http/Middleware/ValidatePostSize.php(27): Illuminate\\Pipeline\\Pipeline->Illuminate\\Pipeline\\{closure}()
#36 /var/www/SAAFCECEYT/vendor/laravel/framework/src/Illuminate/Pipeline/Pipeline.php(183): Illuminate\\Http\\Middleware\\ValidatePostSize->handle()
#37 /var/www/SAAFCECEYT/vendor/laravel/framework/src/Illuminate/Foundation/Http/Middleware/PreventRequestsDuringMaintenance.php(110): Illuminate\\Pipeline\\Pipeline->Illuminate\\Pipeline\\{closure}()
#38 /var/www/SAAFCECEYT/vendor/laravel/framework/src/Illuminate/Pipeline/Pipeline.php(183): Illuminate\\Foundation\\Http\\Middleware\\PreventRequestsDuringMaintenance->handle()
#39 /var/www/SAAFCECEYT/vendor/laravel/framework/src/Illuminate/Http/Middleware/HandleCors.php(49): Illuminate\\Pipeline\\Pipeline->Illuminate\\Pipeline\\{closure}()
#40 /var/www/SAAFCECEYT/vendor/laravel/framework/src/Illuminate/Pipeline/Pipeline.php(183): Illuminate\\Http\\Middleware\\HandleCors->handle()
#41 /var/www/SAAFCECEYT/vendor/laravel/framework/src/Illuminate/Http/Middleware/TrustProxies.php(58): Illuminate\\Pipeline\\Pipeline->Illuminate\\Pipeline\\{closure}()
#42 /var/www/SAAFCECEYT/vendor/laravel/framework/src/Illuminate/Pipeline/Pipeline.php(183): Illuminate\\Http\\Middleware\\TrustProxies->handle()
#43 /var/www/SAAFCECEYT/vendor/laravel/framework/src/Illuminate/Foundation/Http/Middleware/InvokeDeferredCallbacks.php(22): Illuminate\\Pipeline\\Pipeline->Illuminate\\Pipeline\\{closure}()
#44 /var/www/SAAFCECEYT/vendor/laravel/framework/src/Illuminate/Pipeline/Pipeline.php(183): Illuminate\\Foundation\\Http\\Middleware\\InvokeDeferredCallbacks->handle()
#45 /var/www/SAAFCECEYT/vendor/laravel/framework/src/Illuminate/Pipeline/Pipeline.php(119): Illuminate\\Pipeline\\Pipeline->Illuminate\\Pipeline\\{closure}()
#46 /var/www/SAAFCECEYT/vendor/laravel/framework/src/Illuminate/Foundation/Http/Kernel.php(176): Illuminate\\Pipeline\\Pipeline->then()
#47 /var/www/SAAFCECEYT/vendor/laravel/framework/src/Illuminate/Foundation/Http/Kernel.php(145): Illuminate\\Foundation\\Http\\Kernel->sendRequestThroughRouter()
#48 /var/www/SAAFCECEYT/vendor/laravel/framework/src/Illuminate/Foundation/Application.php(1190): Illuminate\\Foundation\\Http\\Kernel->handle()
#49 /var/www/SAAFCECEYT/public/index.php(17): Illuminate\\Foundation\\Application->handleRequest()
#50 {main}

[previous exception] [object] (PDOException(code: 1698): SQLSTATE[HY000] [1698] Access denied for user 'root'@'localhost' at /var/www/SAAFCECEYT/vendor/laravel/framework/src/Illuminate/Database/Connectors/Connector.php:66)
[stacktrace]
#0 /var/www/SAAFCECEYT/vendor/laravel/framework/src/Illuminate/Database/Connectors/Connector.php(66): PDO->__construct()
#1 /var/www/SAAFCECEYT/vendor/laravel/framework/src/Illuminate/Database/Connectors/Connector.php(44): Illuminate\\Database\\Connectors\\Connector->createPdoConnection()
#2 /var/www/SAAFCECEYT/vendor/laravel/framework/src/Illuminate/Database/Connectors/MySqlConnector.php(24): Illuminate\\Database\\Connectors\\Connector->createConnection()
#3 /var/www/SAAFCECEYT/vendor/laravel/framework/src/Illuminate/Database/Connectors/ConnectionFactory.php(185): Illuminate\\Database\\Connectors\\MySqlConnector->connect()
#4 [internal function]: Illuminate\\Database\\Connectors\\ConnectionFactory->Illuminate\\Database\\Connectors\\{closure}()
#5 /var/www/SAAFCECEYT/vendor/laravel/framework/src/Illuminate/Database/Connection.php(1231): call_user_func()
#6 /var/www/SAAFCECEYT/vendor/laravel/framework/src/Illuminate/Database/Connection.php(1267): Illuminate\\Database\\Connection->getPdo()
#7 /var/www/SAAFCECEYT/vendor/laravel/framework/src/Illuminate/Database/Connection.php(512): Illuminate\\Database\\Connection->getReadPdo()
#8 /var/www/SAAFCECEYT/vendor/laravel/framework/src/Illuminate/Database/Connection.php(407): Illuminate\\Database\\Connection->getPdoForSelect()
#9 /var/www/SAAFCECEYT/vendor/laravel/framework/src/Illuminate/Database/Connection.php(812): Illuminate\\Database\\Connection->Illuminate\\Database\\{closure}()
#10 /var/www/SAAFCECEYT/vendor/laravel/framework/src/Illuminate/Database/Connection.php(779): Illuminate\\Database\\Connection->runQueryCallback()
#11 /var/www/SAAFCECEYT/vendor/laravel/framework/src/Illuminate/Database/Connection.php(398): Illuminate\\Database\\Connection->run()
#12 /var/www/SAAFCECEYT/vendor/laravel/framework/src/Illuminate/Database/Query/Builder.php(3133): Illuminate\\Database\\Connection->select()
#13 /var/www/SAAFCECEYT/vendor/laravel/framework/src/Illuminate/Database/Query/Builder.php(3118): Illuminate\\Database\\Query\\Builder->runSelect()
#14 /var/www/SAAFCECEYT/vendor/laravel/framework/src/Illuminate/Database/Query/Builder.php(3706): Illuminate\\Database\\Query\\Builder->Illuminate\\Database\\Query\\{closure}()
#15 /var/www/SAAFCECEYT/vendor/laravel/framework/src/Illuminate/Database/Query/Builder.php(3117): Illuminate\\Database\\Query\\Builder->onceWithColumns()
#16 /var/www/SAAFCECEYT/vendor/laravel/framework/src/Illuminate/Database/Concerns/BuildsQueries.php(344): Illuminate\\Database\\Query\\Builder->get()
#17 /var/www/SAAFCECEYT/vendor/laravel/framework/src/Illuminate/Database/Query/Builder.php(3038): Illuminate\\Database\\Query\\Builder->first()
#18 /var/www/SAAFCECEYT/vendor/laravel/framework/src/Illuminate/Session/DatabaseSessionHandler.php(97): Illuminate\\Database\\Query\\Builder->find()
#19 /var/www/SAAFCECEYT/vendor/laravel/framework/src/Illuminate/Session/Store.php(113): Illuminate\\Session\\DatabaseSessionHandler->read()
#20 /var/www/SAAFCECEYT/vendor/laravel/framework/src/Illuminate/Session/Store.php(101): Illuminate\\Session\\Store->readFromHandler()
#21 /var/www/SAAFCECEYT/vendor/laravel/framework/src/Illuminate/Session/Store.php(85): Illuminate\\Session\\Store->loadSession()
#22 /var/www/SAAFCECEYT/vendor/laravel/framework/src/Illuminate/Session/Middleware/StartSession.php(147): Illuminate\\Session\\Store->start()
#23 /var/www/SAAFCECEYT/vendor/laravel/framework/src/Illuminate/Support/helpers.php(393): Illuminate\\Session\\Middleware\\StartSession->Illuminate\\Session\\Middleware\\{closure}()
#24 /var/www/SAAFCECEYT/vendor/laravel/framework/src/Illuminate/Session/Middleware/StartSession.php(144): tap()
#25 /var/www/SAAFCECEYT/vendor/laravel/framework/src/Illuminate/Session/Middleware/StartSession.php(116): Illuminate\\Session\\Middleware\\StartSession->startSession()
#26 /var/www/SAAFCECEYT/vendor/laravel/framework/src/Illuminate/Session/Middleware/StartSession.php(64): Illuminate\\Session\\Middleware\\StartSession->handleStatefulRequest()
#27 /var/www/SAAFCECEYT/vendor/laravel/framework/src/Illuminate/Pipeline/Pipeline.php(183): Illuminate\\Session\\Middleware\\StartSession->handle()
#28 /var/www/SAAFCECEYT/vendor/laravel/framework/src/Illuminate/Cookie/Middleware/AddQueuedCookiesToResponse.php(37): Illuminate\\Pipeline\\Pipeline->Illuminate\\Pipeline\\{closure}()
#29 /var/www/SAAFCECEYT/vendor/laravel/framework/src/Illuminate/Pipeline/Pipeline.php(183): Illuminate\\Cookie\\Middleware\\AddQueuedCookiesToResponse->handle()
#30 /var/www/SAAFCECEYT/vendor/laravel/framework/src/Illuminate/Cookie/Middleware/EncryptCookies.php(75): Illuminate\\Pipeline\\Pipeline->Illuminate\\Pipeline\\{closure}()
#31 /var/www/SAAFCECEYT/vendor/laravel/framework/src/Illuminate/Pipeline/Pipeline.php(183): Illuminate\\Cookie\\Middleware\\EncryptCookies->handle()
#32 /var/www/SAAFCECEYT/vendor/laravel/framework/src/Illuminate/Pipeline/Pipeline.php(119): Illuminate\\Pipeline\\Pipeline->Illuminate\\Pipeline\\{closure}()
#33 /var/www/SAAFCECEYT/vendor/laravel/framework/src/Illuminate/Routing/Router.php(807): Illuminate\\Pipeline\\Pipeline->then()
#34 /var/www/SAAFCECEYT/vendor/laravel/framework/src/Illuminate/Routing/Router.php(786): Illuminate\\Routing\\Router->runRouteWithinStack()
#35 /var/www/SAAFCECEYT/vendor/laravel/framework/src/Illuminate/Routing/Router.php(750): Illuminate\\Routing\\Router->runRoute()
#36 /var/www/SAAFCECEYT/vendor/laravel/framework/src/Illuminate/Routing/Router.php(739): Illuminate\\Routing\\Router->dispatchToRoute()
#37 /var/www/SAAFCECEYT/vendor/laravel/framework/src/Illuminate/Foundation/Http/Kernel.php(201): Illuminate\\Routing\\Router->dispatch()
#38 /var/www/SAAFCECEYT/vendor/laravel/framework/src/Illuminate/Pipeline/Pipeline.php(144): Illuminate\\Foundation\\Http\\Kernel->Illuminate\\Foundation\\Http\\{closure}()
#39 /var/www/SAAFCECEYT/vendor/laravel/framework/src/Illuminate/Foundation/Http/Middleware/TransformsRequest.php(21): Illuminate\\Pipeline\\Pipeline->Illuminate\\Pipeline\\{closure}()
#40 /var/www/SAAFCECEYT/vendor/laravel/framework/src/Illuminate/Foundation/Http/Middleware/ConvertEmptyStringsToNull.php(31): Illuminate\\Foundation\\Http\\Middleware\\TransformsRequest->handle()
#41 /var/www/SAAFCECEYT/vendor/laravel/framework/src/Illuminate/Pipeline/Pipeline.php(183): Illuminate\\Foundation\\Http\\Middleware\\ConvertEmptyStringsToNull->handle()
#42 /var/www/SAAFCECEYT/vendor/laravel/framework/src/Illuminate/Foundation/Http/Middleware/TransformsRequest.php(21): Illuminate\\Pipeline\\Pipeline->Illuminate\\Pipeline\\{closure}()
#43 /var/www/SAAFCECEYT/vendor/laravel/framework/src/Illuminate/Foundation/Http/Middleware/TrimStrings.php(51): Illuminate\\Foundation\\Http\\Middleware\\TransformsRequest->handle()
#44 /var/www/SAAFCECEYT/vendor/laravel/framework/src/Illuminate/Pipeline/Pipeline.php(183): Illuminate\\Foundation\\Http\\Middleware\\TrimStrings->handle()
#45 /var/www/SAAFCECEYT/vendor/laravel/framework/src/Illuminate/Http/Middleware/ValidatePostSize.php(27): Illuminate\\Pipeline\\Pipeline->Illuminate\\Pipeline\\{closure}()
#46 /var/www/SAAFCECEYT/vendor/laravel/framework/src/Illuminate/Pipeline/Pipeline.php(183): Illuminate\\Http\\Middleware\\ValidatePostSize->handle()
#47 /var/www/SAAFCECEYT/vendor/laravel/framework/src/Illuminate/Foundation/Http/Middleware/PreventRequestsDuringMaintenance.php(110): Illuminate\\Pipeline\\Pipeline->Illuminate\\Pipeline\\{closure}()
#48 /var/www/SAAFCECEYT/vendor/laravel/framework/src/Illuminate/Pipeline/Pipeline.php(183): Illuminate\\Foundation\\Http\\Middleware\\PreventRequestsDuringMaintenance->handle()
#49 /var/www/SAAFCECEYT/vendor/laravel/framework/src/Illuminate/Http/Middleware/HandleCors.php(49): Illuminate\\Pipeline\\Pipeline->Illuminate\\Pipeline\\{closure}()
#50 /var/www/SAAFCECEYT/vendor/laravel/framework/src/Illuminate/Pipeline/Pipeline.php(183): Illuminate\\Http\\Middleware\\HandleCors->handle()
#51 /var/www/SAAFCECEYT/vendor/laravel/framework/src/Illuminate/Http/Middleware/TrustProxies.php(58): Illuminate\\Pipeline\\Pipeline->Illuminate\\Pipeline\\{closure}()
#52 /var/www/SAAFCECEYT/vendor/laravel/framework/src/Illuminate/Pipeline/Pipeline.php(183): Illuminate\\Http\\Middleware\\TrustProxies->handle()
#53 /var/www/SAAFCECEYT/vendor/laravel/framework/src/Illuminate/Foundation/Http/Middleware/InvokeDeferredCallbacks.php(22): Illuminate\\Pipeline\\Pipeline->Illuminate\\Pipeline\\{closure}()
#54 /var/www/SAAFCECEYT/vendor/laravel/framework/src/Illuminate/Pipeline/Pipeline.php(183): Illuminate\\Foundation\\Http\\Middleware\\InvokeDeferredCallbacks->handle()
#55 /var/www/SAAFCECEYT/vendor/laravel/framework/src/Illuminate/Pipeline/Pipeline.php(119): Illuminate\\Pipeline\\Pipeline->Illuminate\\Pipeline\\{closure}()
#56 /var/www/SAAFCECEYT/vendor/laravel/framework/src/Illuminate/Foundation/Http/Kernel.php(176): Illuminate\\Pipeline\\Pipeline->then()
#57 /var/www/SAAFCECEYT/vendor/laravel/framework/src/Illuminate/Foundation/Http/Kernel.php(145): Illuminate\\Foundation\\Http\\Kernel->sendRequestThroughRouter()
#58 /var/www/SAAFCECEYT/vendor/laravel/framework/src/Illuminate/Foundation/Application.php(1190): Illuminate\\Foundation\\Http\\Kernel->handle()
#59 /var/www/SAAFCECEYT/public/index.php(17): Illuminate\\Foundation\\Application->handleRequest()
#60 {main}
"} 
[2025-08-23 18:15:26] local.ERROR: SQLSTATE[HY000] [1698] Access denied for user 'root'@'localhost' (Connection: mysql, SQL: select * from `sessions` where `id` = 5VmWqMjpGyVDb6xLoARR7BwvJLdznr51H9hygEWF limit 1) {"exception":"[object] (Illuminate\\Database\\QueryException(code: 1698): SQLSTATE[HY000] [1698] Access denied for user 'root'@'localhost' (Connection: mysql, SQL: select * from `sessions` where `id` = 5VmWqMjpGyVDb6xLoARR7BwvJLdznr51H9hygEWF limit 1) at /var/www/SAAFCECEYT/vendor/laravel/framework/src/Illuminate/Database/Connection.php:825)
[stacktrace]
#0 /var/www/SAAFCECEYT/vendor/laravel/framework/src/Illuminate/Database/Connection.php(779): Illuminate\\Database\\Connection->runQueryCallback()
#1 /var/www/SAAFCECEYT/vendor/laravel/framework/src/Illuminate/Database/Connection.php(398): Illuminate\\Database\\Connection->run()
#2 /var/www/SAAFCECEYT/vendor/laravel/framework/src/Illuminate/Database/Query/Builder.php(3133): Illuminate\\Database\\Connection->select()
#3 /var/www/SAAFCECEYT/vendor/laravel/framework/src/Illuminate/Database/Query/Builder.php(3118): Illuminate\\Database\\Query\\Builder->runSelect()
#4 /var/www/SAAFCECEYT/vendor/laravel/framework/src/Illuminate/Database/Query/Builder.php(3706): Illuminate\\Database\\Query\\Builder->Illuminate\\Database\\Query\\{closure}()
#5 /var/www/SAAFCECEYT/vendor/laravel/framework/src/Illuminate/Database/Query/Builder.php(3117): Illuminate\\Database\\Query\\Builder->onceWithColumns()
#6 /var/www/SAAFCECEYT/vendor/laravel/framework/src/Illuminate/Database/Concerns/BuildsQueries.php(344): Illuminate\\Database\\Query\\Builder->get()
#7 /var/www/SAAFCECEYT/vendor/laravel/framework/src/Illuminate/Database/Query/Builder.php(3038): Illuminate\\Database\\Query\\Builder->first()
#8 /var/www/SAAFCECEYT/vendor/laravel/framework/src/Illuminate/Session/DatabaseSessionHandler.php(97): Illuminate\\Database\\Query\\Builder->find()
#9 /var/www/SAAFCECEYT/vendor/laravel/framework/src/Illuminate/Session/Store.php(113): Illuminate\\Session\\DatabaseSessionHandler->read()
#10 /var/www/SAAFCECEYT/vendor/laravel/framework/src/Illuminate/Session/Store.php(101): Illuminate\\Session\\Store->readFromHandler()
#11 /var/www/SAAFCECEYT/vendor/laravel/framework/src/Illuminate/Session/Store.php(85): Illuminate\\Session\\Store->loadSession()
#12 /var/www/SAAFCECEYT/vendor/laravel/framework/src/Illuminate/Session/Middleware/StartSession.php(147): Illuminate\\Session\\Store->start()
#13 /var/www/SAAFCECEYT/vendor/laravel/framework/src/Illuminate/Support/helpers.php(393): Illuminate\\Session\\Middleware\\StartSession->Illuminate\\Session\\Middleware\\{closure}()
#14 /var/www/SAAFCECEYT/vendor/laravel/framework/src/Illuminate/Session/Middleware/StartSession.php(144): tap()
#15 /var/www/SAAFCECEYT/vendor/laravel/framework/src/Illuminate/Session/Middleware/StartSession.php(116): Illuminate\\Session\\Middleware\\StartSession->startSession()
#16 /var/www/SAAFCECEYT/vendor/laravel/framework/src/Illuminate/Session/Middleware/StartSession.php(64): Illuminate\\Session\\Middleware\\StartSession->handleStatefulRequest()
#17 /var/www/SAAFCECEYT/vendor/laravel/framework/src/Illuminate/Pipeline/Pipeline.php(183): Illuminate\\Session\\Middleware\\StartSession->handle()
#18 /var/www/SAAFCECEYT/vendor/laravel/framework/src/Illuminate/Cookie/Middleware/AddQueuedCookiesToResponse.php(37): Illuminate\\Pipeline\\Pipeline->Illuminate\\Pipeline\\{closure}()
#19 /var/www/SAAFCECEYT/vendor/laravel/framework/src/Illuminate/Pipeline/Pipeline.php(183): Illuminate\\Cookie\\Middleware\\AddQueuedCookiesToResponse->handle()
#20 /var/www/SAAFCECEYT/vendor/laravel/framework/src/Illuminate/Cookie/Middleware/EncryptCookies.php(75): Illuminate\\Pipeline\\Pipeline->Illuminate\\Pipeline\\{closure}()
#21 /var/www/SAAFCECEYT/vendor/laravel/framework/src/Illuminate/Pipeline/Pipeline.php(183): Illuminate\\Cookie\\Middleware\\EncryptCookies->handle()
#22 /var/www/SAAFCECEYT/vendor/laravel/framework/src/Illuminate/Pipeline/Pipeline.php(119): Illuminate\\Pipeline\\Pipeline->Illuminate\\Pipeline\\{closure}()
#23 /var/www/SAAFCECEYT/vendor/laravel/framework/src/Illuminate/Routing/Router.php(807): Illuminate\\Pipeline\\Pipeline->then()
#24 /var/www/SAAFCECEYT/vendor/laravel/framework/src/Illuminate/Routing/Router.php(786): Illuminate\\Routing\\Router->runRouteWithinStack()
#25 /var/www/SAAFCECEYT/vendor/laravel/framework/src/Illuminate/Routing/Router.php(750): Illuminate\\Routing\\Router->runRoute()
#26 /var/www/SAAFCECEYT/vendor/laravel/framework/src/Illuminate/Routing/Router.php(739): Illuminate\\Routing\\Router->dispatchToRoute()
#27 /var/www/SAAFCECEYT/vendor/laravel/framework/src/Illuminate/Foundation/Http/Kernel.php(201): Illuminate\\Routing\\Router->dispatch()
#28 /var/www/SAAFCECEYT/vendor/laravel/framework/src/Illuminate/Pipeline/Pipeline.php(144): Illuminate\\Foundation\\Http\\Kernel->Illuminate\\Foundation\\Http\\{closure}()
#29 /var/www/SAAFCECEYT/vendor/laravel/framework/src/Illuminate/Foundation/Http/Middleware/TransformsRequest.php(21): Illuminate\\Pipeline\\Pipeline->Illuminate\\Pipeline\\{closure}()
#30 /var/www/SAAFCECEYT/vendor/laravel/framework/src/Illuminate/Foundation/Http/Middleware/ConvertEmptyStringsToNull.php(31): Illuminate\\Foundation\\Http\\Middleware\\TransformsRequest->handle()
#31 /var/www/SAAFCECEYT/vendor/laravel/framework/src/Illuminate/Pipeline/Pipeline.php(183): Illuminate\\Foundation\\Http\\Middleware\\ConvertEmptyStringsToNull->handle()
#32 /var/www/SAAFCECEYT/vendor/laravel/framework/src/Illuminate/Foundation/Http/Middleware/TransformsRequest.php(21): Illuminate\\Pipeline\\Pipeline->Illuminate\\Pipeline\\{closure}()
#33 /var/www/SAAFCECEYT/vendor/laravel/framework/src/Illuminate/Foundation/Http/Middleware/TrimStrings.php(51): Illuminate\\Foundation\\Http\\Middleware\\TransformsRequest->handle()
#34 /var/www/SAAFCECEYT/vendor/laravel/framework/src/Illuminate/Pipeline/Pipeline.php(183): Illuminate\\Foundation\\Http\\Middleware\\TrimStrings->handle()
#35 /var/www/SAAFCECEYT/vendor/laravel/framework/src/Illuminate/Http/Middleware/ValidatePostSize.php(27): Illuminate\\Pipeline\\Pipeline->Illuminate\\Pipeline\\{closure}()
#36 /var/www/SAAFCECEYT/vendor/laravel/framework/src/Illuminate/Pipeline/Pipeline.php(183): Illuminate\\Http\\Middleware\\ValidatePostSize->handle()
#37 /var/www/SAAFCECEYT/vendor/laravel/framework/src/Illuminate/Foundation/Http/Middleware/PreventRequestsDuringMaintenance.php(110): Illuminate\\Pipeline\\Pipeline->Illuminate\\Pipeline\\{closure}()
#38 /var/www/SAAFCECEYT/vendor/laravel/framework/src/Illuminate/Pipeline/Pipeline.php(183): Illuminate\\Foundation\\Http\\Middleware\\PreventRequestsDuringMaintenance->handle()
#39 /var/www/SAAFCECEYT/vendor/laravel/framework/src/Illuminate/Http/Middleware/HandleCors.php(49): Illuminate\\Pipeline\\Pipeline->Illuminate\\Pipeline\\{closure}()
#40 /var/www/SAAFCECEYT/vendor/laravel/framework/src/Illuminate/Pipeline/Pipeline.php(183): Illuminate\\Http\\Middleware\\HandleCors->handle()
#41 /var/www/SAAFCECEYT/vendor/laravel/framework/src/Illuminate/Http/Middleware/TrustProxies.php(58): Illuminate\\Pipeline\\Pipeline->Illuminate\\Pipeline\\{closure}()
#42 /var/www/SAAFCECEYT/vendor/laravel/framework/src/Illuminate/Pipeline/Pipeline.php(183): Illuminate\\Http\\Middleware\\TrustProxies->handle()
#43 /var/www/SAAFCECEYT/vendor/laravel/framework/src/Illuminate/Foundation/Http/Middleware/InvokeDeferredCallbacks.php(22): Illuminate\\Pipeline\\Pipeline->Illuminate\\Pipeline\\{closure}()
#44 /var/www/SAAFCECEYT/vendor/laravel/framework/src/Illuminate/Pipeline/Pipeline.php(183): Illuminate\\Foundation\\Http\\Middleware\\InvokeDeferredCallbacks->handle()
#45 /var/www/SAAFCECEYT/vendor/laravel/framework/src/Illuminate/Pipeline/Pipeline.php(119): Illuminate\\Pipeline\\Pipeline->Illuminate\\Pipeline\\{closure}()
#46 /var/www/SAAFCECEYT/vendor/laravel/framework/src/Illuminate/Foundation/Http/Kernel.php(176): Illuminate\\Pipeline\\Pipeline->then()
#47 /var/www/SAAFCECEYT/vendor/laravel/framework/src/Illuminate/Foundation/Http/Kernel.php(145): Illuminate\\Foundation\\Http\\Kernel->sendRequestThroughRouter()
#48 /var/www/SAAFCECEYT/vendor/laravel/framework/src/Illuminate/Foundation/Application.php(1190): Illuminate\\Foundation\\Http\\Kernel->handle()
#49 /var/www/SAAFCECEYT/public/index.php(17): Illuminate\\Foundation\\Application->handleRequest()
#50 {main}

[previous exception] [object] (PDOException(code: 1698): SQLSTATE[HY000] [1698] Access denied for user 'root'@'localhost' at /var/www/SAAFCECEYT/vendor/laravel/framework/src/Illuminate/Database/Connectors/Connector.php:66)
[stacktrace]
#0 /var/www/SAAFCECEYT/vendor/laravel/framework/src/Illuminate/Database/Connectors/Connector.php(66): PDO->__construct()
#1 /var/www/SAAFCECEYT/vendor/laravel/framework/src/Illuminate/Database/Connectors/Connector.php(44): Illuminate\\Database\\Connectors\\Connector->createPdoConnection()
#2 /var/www/SAAFCECEYT/vendor/laravel/framework/src/Illuminate/Database/Connectors/MySqlConnector.php(24): Illuminate\\Database\\Connectors\\Connector->createConnection()
#3 /var/www/SAAFCECEYT/vendor/laravel/framework/src/Illuminate/Database/Connectors/ConnectionFactory.php(185): Illuminate\\Database\\Connectors\\MySqlConnector->connect()
#4 [internal function]: Illuminate\\Database\\Connectors\\ConnectionFactory->Illuminate\\Database\\Connectors\\{closure}()
#5 /var/www/SAAFCECEYT/vendor/laravel/framework/src/Illuminate/Database/Connection.php(1231): call_user_func()
#6 /var/www/SAAFCECEYT/vendor/laravel/framework/src/Illuminate/Database/Connection.php(1267): Illuminate\\Database\\Connection->getPdo()
#7 /var/www/SAAFCECEYT/vendor/laravel/framework/src/Illuminate/Database/Connection.php(512): Illuminate\\Database\\Connection->getReadPdo()
#8 /var/www/SAAFCECEYT/vendor/laravel/framework/src/Illuminate/Database/Connection.php(407): Illuminate\\Database\\Connection->getPdoForSelect()
#9 /var/www/SAAFCECEYT/vendor/laravel/framework/src/Illuminate/Database/Connection.php(812): Illuminate\\Database\\Connection->Illuminate\\Database\\{closure}()
#10 /var/www/SAAFCECEYT/vendor/laravel/framework/src/Illuminate/Database/Connection.php(779): Illuminate\\Database\\Connection->runQueryCallback()
#11 /var/www/SAAFCECEYT/vendor/laravel/framework/src/Illuminate/Database/Connection.php(398): Illuminate\\Database\\Connection->run()
#12 /var/www/SAAFCECEYT/vendor/laravel/framework/src/Illuminate/Database/Query/Builder.php(3133): Illuminate\\Database\\Connection->select()
#13 /var/www/SAAFCECEYT/vendor/laravel/framework/src/Illuminate/Database/Query/Builder.php(3118): Illuminate\\Database\\Query\\Builder->runSelect()
#14 /var/www/SAAFCECEYT/vendor/laravel/framework/src/Illuminate/Database/Query/Builder.php(3706): Illuminate\\Database\\Query\\Builder->Illuminate\\Database\\Query\\{closure}()
#15 /var/www/SAAFCECEYT/vendor/laravel/framework/src/Illuminate/Database/Query/Builder.php(3117): Illuminate\\Database\\Query\\Builder->onceWithColumns()
#16 /var/www/SAAFCECEYT/vendor/laravel/framework/src/Illuminate/Database/Concerns/BuildsQueries.php(344): Illuminate\\Database\\Query\\Builder->get()
#17 /var/www/SAAFCECEYT/vendor/laravel/framework/src/Illuminate/Database/Query/Builder.php(3038): Illuminate\\Database\\Query\\Builder->first()
#18 /var/www/SAAFCECEYT/vendor/laravel/framework/src/Illuminate/Session/DatabaseSessionHandler.php(97): Illuminate\\Database\\Query\\Builder->find()
#19 /var/www/SAAFCECEYT/vendor/laravel/framework/src/Illuminate/Session/Store.php(113): Illuminate\\Session\\DatabaseSessionHandler->read()
#20 /var/www/SAAFCECEYT/vendor/laravel/framework/src/Illuminate/Session/Store.php(101): Illuminate\\Session\\Store->readFromHandler()
#21 /var/www/SAAFCECEYT/vendor/laravel/framework/src/Illuminate/Session/Store.php(85): Illuminate\\Session\\Store->loadSession()
#22 /var/www/SAAFCECEYT/vendor/laravel/framework/src/Illuminate/Session/Middleware/StartSession.php(147): Illuminate\\Session\\Store->start()
#23 /var/www/SAAFCECEYT/vendor/laravel/framework/src/Illuminate/Support/helpers.php(393): Illuminate\\Session\\Middleware\\StartSession->Illuminate\\Session\\Middleware\\{closure}()
#24 /var/www/SAAFCECEYT/vendor/laravel/framework/src/Illuminate/Session/Middleware/StartSession.php(144): tap()
#25 /var/www/SAAFCECEYT/vendor/laravel/framework/src/Illuminate/Session/Middleware/StartSession.php(116): Illuminate\\Session\\Middleware\\StartSession->startSession()
#26 /var/www/SAAFCECEYT/vendor/laravel/framework/src/Illuminate/Session/Middleware/StartSession.php(64): Illuminate\\Session\\Middleware\\StartSession->handleStatefulRequest()
#27 /var/www/SAAFCECEYT/vendor/laravel/framework/src/Illuminate/Pipeline/Pipeline.php(183): Illuminate\\Session\\Middleware\\StartSession->handle()
#28 /var/www/SAAFCECEYT/vendor/laravel/framework/src/Illuminate/Cookie/Middleware/AddQueuedCookiesToResponse.php(37): Illuminate\\Pipeline\\Pipeline->Illuminate\\Pipeline\\{closure}()
#29 /var/www/SAAFCECEYT/vendor/laravel/framework/src/Illuminate/Pipeline/Pipeline.php(183): Illuminate\\Cookie\\Middleware\\AddQueuedCookiesToResponse->handle()
#30 /var/www/SAAFCECEYT/vendor/laravel/framework/src/Illuminate/Cookie/Middleware/EncryptCookies.php(75): Illuminate\\Pipeline\\Pipeline->Illuminate\\Pipeline\\{closure}()
#31 /var/www/SAAFCECEYT/vendor/laravel/framework/src/Illuminate/Pipeline/Pipeline.php(183): Illuminate\\Cookie\\Middleware\\EncryptCookies->handle()
#32 /var/www/SAAFCECEYT/vendor/laravel/framework/src/Illuminate/Pipeline/Pipeline.php(119): Illuminate\\Pipeline\\Pipeline->Illuminate\\Pipeline\\{closure}()
#33 /var/www/SAAFCECEYT/vendor/laravel/framework/src/Illuminate/Routing/Router.php(807): Illuminate\\Pipeline\\Pipeline->then()
#34 /var/www/SAAFCECEYT/vendor/laravel/framework/src/Illuminate/Routing/Router.php(786): Illuminate\\Routing\\Router->runRouteWithinStack()
#35 /var/www/SAAFCECEYT/vendor/laravel/framework/src/Illuminate/Routing/Router.php(750): Illuminate\\Routing\\Router->runRoute()
#36 /var/www/SAAFCECEYT/vendor/laravel/framework/src/Illuminate/Routing/Router.php(739): Illuminate\\Routing\\Router->dispatchToRoute()
#37 /var/www/SAAFCECEYT/vendor/laravel/framework/src/Illuminate/Foundation/Http/Kernel.php(201): Illuminate\\Routing\\Router->dispatch()
#38 /var/www/SAAFCECEYT/vendor/laravel/framework/src/Illuminate/Pipeline/Pipeline.php(144): Illuminate\\Foundation\\Http\\Kernel->Illuminate\\Foundation\\Http\\{closure}()
#39 /var/www/SAAFCECEYT/vendor/laravel/framework/src/Illuminate/Foundation/Http/Middleware/TransformsRequest.php(21): Illuminate\\Pipeline\\Pipeline->Illuminate\\Pipeline\\{closure}()
#40 /var/www/SAAFCECEYT/vendor/laravel/framework/src/Illuminate/Foundation/Http/Middleware/ConvertEmptyStringsToNull.php(31): Illuminate\\Foundation\\Http\\Middleware\\TransformsRequest->handle()
#41 /var/www/SAAFCECEYT/vendor/laravel/framework/src/Illuminate/Pipeline/Pipeline.php(183): Illuminate\\Foundation\\Http\\Middleware\\ConvertEmptyStringsToNull->handle()
#42 /var/www/SAAFCECEYT/vendor/laravel/framework/src/Illuminate/Foundation/Http/Middleware/TransformsRequest.php(21): Illuminate\\Pipeline\\Pipeline->Illuminate\\Pipeline\\{closure}()
#43 /var/www/SAAFCECEYT/vendor/laravel/framework/src/Illuminate/Foundation/Http/Middleware/TrimStrings.php(51): Illuminate\\Foundation\\Http\\Middleware\\TransformsRequest->handle()
#44 /var/www/SAAFCECEYT/vendor/laravel/framework/src/Illuminate/Pipeline/Pipeline.php(183): Illuminate\\Foundation\\Http\\Middleware\\TrimStrings->handle()
#45 /var/www/SAAFCECEYT/vendor/laravel/framework/src/Illuminate/Http/Middleware/ValidatePostSize.php(27): Illuminate\\Pipeline\\Pipeline->Illuminate\\Pipeline\\{closure}()
#46 /var/www/SAAFCECEYT/vendor/laravel/framework/src/Illuminate/Pipeline/Pipeline.php(183): Illuminate\\Http\\Middleware\\ValidatePostSize->handle()
#47 /var/www/SAAFCECEYT/vendor/laravel/framework/src/Illuminate/Foundation/Http/Middleware/PreventRequestsDuringMaintenance.php(110): Illuminate\\Pipeline\\Pipeline->Illuminate\\Pipeline\\{closure}()
#48 /var/www/SAAFCECEYT/vendor/laravel/framework/src/Illuminate/Pipeline/Pipeline.php(183): Illuminate\\Foundation\\Http\\Middleware\\PreventRequestsDuringMaintenance->handle()
#49 /var/www/SAAFCECEYT/vendor/laravel/framework/src/Illuminate/Http/Middleware/HandleCors.php(49): Illuminate\\Pipeline\\Pipeline->Illuminate\\Pipeline\\{closure}()
#50 /var/www/SAAFCECEYT/vendor/laravel/framework/src/Illuminate/Pipeline/Pipeline.php(183): Illuminate\\Http\\Middleware\\HandleCors->handle()
#51 /var/www/SAAFCECEYT/vendor/laravel/framework/src/Illuminate/Http/Middleware/TrustProxies.php(58): Illuminate\\Pipeline\\Pipeline->Illuminate\\Pipeline\\{closure}()
#52 /var/www/SAAFCECEYT/vendor/laravel/framework/src/Illuminate/Pipeline/Pipeline.php(183): Illuminate\\Http\\Middleware\\TrustProxies->handle()
#53 /var/www/SAAFCECEYT/vendor/laravel/framework/src/Illuminate/Foundation/Http/Middleware/InvokeDeferredCallbacks.php(22): Illuminate\\Pipeline\\Pipeline->Illuminate\\Pipeline\\{closure}()
#54 /var/www/SAAFCECEYT/vendor/laravel/framework/src/Illuminate/Pipeline/Pipeline.php(183): Illuminate\\Foundation\\Http\\Middleware\\InvokeDeferredCallbacks->handle()
#55 /var/www/SAAFCECEYT/vendor/laravel/framework/src/Illuminate/Pipeline/Pipeline.php(119): Illuminate\\Pipeline\\Pipeline->Illuminate\\Pipeline\\{closure}()
#56 /var/www/SAAFCECEYT/vendor/laravel/framework/src/Illuminate/Foundation/Http/Kernel.php(176): Illuminate\\Pipeline\\Pipeline->then()
#57 /var/www/SAAFCECEYT/vendor/laravel/framework/src/Illuminate/Foundation/Http/Kernel.php(145): Illuminate\\Foundation\\Http\\Kernel->sendRequestThroughRouter()
#58 /var/www/SAAFCECEYT/vendor/laravel/framework/src/Illuminate/Foundation/Application.php(1190): Illuminate\\Foundation\\Http\\Kernel->handle()
#59 /var/www/SAAFCECEYT/public/index.php(17): Illuminate\\Foundation\\Application->handleRequest()
#60 {main}
"} 
[2025-08-23 18:15:29] local.ERROR: SQLSTATE[HY000] [1698] Access denied for user 'root'@'localhost' (Connection: mysql, SQL: select * from `sessions` where `id` = KweumQaN8lzC9KIExDWjupxG2jc8sVAu7KL8s6Rv limit 1) {"exception":"[object] (Illuminate\\Database\\QueryException(code: 1698): SQLSTATE[HY000] [1698] Access denied for user 'root'@'localhost' (Connection: mysql, SQL: select * from `sessions` where `id` = KweumQaN8lzC9KIExDWjupxG2jc8sVAu7KL8s6Rv limit 1) at /var/www/SAAFCECEYT/vendor/laravel/framework/src/Illuminate/Database/Connection.php:825)
[stacktrace]
#0 /var/www/SAAFCECEYT/vendor/laravel/framework/src/Illuminate/Database/Connection.php(779): Illuminate\\Database\\Connection->runQueryCallback()
#1 /var/www/SAAFCECEYT/vendor/laravel/framework/src/Illuminate/Database/Connection.php(398): Illuminate\\Database\\Connection->run()
#2 /var/www/SAAFCECEYT/vendor/laravel/framework/src/Illuminate/Database/Query/Builder.php(3133): Illuminate\\Database\\Connection->select()
#3 /var/www/SAAFCECEYT/vendor/laravel/framework/src/Illuminate/Database/Query/Builder.php(3118): Illuminate\\Database\\Query\\Builder->runSelect()
#4 /var/www/SAAFCECEYT/vendor/laravel/framework/src/Illuminate/Database/Query/Builder.php(3706): Illuminate\\Database\\Query\\Builder->Illuminate\\Database\\Query\\{closure}()
#5 /var/www/SAAFCECEYT/vendor/laravel/framework/src/Illuminate/Database/Query/Builder.php(3117): Illuminate\\Database\\Query\\Builder->onceWithColumns()
#6 /var/www/SAAFCECEYT/vendor/laravel/framework/src/Illuminate/Database/Concerns/BuildsQueries.php(344): Illuminate\\Database\\Query\\Builder->get()
#7 /var/www/SAAFCECEYT/vendor/laravel/framework/src/Illuminate/Database/Query/Builder.php(3038): Illuminate\\Database\\Query\\Builder->first()
#8 /var/www/SAAFCECEYT/vendor/laravel/framework/src/Illuminate/Session/DatabaseSessionHandler.php(97): Illuminate\\Database\\Query\\Builder->find()
#9 /var/www/SAAFCECEYT/vendor/laravel/framework/src/Illuminate/Session/Store.php(113): Illuminate\\Session\\DatabaseSessionHandler->read()
#10 /var/www/SAAFCECEYT/vendor/laravel/framework/src/Illuminate/Session/Store.php(101): Illuminate\\Session\\Store->readFromHandler()
#11 /var/www/SAAFCECEYT/vendor/laravel/framework/src/Illuminate/Session/Store.php(85): Illuminate\\Session\\Store->loadSession()
#12 /var/www/SAAFCECEYT/vendor/laravel/framework/src/Illuminate/Session/Middleware/StartSession.php(147): Illuminate\\Session\\Store->start()
#13 /var/www/SAAFCECEYT/vendor/laravel/framework/src/Illuminate/Support/helpers.php(393): Illuminate\\Session\\Middleware\\StartSession->Illuminate\\Session\\Middleware\\{closure}()
#14 /var/www/SAAFCECEYT/vendor/laravel/framework/src/Illuminate/Session/Middleware/StartSession.php(144): tap()
#15 /var/www/SAAFCECEYT/vendor/laravel/framework/src/Illuminate/Session/Middleware/StartSession.php(116): Illuminate\\Session\\Middleware\\StartSession->startSession()
#16 /var/www/SAAFCECEYT/vendor/laravel/framework/src/Illuminate/Session/Middleware/StartSession.php(64): Illuminate\\Session\\Middleware\\StartSession->handleStatefulRequest()
#17 /var/www/SAAFCECEYT/vendor/laravel/framework/src/Illuminate/Pipeline/Pipeline.php(183): Illuminate\\Session\\Middleware\\StartSession->handle()
#18 /var/www/SAAFCECEYT/vendor/laravel/framework/src/Illuminate/Cookie/Middleware/AddQueuedCookiesToResponse.php(37): Illuminate\\Pipeline\\Pipeline->Illuminate\\Pipeline\\{closure}()
#19 /var/www/SAAFCECEYT/vendor/laravel/framework/src/Illuminate/Pipeline/Pipeline.php(183): Illuminate\\Cookie\\Middleware\\AddQueuedCookiesToResponse->handle()
#20 /var/www/SAAFCECEYT/vendor/laravel/framework/src/Illuminate/Cookie/Middleware/EncryptCookies.php(75): Illuminate\\Pipeline\\Pipeline->Illuminate\\Pipeline\\{closure}()
#21 /var/www/SAAFCECEYT/vendor/laravel/framework/src/Illuminate/Pipeline/Pipeline.php(183): Illuminate\\Cookie\\Middleware\\EncryptCookies->handle()
#22 /var/www/SAAFCECEYT/vendor/laravel/framework/src/Illuminate/Pipeline/Pipeline.php(119): Illuminate\\Pipeline\\Pipeline->Illuminate\\Pipeline\\{closure}()
#23 /var/www/SAAFCECEYT/vendor/laravel/framework/src/Illuminate/Routing/Router.php(807): Illuminate\\Pipeline\\Pipeline->then()
#24 /var/www/SAAFCECEYT/vendor/laravel/framework/src/Illuminate/Routing/Router.php(786): Illuminate\\Routing\\Router->runRouteWithinStack()
#25 /var/www/SAAFCECEYT/vendor/laravel/framework/src/Illuminate/Routing/Router.php(750): Illuminate\\Routing\\Router->runRoute()
#26 /var/www/SAAFCECEYT/vendor/laravel/framework/src/Illuminate/Routing/Router.php(739): Illuminate\\Routing\\Router->dispatchToRoute()
#27 /var/www/SAAFCECEYT/vendor/laravel/framework/src/Illuminate/Foundation/Http/Kernel.php(201): Illuminate\\Routing\\Router->dispatch()
#28 /var/www/SAAFCECEYT/vendor/laravel/framework/src/Illuminate/Pipeline/Pipeline.php(144): Illuminate\\Foundation\\Http\\Kernel->Illuminate\\Foundation\\Http\\{closure}()
#29 /var/www/SAAFCECEYT/vendor/laravel/framework/src/Illuminate/Foundation/Http/Middleware/TransformsRequest.php(21): Illuminate\\Pipeline\\Pipeline->Illuminate\\Pipeline\\{closure}()
#30 /var/www/SAAFCECEYT/vendor/laravel/framework/src/Illuminate/Foundation/Http/Middleware/ConvertEmptyStringsToNull.php(31): Illuminate\\Foundation\\Http\\Middleware\\TransformsRequest->handle()
#31 /var/www/SAAFCECEYT/vendor/laravel/framework/src/Illuminate/Pipeline/Pipeline.php(183): Illuminate\\Foundation\\Http\\Middleware\\ConvertEmptyStringsToNull->handle()
#32 /var/www/SAAFCECEYT/vendor/laravel/framework/src/Illuminate/Foundation/Http/Middleware/TransformsRequest.php(21): Illuminate\\Pipeline\\Pipeline->Illuminate\\Pipeline\\{closure}()
#33 /var/www/SAAFCECEYT/vendor/laravel/framework/src/Illuminate/Foundation/Http/Middleware/TrimStrings.php(51): Illuminate\\Foundation\\Http\\Middleware\\TransformsRequest->handle()
#34 /var/www/SAAFCECEYT/vendor/laravel/framework/src/Illuminate/Pipeline/Pipeline.php(183): Illuminate\\Foundation\\Http\\Middleware\\TrimStrings->handle()
#35 /var/www/SAAFCECEYT/vendor/laravel/framework/src/Illuminate/Http/Middleware/ValidatePostSize.php(27): Illuminate\\Pipeline\\Pipeline->Illuminate\\Pipeline\\{closure}()
#36 /var/www/SAAFCECEYT/vendor/laravel/framework/src/Illuminate/Pipeline/Pipeline.php(183): Illuminate\\Http\\Middleware\\ValidatePostSize->handle()
#37 /var/www/SAAFCECEYT/vendor/laravel/framework/src/Illuminate/Foundation/Http/Middleware/PreventRequestsDuringMaintenance.php(110): Illuminate\\Pipeline\\Pipeline->Illuminate\\Pipeline\\{closure}()
#38 /var/www/SAAFCECEYT/vendor/laravel/framework/src/Illuminate/Pipeline/Pipeline.php(183): Illuminate\\Foundation\\Http\\Middleware\\PreventRequestsDuringMaintenance->handle()
#39 /var/www/SAAFCECEYT/vendor/laravel/framework/src/Illuminate/Http/Middleware/HandleCors.php(49): Illuminate\\Pipeline\\Pipeline->Illuminate\\Pipeline\\{closure}()
#40 /var/www/SAAFCECEYT/vendor/laravel/framework/src/Illuminate/Pipeline/Pipeline.php(183): Illuminate\\Http\\Middleware\\HandleCors->handle()
#41 /var/www/SAAFCECEYT/vendor/laravel/framework/src/Illuminate/Http/Middleware/TrustProxies.php(58): Illuminate\\Pipeline\\Pipeline->Illuminate\\Pipeline\\{closure}()
#42 /var/www/SAAFCECEYT/vendor/laravel/framework/src/Illuminate/Pipeline/Pipeline.php(183): Illuminate\\Http\\Middleware\\TrustProxies->handle()
#43 /var/www/SAAFCECEYT/vendor/laravel/framework/src/Illuminate/Foundation/Http/Middleware/InvokeDeferredCallbacks.php(22): Illuminate\\Pipeline\\Pipeline->Illuminate\\Pipeline\\{closure}()
#44 /var/www/SAAFCECEYT/vendor/laravel/framework/src/Illuminate/Pipeline/Pipeline.php(183): Illuminate\\Foundation\\Http\\Middleware\\InvokeDeferredCallbacks->handle()
#45 /var/www/SAAFCECEYT/vendor/laravel/framework/src/Illuminate/Pipeline/Pipeline.php(119): Illuminate\\Pipeline\\Pipeline->Illuminate\\Pipeline\\{closure}()
#46 /var/www/SAAFCECEYT/vendor/laravel/framework/src/Illuminate/Foundation/Http/Kernel.php(176): Illuminate\\Pipeline\\Pipeline->then()
#47 /var/www/SAAFCECEYT/vendor/laravel/framework/src/Illuminate/Foundation/Http/Kernel.php(145): Illuminate\\Foundation\\Http\\Kernel->sendRequestThroughRouter()
#48 /var/www/SAAFCECEYT/vendor/laravel/framework/src/Illuminate/Foundation/Application.php(1190): Illuminate\\Foundation\\Http\\Kernel->handle()
#49 /var/www/SAAFCECEYT/public/index.php(17): Illuminate\\Foundation\\Application->handleRequest()
#50 {main}

[previous exception] [object] (PDOException(code: 1698): SQLSTATE[HY000] [1698] Access denied for user 'root'@'localhost' at /var/www/SAAFCECEYT/vendor/laravel/framework/src/Illuminate/Database/Connectors/Connector.php:66)
[stacktrace]
#0 /var/www/SAAFCECEYT/vendor/laravel/framework/src/Illuminate/Database/Connectors/Connector.php(66): PDO->__construct()
#1 /var/www/SAAFCECEYT/vendor/laravel/framework/src/Illuminate/Database/Connectors/Connector.php(44): Illuminate\\Database\\Connectors\\Connector->createPdoConnection()
#2 /var/www/SAAFCECEYT/vendor/laravel/framework/src/Illuminate/Database/Connectors/MySqlConnector.php(24): Illuminate\\Database\\Connectors\\Connector->createConnection()
#3 /var/www/SAAFCECEYT/vendor/laravel/framework/src/Illuminate/Database/Connectors/ConnectionFactory.php(185): Illuminate\\Database\\Connectors\\MySqlConnector->connect()
#4 [internal function]: Illuminate\\Database\\Connectors\\ConnectionFactory->Illuminate\\Database\\Connectors\\{closure}()
#5 /var/www/SAAFCECEYT/vendor/laravel/framework/src/Illuminate/Database/Connection.php(1231): call_user_func()
#6 /var/www/SAAFCECEYT/vendor/laravel/framework/src/Illuminate/Database/Connection.php(1267): Illuminate\\Database\\Connection->getPdo()
#7 /var/www/SAAFCECEYT/vendor/laravel/framework/src/Illuminate/Database/Connection.php(512): Illuminate\\Database\\Connection->getReadPdo()
#8 /var/www/SAAFCECEYT/vendor/laravel/framework/src/Illuminate/Database/Connection.php(407): Illuminate\\Database\\Connection->getPdoForSelect()
#9 /var/www/SAAFCECEYT/vendor/laravel/framework/src/Illuminate/Database/Connection.php(812): Illuminate\\Database\\Connection->Illuminate\\Database\\{closure}()
#10 /var/www/SAAFCECEYT/vendor/laravel/framework/src/Illuminate/Database/Connection.php(779): Illuminate\\Database\\Connection->runQueryCallback()
#11 /var/www/SAAFCECEYT/vendor/laravel/framework/src/Illuminate/Database/Connection.php(398): Illuminate\\Database\\Connection->run()
#12 /var/www/SAAFCECEYT/vendor/laravel/framework/src/Illuminate/Database/Query/Builder.php(3133): Illuminate\\Database\\Connection->select()
#13 /var/www/SAAFCECEYT/vendor/laravel/framework/src/Illuminate/Database/Query/Builder.php(3118): Illuminate\\Database\\Query\\Builder->runSelect()
#14 /var/www/SAAFCECEYT/vendor/laravel/framework/src/Illuminate/Database/Query/Builder.php(3706): Illuminate\\Database\\Query\\Builder->Illuminate\\Database\\Query\\{closure}()
#15 /var/www/SAAFCECEYT/vendor/laravel/framework/src/Illuminate/Database/Query/Builder.php(3117): Illuminate\\Database\\Query\\Builder->onceWithColumns()
#16 /var/www/SAAFCECEYT/vendor/laravel/framework/src/Illuminate/Database/Concerns/BuildsQueries.php(344): Illuminate\\Database\\Query\\Builder->get()
#17 /var/www/SAAFCECEYT/vendor/laravel/framework/src/Illuminate/Database/Query/Builder.php(3038): Illuminate\\Database\\Query\\Builder->first()
#18 /var/www/SAAFCECEYT/vendor/laravel/framework/src/Illuminate/Session/DatabaseSessionHandler.php(97): Illuminate\\Database\\Query\\Builder->find()
#19 /var/www/SAAFCECEYT/vendor/laravel/framework/src/Illuminate/Session/Store.php(113): Illuminate\\Session\\DatabaseSessionHandler->read()
#20 /var/www/SAAFCECEYT/vendor/laravel/framework/src/Illuminate/Session/Store.php(101): Illuminate\\Session\\Store->readFromHandler()
#21 /var/www/SAAFCECEYT/vendor/laravel/framework/src/Illuminate/Session/Store.php(85): Illuminate\\Session\\Store->loadSession()
#22 /var/www/SAAFCECEYT/vendor/laravel/framework/src/Illuminate/Session/Middleware/StartSession.php(147): Illuminate\\Session\\Store->start()
#23 /var/www/SAAFCECEYT/vendor/laravel/framework/src/Illuminate/Support/helpers.php(393): Illuminate\\Session\\Middleware\\StartSession->Illuminate\\Session\\Middleware\\{closure}()
#24 /var/www/SAAFCECEYT/vendor/laravel/framework/src/Illuminate/Session/Middleware/StartSession.php(144): tap()
#25 /var/www/SAAFCECEYT/vendor/laravel/framework/src/Illuminate/Session/Middleware/StartSession.php(116): Illuminate\\Session\\Middleware\\StartSession->startSession()
#26 /var/www/SAAFCECEYT/vendor/laravel/framework/src/Illuminate/Session/Middleware/StartSession.php(64): Illuminate\\Session\\Middleware\\StartSession->handleStatefulRequest()
#27 /var/www/SAAFCECEYT/vendor/laravel/framework/src/Illuminate/Pipeline/Pipeline.php(183): Illuminate\\Session\\Middleware\\StartSession->handle()
#28 /var/www/SAAFCECEYT/vendor/laravel/framework/src/Illuminate/Cookie/Middleware/AddQueuedCookiesToResponse.php(37): Illuminate\\Pipeline\\Pipeline->Illuminate\\Pipeline\\{closure}()
#29 /var/www/SAAFCECEYT/vendor/laravel/framework/src/Illuminate/Pipeline/Pipeline.php(183): Illuminate\\Cookie\\Middleware\\AddQueuedCookiesToResponse->handle()
#30 /var/www/SAAFCECEYT/vendor/laravel/framework/src/Illuminate/Cookie/Middleware/EncryptCookies.php(75): Illuminate\\Pipeline\\Pipeline->Illuminate\\Pipeline\\{closure}()
#31 /var/www/SAAFCECEYT/vendor/laravel/framework/src/Illuminate/Pipeline/Pipeline.php(183): Illuminate\\Cookie\\Middleware\\EncryptCookies->handle()
#32 /var/www/SAAFCECEYT/vendor/laravel/framework/src/Illuminate/Pipeline/Pipeline.php(119): Illuminate\\Pipeline\\Pipeline->Illuminate\\Pipeline\\{closure}()
#33 /var/www/SAAFCECEYT/vendor/laravel/framework/src/Illuminate/Routing/Router.php(807): Illuminate\\Pipeline\\Pipeline->then()
#34 /var/www/SAAFCECEYT/vendor/laravel/framework/src/Illuminate/Routing/Router.php(786): Illuminate\\Routing\\Router->runRouteWithinStack()
#35 /var/www/SAAFCECEYT/vendor/laravel/framework/src/Illuminate/Routing/Router.php(750): Illuminate\\Routing\\Router->runRoute()
#36 /var/www/SAAFCECEYT/vendor/laravel/framework/src/Illuminate/Routing/Router.php(739): Illuminate\\Routing\\Router->dispatchToRoute()
#37 /var/www/SAAFCECEYT/vendor/laravel/framework/src/Illuminate/Foundation/Http/Kernel.php(201): Illuminate\\Routing\\Router->dispatch()
#38 /var/www/SAAFCECEYT/vendor/laravel/framework/src/Illuminate/Pipeline/Pipeline.php(144): Illuminate\\Foundation\\Http\\Kernel->Illuminate\\Foundation\\Http\\{closure}()
#39 /var/www/SAAFCECEYT/vendor/laravel/framework/src/Illuminate/Foundation/Http/Middleware/TransformsRequest.php(21): Illuminate\\Pipeline\\Pipeline->Illuminate\\Pipeline\\{closure}()
#40 /var/www/SAAFCECEYT/vendor/laravel/framework/src/Illuminate/Foundation/Http/Middleware/ConvertEmptyStringsToNull.php(31): Illuminate\\Foundation\\Http\\Middleware\\TransformsRequest->handle()
#41 /var/www/SAAFCECEYT/vendor/laravel/framework/src/Illuminate/Pipeline/Pipeline.php(183): Illuminate\\Foundation\\Http\\Middleware\\ConvertEmptyStringsToNull->handle()
#42 /var/www/SAAFCECEYT/vendor/laravel/framework/src/Illuminate/Foundation/Http/Middleware/TransformsRequest.php(21): Illuminate\\Pipeline\\Pipeline->Illuminate\\Pipeline\\{closure}()
#43 /var/www/SAAFCECEYT/vendor/laravel/framework/src/Illuminate/Foundation/Http/Middleware/TrimStrings.php(51): Illuminate\\Foundation\\Http\\Middleware\\TransformsRequest->handle()
#44 /var/www/SAAFCECEYT/vendor/laravel/framework/src/Illuminate/Pipeline/Pipeline.php(183): Illuminate\\Foundation\\Http\\Middleware\\TrimStrings->handle()
#45 /var/www/SAAFCECEYT/vendor/laravel/framework/src/Illuminate/Http/Middleware/ValidatePostSize.php(27): Illuminate\\Pipeline\\Pipeline->Illuminate\\Pipeline\\{closure}()
#46 /var/www/SAAFCECEYT/vendor/laravel/framework/src/Illuminate/Pipeline/Pipeline.php(183): Illuminate\\Http\\Middleware\\ValidatePostSize->handle()
#47 /var/www/SAAFCECEYT/vendor/laravel/framework/src/Illuminate/Foundation/Http/Middleware/PreventRequestsDuringMaintenance.php(110): Illuminate\\Pipeline\\Pipeline->Illuminate\\Pipeline\\{closure}()
#48 /var/www/SAAFCECEYT/vendor/laravel/framework/src/Illuminate/Pipeline/Pipeline.php(183): Illuminate\\Foundation\\Http\\Middleware\\PreventRequestsDuringMaintenance->handle()
#49 /var/www/SAAFCECEYT/vendor/laravel/framework/src/Illuminate/Http/Middleware/HandleCors.php(49): Illuminate\\Pipeline\\Pipeline->Illuminate\\Pipeline\\{closure}()
#50 /var/www/SAAFCECEYT/vendor/laravel/framework/src/Illuminate/Pipeline/Pipeline.php(183): Illuminate\\Http\\Middleware\\HandleCors->handle()
#51 /var/www/SAAFCECEYT/vendor/laravel/framework/src/Illuminate/Http/Middleware/TrustProxies.php(58): Illuminate\\Pipeline\\Pipeline->Illuminate\\Pipeline\\{closure}()
#52 /var/www/SAAFCECEYT/vendor/laravel/framework/src/Illuminate/Pipeline/Pipeline.php(183): Illuminate\\Http\\Middleware\\TrustProxies->handle()
#53 /var/www/SAAFCECEYT/vendor/laravel/framework/src/Illuminate/Foundation/Http/Middleware/InvokeDeferredCallbacks.php(22): Illuminate\\Pipeline\\Pipeline->Illuminate\\Pipeline\\{closure}()
#54 /var/www/SAAFCECEYT/vendor/laravel/framework/src/Illuminate/Pipeline/Pipeline.php(183): Illuminate\\Foundation\\Http\\Middleware\\InvokeDeferredCallbacks->handle()
#55 /var/www/SAAFCECEYT/vendor/laravel/framework/src/Illuminate/Pipeline/Pipeline.php(119): Illuminate\\Pipeline\\Pipeline->Illuminate\\Pipeline\\{closure}()
#56 /var/www/SAAFCECEYT/vendor/laravel/framework/src/Illuminate/Foundation/Http/Kernel.php(176): Illuminate\\Pipeline\\Pipeline->then()
#57 /var/www/SAAFCECEYT/vendor/laravel/framework/src/Illuminate/Foundation/Http/Kernel.php(145): Illuminate\\Foundation\\Http\\Kernel->sendRequestThroughRouter()
#58 /var/www/SAAFCECEYT/vendor/laravel/framework/src/Illuminate/Foundation/Application.php(1190): Illuminate\\Foundation\\Http\\Kernel->handle()
#59 /var/www/SAAFCECEYT/public/index.php(17): Illuminate\\Foundation\\Application->handleRequest()
#60 {main}
"} 
[2025-08-23 18:15:36] local.ERROR: SQLSTATE[HY000] [1698] Access denied for user 'root'@'localhost' (Connection: mysql, SQL: select * from `sessions` where `id` = j8inW0sa1omlQAw8vtDnEHzW0hnWDrEWUBH7rfPW limit 1) {"exception":"[object] (Illuminate\\Database\\QueryException(code: 1698): SQLSTATE[HY000] [1698] Access denied for user 'root'@'localhost' (Connection: mysql, SQL: select * from `sessions` where `id` = j8inW0sa1omlQAw8vtDnEHzW0hnWDrEWUBH7rfPW limit 1) at /var/www/SAAFCECEYT/vendor/laravel/framework/src/Illuminate/Database/Connection.php:825)
[stacktrace]
#0 /var/www/SAAFCECEYT/vendor/laravel/framework/src/Illuminate/Database/Connection.php(779): Illuminate\\Database\\Connection->runQueryCallback()
#1 /var/www/SAAFCECEYT/vendor/laravel/framework/src/Illuminate/Database/Connection.php(398): Illuminate\\Database\\Connection->run()
#2 /var/www/SAAFCECEYT/vendor/laravel/framework/src/Illuminate/Database/Query/Builder.php(3133): Illuminate\\Database\\Connection->select()
#3 /var/www/SAAFCECEYT/vendor/laravel/framework/src/Illuminate/Database/Query/Builder.php(3118): Illuminate\\Database\\Query\\Builder->runSelect()
#4 /var/www/SAAFCECEYT/vendor/laravel/framework/src/Illuminate/Database/Query/Builder.php(3706): Illuminate\\Database\\Query\\Builder->Illuminate\\Database\\Query\\{closure}()
#5 /var/www/SAAFCECEYT/vendor/laravel/framework/src/Illuminate/Database/Query/Builder.php(3117): Illuminate\\Database\\Query\\Builder->onceWithColumns()
#6 /var/www/SAAFCECEYT/vendor/laravel/framework/src/Illuminate/Database/Concerns/BuildsQueries.php(344): Illuminate\\Database\\Query\\Builder->get()
#7 /var/www/SAAFCECEYT/vendor/laravel/framework/src/Illuminate/Database/Query/Builder.php(3038): Illuminate\\Database\\Query\\Builder->first()
#8 /var/www/SAAFCECEYT/vendor/laravel/framework/src/Illuminate/Session/DatabaseSessionHandler.php(97): Illuminate\\Database\\Query\\Builder->find()
#9 /var/www/SAAFCECEYT/vendor/laravel/framework/src/Illuminate/Session/Store.php(113): Illuminate\\Session\\DatabaseSessionHandler->read()
#10 /var/www/SAAFCECEYT/vendor/laravel/framework/src/Illuminate/Session/Store.php(101): Illuminate\\Session\\Store->readFromHandler()
#11 /var/www/SAAFCECEYT/vendor/laravel/framework/src/Illuminate/Session/Store.php(85): Illuminate\\Session\\Store->loadSession()
#12 /var/www/SAAFCECEYT/vendor/laravel/framework/src/Illuminate/Session/Middleware/StartSession.php(147): Illuminate\\Session\\Store->start()
#13 /var/www/SAAFCECEYT/vendor/laravel/framework/src/Illuminate/Support/helpers.php(393): Illuminate\\Session\\Middleware\\StartSession->Illuminate\\Session\\Middleware\\{closure}()
#14 /var/www/SAAFCECEYT/vendor/laravel/framework/src/Illuminate/Session/Middleware/StartSession.php(144): tap()
#15 /var/www/SAAFCECEYT/vendor/laravel/framework/src/Illuminate/Session/Middleware/StartSession.php(116): Illuminate\\Session\\Middleware\\StartSession->startSession()
#16 /var/www/SAAFCECEYT/vendor/laravel/framework/src/Illuminate/Session/Middleware/StartSession.php(64): Illuminate\\Session\\Middleware\\StartSession->handleStatefulRequest()
#17 /var/www/SAAFCECEYT/vendor/laravel/framework/src/Illuminate/Pipeline/Pipeline.php(183): Illuminate\\Session\\Middleware\\StartSession->handle()
#18 /var/www/SAAFCECEYT/vendor/laravel/framework/src/Illuminate/Cookie/Middleware/AddQueuedCookiesToResponse.php(37): Illuminate\\Pipeline\\Pipeline->Illuminate\\Pipeline\\{closure}()
#19 /var/www/SAAFCECEYT/vendor/laravel/framework/src/Illuminate/Pipeline/Pipeline.php(183): Illuminate\\Cookie\\Middleware\\AddQueuedCookiesToResponse->handle()
#20 /var/www/SAAFCECEYT/vendor/laravel/framework/src/Illuminate/Cookie/Middleware/EncryptCookies.php(75): Illuminate\\Pipeline\\Pipeline->Illuminate\\Pipeline\\{closure}()
#21 /var/www/SAAFCECEYT/vendor/laravel/framework/src/Illuminate/Pipeline/Pipeline.php(183): Illuminate\\Cookie\\Middleware\\EncryptCookies->handle()
#22 /var/www/SAAFCECEYT/vendor/laravel/framework/src/Illuminate/Pipeline/Pipeline.php(119): Illuminate\\Pipeline\\Pipeline->Illuminate\\Pipeline\\{closure}()
#23 /var/www/SAAFCECEYT/vendor/laravel/framework/src/Illuminate/Routing/Router.php(807): Illuminate\\Pipeline\\Pipeline->then()
#24 /var/www/SAAFCECEYT/vendor/laravel/framework/src/Illuminate/Routing/Router.php(786): Illuminate\\Routing\\Router->runRouteWithinStack()
#25 /var/www/SAAFCECEYT/vendor/laravel/framework/src/Illuminate/Routing/Router.php(750): Illuminate\\Routing\\Router->runRoute()
#26 /var/www/SAAFCECEYT/vendor/laravel/framework/src/Illuminate/Routing/Router.php(739): Illuminate\\Routing\\Router->dispatchToRoute()
#27 /var/www/SAAFCECEYT/vendor/laravel/framework/src/Illuminate/Foundation/Http/Kernel.php(201): Illuminate\\Routing\\Router->dispatch()
#28 /var/www/SAAFCECEYT/vendor/laravel/framework/src/Illuminate/Pipeline/Pipeline.php(144): Illuminate\\Foundation\\Http\\Kernel->Illuminate\\Foundation\\Http\\{closure}()
#29 /var/www/SAAFCECEYT/vendor/laravel/framework/src/Illuminate/Foundation/Http/Middleware/TransformsRequest.php(21): Illuminate\\Pipeline\\Pipeline->Illuminate\\Pipeline\\{closure}()
#30 /var/www/SAAFCECEYT/vendor/laravel/framework/src/Illuminate/Foundation/Http/Middleware/ConvertEmptyStringsToNull.php(31): Illuminate\\Foundation\\Http\\Middleware\\TransformsRequest->handle()
#31 /var/www/SAAFCECEYT/vendor/laravel/framework/src/Illuminate/Pipeline/Pipeline.php(183): Illuminate\\Foundation\\Http\\Middleware\\ConvertEmptyStringsToNull->handle()
#32 /var/www/SAAFCECEYT/vendor/laravel/framework/src/Illuminate/Foundation/Http/Middleware/TransformsRequest.php(21): Illuminate\\Pipeline\\Pipeline->Illuminate\\Pipeline\\{closure}()
#33 /var/www/SAAFCECEYT/vendor/laravel/framework/src/Illuminate/Foundation/Http/Middleware/TrimStrings.php(51): Illuminate\\Foundation\\Http\\Middleware\\TransformsRequest->handle()
#34 /var/www/SAAFCECEYT/vendor/laravel/framework/src/Illuminate/Pipeline/Pipeline.php(183): Illuminate\\Foundation\\Http\\Middleware\\TrimStrings->handle()
#35 /var/www/SAAFCECEYT/vendor/laravel/framework/src/Illuminate/Http/Middleware/ValidatePostSize.php(27): Illuminate\\Pipeline\\Pipeline->Illuminate\\Pipeline\\{closure}()
#36 /var/www/SAAFCECEYT/vendor/laravel/framework/src/Illuminate/Pipeline/Pipeline.php(183): Illuminate\\Http\\Middleware\\ValidatePostSize->handle()
#37 /var/www/SAAFCECEYT/vendor/laravel/framework/src/Illuminate/Foundation/Http/Middleware/PreventRequestsDuringMaintenance.php(110): Illuminate\\Pipeline\\Pipeline->Illuminate\\Pipeline\\{closure}()
#38 /var/www/SAAFCECEYT/vendor/laravel/framework/src/Illuminate/Pipeline/Pipeline.php(183): Illuminate\\Foundation\\Http\\Middleware\\PreventRequestsDuringMaintenance->handle()
#39 /var/www/SAAFCECEYT/vendor/laravel/framework/src/Illuminate/Http/Middleware/HandleCors.php(49): Illuminate\\Pipeline\\Pipeline->Illuminate\\Pipeline\\{closure}()
#40 /var/www/SAAFCECEYT/vendor/laravel/framework/src/Illuminate/Pipeline/Pipeline.php(183): Illuminate\\Http\\Middleware\\HandleCors->handle()
#41 /var/www/SAAFCECEYT/vendor/laravel/framework/src/Illuminate/Http/Middleware/TrustProxies.php(58): Illuminate\\Pipeline\\Pipeline->Illuminate\\Pipeline\\{closure}()
#42 /var/www/SAAFCECEYT/vendor/laravel/framework/src/Illuminate/Pipeline/Pipeline.php(183): Illuminate\\Http\\Middleware\\TrustProxies->handle()
#43 /var/www/SAAFCECEYT/vendor/laravel/framework/src/Illuminate/Foundation/Http/Middleware/InvokeDeferredCallbacks.php(22): Illuminate\\Pipeline\\Pipeline->Illuminate\\Pipeline\\{closure}()
#44 /var/www/SAAFCECEYT/vendor/laravel/framework/src/Illuminate/Pipeline/Pipeline.php(183): Illuminate\\Foundation\\Http\\Middleware\\InvokeDeferredCallbacks->handle()
#45 /var/www/SAAFCECEYT/vendor/laravel/framework/src/Illuminate/Pipeline/Pipeline.php(119): Illuminate\\Pipeline\\Pipeline->Illuminate\\Pipeline\\{closure}()
#46 /var/www/SAAFCECEYT/vendor/laravel/framework/src/Illuminate/Foundation/Http/Kernel.php(176): Illuminate\\Pipeline\\Pipeline->then()
#47 /var/www/SAAFCECEYT/vendor/laravel/framework/src/Illuminate/Foundation/Http/Kernel.php(145): Illuminate\\Foundation\\Http\\Kernel->sendRequestThroughRouter()
#48 /var/www/SAAFCECEYT/vendor/laravel/framework/src/Illuminate/Foundation/Application.php(1190): Illuminate\\Foundation\\Http\\Kernel->handle()
#49 /var/www/SAAFCECEYT/public/index.php(17): Illuminate\\Foundation\\Application->handleRequest()
#50 {main}

[previous exception] [object] (PDOException(code: 1698): SQLSTATE[HY000] [1698] Access denied for user 'root'@'localhost' at /var/www/SAAFCECEYT/vendor/laravel/framework/src/Illuminate/Database/Connectors/Connector.php:66)
[stacktrace]
#0 /var/www/SAAFCECEYT/vendor/laravel/framework/src/Illuminate/Database/Connectors/Connector.php(66): PDO->__construct()
#1 /var/www/SAAFCECEYT/vendor/laravel/framework/src/Illuminate/Database/Connectors/Connector.php(44): Illuminate\\Database\\Connectors\\Connector->createPdoConnection()
#2 /var/www/SAAFCECEYT/vendor/laravel/framework/src/Illuminate/Database/Connectors/MySqlConnector.php(24): Illuminate\\Database\\Connectors\\Connector->createConnection()
#3 /var/www/SAAFCECEYT/vendor/laravel/framework/src/Illuminate/Database/Connectors/ConnectionFactory.php(185): Illuminate\\Database\\Connectors\\MySqlConnector->connect()
#4 [internal function]: Illuminate\\Database\\Connectors\\ConnectionFactory->Illuminate\\Database\\Connectors\\{closure}()
#5 /var/www/SAAFCECEYT/vendor/laravel/framework/src/Illuminate/Database/Connection.php(1231): call_user_func()
#6 /var/www/SAAFCECEYT/vendor/laravel/framework/src/Illuminate/Database/Connection.php(1267): Illuminate\\Database\\Connection->getPdo()
#7 /var/www/SAAFCECEYT/vendor/laravel/framework/src/Illuminate/Database/Connection.php(512): Illuminate\\Database\\Connection->getReadPdo()
#8 /var/www/SAAFCECEYT/vendor/laravel/framework/src/Illuminate/Database/Connection.php(407): Illuminate\\Database\\Connection->getPdoForSelect()
#9 /var/www/SAAFCECEYT/vendor/laravel/framework/src/Illuminate/Database/Connection.php(812): Illuminate\\Database\\Connection->Illuminate\\Database\\{closure}()
#10 /var/www/SAAFCECEYT/vendor/laravel/framework/src/Illuminate/Database/Connection.php(779): Illuminate\\Database\\Connection->runQueryCallback()
#11 /var/www/SAAFCECEYT/vendor/laravel/framework/src/Illuminate/Database/Connection.php(398): Illuminate\\Database\\Connection->run()
#12 /var/www/SAAFCECEYT/vendor/laravel/framework/src/Illuminate/Database/Query/Builder.php(3133): Illuminate\\Database\\Connection->select()
#13 /var/www/SAAFCECEYT/vendor/laravel/framework/src/Illuminate/Database/Query/Builder.php(3118): Illuminate\\Database\\Query\\Builder->runSelect()
#14 /var/www/SAAFCECEYT/vendor/laravel/framework/src/Illuminate/Database/Query/Builder.php(3706): Illuminate\\Database\\Query\\Builder->Illuminate\\Database\\Query\\{closure}()
#15 /var/www/SAAFCECEYT/vendor/laravel/framework/src/Illuminate/Database/Query/Builder.php(3117): Illuminate\\Database\\Query\\Builder->onceWithColumns()
#16 /var/www/SAAFCECEYT/vendor/laravel/framework/src/Illuminate/Database/Concerns/BuildsQueries.php(344): Illuminate\\Database\\Query\\Builder->get()
#17 /var/www/SAAFCECEYT/vendor/laravel/framework/src/Illuminate/Database/Query/Builder.php(3038): Illuminate\\Database\\Query\\Builder->first()
#18 /var/www/SAAFCECEYT/vendor/laravel/framework/src/Illuminate/Session/DatabaseSessionHandler.php(97): Illuminate\\Database\\Query\\Builder->find()
#19 /var/www/SAAFCECEYT/vendor/laravel/framework/src/Illuminate/Session/Store.php(113): Illuminate\\Session\\DatabaseSessionHandler->read()
#20 /var/www/SAAFCECEYT/vendor/laravel/framework/src/Illuminate/Session/Store.php(101): Illuminate\\Session\\Store->readFromHandler()
#21 /var/www/SAAFCECEYT/vendor/laravel/framework/src/Illuminate/Session/Store.php(85): Illuminate\\Session\\Store->loadSession()
#22 /var/www/SAAFCECEYT/vendor/laravel/framework/src/Illuminate/Session/Middleware/StartSession.php(147): Illuminate\\Session\\Store->start()
#23 /var/www/SAAFCECEYT/vendor/laravel/framework/src/Illuminate/Support/helpers.php(393): Illuminate\\Session\\Middleware\\StartSession->Illuminate\\Session\\Middleware\\{closure}()
#24 /var/www/SAAFCECEYT/vendor/laravel/framework/src/Illuminate/Session/Middleware/StartSession.php(144): tap()
#25 /var/www/SAAFCECEYT/vendor/laravel/framework/src/Illuminate/Session/Middleware/StartSession.php(116): Illuminate\\Session\\Middleware\\StartSession->startSession()
#26 /var/www/SAAFCECEYT/vendor/laravel/framework/src/Illuminate/Session/Middleware/StartSession.php(64): Illuminate\\Session\\Middleware\\StartSession->handleStatefulRequest()
#27 /var/www/SAAFCECEYT/vendor/laravel/framework/src/Illuminate/Pipeline/Pipeline.php(183): Illuminate\\Session\\Middleware\\StartSession->handle()
#28 /var/www/SAAFCECEYT/vendor/laravel/framework/src/Illuminate/Cookie/Middleware/AddQueuedCookiesToResponse.php(37): Illuminate\\Pipeline\\Pipeline->Illuminate\\Pipeline\\{closure}()
#29 /var/www/SAAFCECEYT/vendor/laravel/framework/src/Illuminate/Pipeline/Pipeline.php(183): Illuminate\\Cookie\\Middleware\\AddQueuedCookiesToResponse->handle()
#30 /var/www/SAAFCECEYT/vendor/laravel/framework/src/Illuminate/Cookie/Middleware/EncryptCookies.php(75): Illuminate\\Pipeline\\Pipeline->Illuminate\\Pipeline\\{closure}()
#31 /var/www/SAAFCECEYT/vendor/laravel/framework/src/Illuminate/Pipeline/Pipeline.php(183): Illuminate\\Cookie\\Middleware\\EncryptCookies->handle()
#32 /var/www/SAAFCECEYT/vendor/laravel/framework/src/Illuminate/Pipeline/Pipeline.php(119): Illuminate\\Pipeline\\Pipeline->Illuminate\\Pipeline\\{closure}()
#33 /var/www/SAAFCECEYT/vendor/laravel/framework/src/Illuminate/Routing/Router.php(807): Illuminate\\Pipeline\\Pipeline->then()
#34 /var/www/SAAFCECEYT/vendor/laravel/framework/src/Illuminate/Routing/Router.php(786): Illuminate\\Routing\\Router->runRouteWithinStack()
#35 /var/www/SAAFCECEYT/vendor/laravel/framework/src/Illuminate/Routing/Router.php(750): Illuminate\\Routing\\Router->runRoute()
#36 /var/www/SAAFCECEYT/vendor/laravel/framework/src/Illuminate/Routing/Router.php(739): Illuminate\\Routing\\Router->dispatchToRoute()
#37 /var/www/SAAFCECEYT/vendor/laravel/framework/src/Illuminate/Foundation/Http/Kernel.php(201): Illuminate\\Routing\\Router->dispatch()
#38 /var/www/SAAFCECEYT/vendor/laravel/framework/src/Illuminate/Pipeline/Pipeline.php(144): Illuminate\\Foundation\\Http\\Kernel->Illuminate\\Foundation\\Http\\{closure}()
#39 /var/www/SAAFCECEYT/vendor/laravel/framework/src/Illuminate/Foundation/Http/Middleware/TransformsRequest.php(21): Illuminate\\Pipeline\\Pipeline->Illuminate\\Pipeline\\{closure}()
#40 /var/www/SAAFCECEYT/vendor/laravel/framework/src/Illuminate/Foundation/Http/Middleware/ConvertEmptyStringsToNull.php(31): Illuminate\\Foundation\\Http\\Middleware\\TransformsRequest->handle()
#41 /var/www/SAAFCECEYT/vendor/laravel/framework/src/Illuminate/Pipeline/Pipeline.php(183): Illuminate\\Foundation\\Http\\Middleware\\ConvertEmptyStringsToNull->handle()
#42 /var/www/SAAFCECEYT/vendor/laravel/framework/src/Illuminate/Foundation/Http/Middleware/TransformsRequest.php(21): Illuminate\\Pipeline\\Pipeline->Illuminate\\Pipeline\\{closure}()
#43 /var/www/SAAFCECEYT/vendor/laravel/framework/src/Illuminate/Foundation/Http/Middleware/TrimStrings.php(51): Illuminate\\Foundation\\Http\\Middleware\\TransformsRequest->handle()
#44 /var/www/SAAFCECEYT/vendor/laravel/framework/src/Illuminate/Pipeline/Pipeline.php(183): Illuminate\\Foundation\\Http\\Middleware\\TrimStrings->handle()
#45 /var/www/SAAFCECEYT/vendor/laravel/framework/src/Illuminate/Http/Middleware/ValidatePostSize.php(27): Illuminate\\Pipeline\\Pipeline->Illuminate\\Pipeline\\{closure}()
#46 /var/www/SAAFCECEYT/vendor/laravel/framework/src/Illuminate/Pipeline/Pipeline.php(183): Illuminate\\Http\\Middleware\\ValidatePostSize->handle()
#47 /var/www/SAAFCECEYT/vendor/laravel/framework/src/Illuminate/Foundation/Http/Middleware/PreventRequestsDuringMaintenance.php(110): Illuminate\\Pipeline\\Pipeline->Illuminate\\Pipeline\\{closure}()
#48 /var/www/SAAFCECEYT/vendor/laravel/framework/src/Illuminate/Pipeline/Pipeline.php(183): Illuminate\\Foundation\\Http\\Middleware\\PreventRequestsDuringMaintenance->handle()
#49 /var/www/SAAFCECEYT/vendor/laravel/framework/src/Illuminate/Http/Middleware/HandleCors.php(49): Illuminate\\Pipeline\\Pipeline->Illuminate\\Pipeline\\{closure}()
#50 /var/www/SAAFCECEYT/vendor/laravel/framework/src/Illuminate/Pipeline/Pipeline.php(183): Illuminate\\Http\\Middleware\\HandleCors->handle()
#51 /var/www/SAAFCECEYT/vendor/laravel/framework/src/Illuminate/Http/Middleware/TrustProxies.php(58): Illuminate\\Pipeline\\Pipeline->Illuminate\\Pipeline\\{closure}()
#52 /var/www/SAAFCECEYT/vendor/laravel/framework/src/Illuminate/Pipeline/Pipeline.php(183): Illuminate\\Http\\Middleware\\TrustProxies->handle()
#53 /var/www/SAAFCECEYT/vendor/laravel/framework/src/Illuminate/Foundation/Http/Middleware/InvokeDeferredCallbacks.php(22): Illuminate\\Pipeline\\Pipeline->Illuminate\\Pipeline\\{closure}()
#54 /var/www/SAAFCECEYT/vendor/laravel/framework/src/Illuminate/Pipeline/Pipeline.php(183): Illuminate\\Foundation\\Http\\Middleware\\InvokeDeferredCallbacks->handle()
#55 /var/www/SAAFCECEYT/vendor/laravel/framework/src/Illuminate/Pipeline/Pipeline.php(119): Illuminate\\Pipeline\\Pipeline->Illuminate\\Pipeline\\{closure}()
#56 /var/www/SAAFCECEYT/vendor/laravel/framework/src/Illuminate/Foundation/Http/Kernel.php(176): Illuminate\\Pipeline\\Pipeline->then()
#57 /var/www/SAAFCECEYT/vendor/laravel/framework/src/Illuminate/Foundation/Http/Kernel.php(145): Illuminate\\Foundation\\Http\\Kernel->sendRequestThroughRouter()
#58 /var/www/SAAFCECEYT/vendor/laravel/framework/src/Illuminate/Foundation/Application.php(1190): Illuminate\\Foundation\\Http\\Kernel->handle()
#59 /var/www/SAAFCECEYT/public/index.php(17): Illuminate\\Foundation\\Application->handleRequest()
#60 {main}
"} 
[2025-08-23 18:16:49] local.ERROR: SQLSTATE[HY000] [1698] Access denied for user 'root'@'localhost' (Connection: mysql, SQL: select * from `sessions` where `id` = Uz6B5xmzEHwqjmxZ2bnxIZwQBNpM3EOrHVlP5nkx limit 1) {"exception":"[object] (Illuminate\\Database\\QueryException(code: 1698): SQLSTATE[HY000] [1698] Access denied for user 'root'@'localhost' (Connection: mysql, SQL: select * from `sessions` where `id` = Uz6B5xmzEHwqjmxZ2bnxIZwQBNpM3EOrHVlP5nkx limit 1) at /var/www/SAAFCECEYT/vendor/laravel/framework/src/Illuminate/Database/Connection.php:825)
[stacktrace]
#0 /var/www/SAAFCECEYT/vendor/laravel/framework/src/Illuminate/Database/Connection.php(779): Illuminate\\Database\\Connection->runQueryCallback()
#1 /var/www/SAAFCECEYT/vendor/laravel/framework/src/Illuminate/Database/Connection.php(398): Illuminate\\Database\\Connection->run()
#2 /var/www/SAAFCECEYT/vendor/laravel/framework/src/Illuminate/Database/Query/Builder.php(3133): Illuminate\\Database\\Connection->select()
#3 /var/www/SAAFCECEYT/vendor/laravel/framework/src/Illuminate/Database/Query/Builder.php(3118): Illuminate\\Database\\Query\\Builder->runSelect()
#4 /var/www/SAAFCECEYT/vendor/laravel/framework/src/Illuminate/Database/Query/Builder.php(3706): Illuminate\\Database\\Query\\Builder->Illuminate\\Database\\Query\\{closure}()
#5 /var/www/SAAFCECEYT/vendor/laravel/framework/src/Illuminate/Database/Query/Builder.php(3117): Illuminate\\Database\\Query\\Builder->onceWithColumns()
#6 /var/www/SAAFCECEYT/vendor/laravel/framework/src/Illuminate/Database/Concerns/BuildsQueries.php(344): Illuminate\\Database\\Query\\Builder->get()
#7 /var/www/SAAFCECEYT/vendor/laravel/framework/src/Illuminate/Database/Query/Builder.php(3038): Illuminate\\Database\\Query\\Builder->first()
#8 /var/www/SAAFCECEYT/vendor/laravel/framework/src/Illuminate/Session/DatabaseSessionHandler.php(97): Illuminate\\Database\\Query\\Builder->find()
#9 /var/www/SAAFCECEYT/vendor/laravel/framework/src/Illuminate/Session/Store.php(113): Illuminate\\Session\\DatabaseSessionHandler->read()
#10 /var/www/SAAFCECEYT/vendor/laravel/framework/src/Illuminate/Session/Store.php(101): Illuminate\\Session\\Store->readFromHandler()
#11 /var/www/SAAFCECEYT/vendor/laravel/framework/src/Illuminate/Session/Store.php(85): Illuminate\\Session\\Store->loadSession()
#12 /var/www/SAAFCECEYT/vendor/laravel/framework/src/Illuminate/Session/Middleware/StartSession.php(147): Illuminate\\Session\\Store->start()
#13 /var/www/SAAFCECEYT/vendor/laravel/framework/src/Illuminate/Support/helpers.php(393): Illuminate\\Session\\Middleware\\StartSession->Illuminate\\Session\\Middleware\\{closure}()
#14 /var/www/SAAFCECEYT/vendor/laravel/framework/src/Illuminate/Session/Middleware/StartSession.php(144): tap()
#15 /var/www/SAAFCECEYT/vendor/laravel/framework/src/Illuminate/Session/Middleware/StartSession.php(116): Illuminate\\Session\\Middleware\\StartSession->startSession()
#16 /var/www/SAAFCECEYT/vendor/laravel/framework/src/Illuminate/Session/Middleware/StartSession.php(64): Illuminate\\Session\\Middleware\\StartSession->handleStatefulRequest()
#17 /var/www/SAAFCECEYT/vendor/laravel/framework/src/Illuminate/Pipeline/Pipeline.php(183): Illuminate\\Session\\Middleware\\StartSession->handle()
#18 /var/www/SAAFCECEYT/vendor/laravel/framework/src/Illuminate/Cookie/Middleware/AddQueuedCookiesToResponse.php(37): Illuminate\\Pipeline\\Pipeline->Illuminate\\Pipeline\\{closure}()
#19 /var/www/SAAFCECEYT/vendor/laravel/framework/src/Illuminate/Pipeline/Pipeline.php(183): Illuminate\\Cookie\\Middleware\\AddQueuedCookiesToResponse->handle()
#20 /var/www/SAAFCECEYT/vendor/laravel/framework/src/Illuminate/Cookie/Middleware/EncryptCookies.php(75): Illuminate\\Pipeline\\Pipeline->Illuminate\\Pipeline\\{closure}()
#21 /var/www/SAAFCECEYT/vendor/laravel/framework/src/Illuminate/Pipeline/Pipeline.php(183): Illuminate\\Cookie\\Middleware\\EncryptCookies->handle()
#22 /var/www/SAAFCECEYT/vendor/laravel/framework/src/Illuminate/Pipeline/Pipeline.php(119): Illuminate\\Pipeline\\Pipeline->Illuminate\\Pipeline\\{closure}()
#23 /var/www/SAAFCECEYT/vendor/laravel/framework/src/Illuminate/Routing/Router.php(807): Illuminate\\Pipeline\\Pipeline->then()
#24 /var/www/SAAFCECEYT/vendor/laravel/framework/src/Illuminate/Routing/Router.php(786): Illuminate\\Routing\\Router->runRouteWithinStack()
#25 /var/www/SAAFCECEYT/vendor/laravel/framework/src/Illuminate/Routing/Router.php(750): Illuminate\\Routing\\Router->runRoute()
#26 /var/www/SAAFCECEYT/vendor/laravel/framework/src/Illuminate/Routing/Router.php(739): Illuminate\\Routing\\Router->dispatchToRoute()
#27 /var/www/SAAFCECEYT/vendor/laravel/framework/src/Illuminate/Foundation/Http/Kernel.php(201): Illuminate\\Routing\\Router->dispatch()
#28 /var/www/SAAFCECEYT/vendor/laravel/framework/src/Illuminate/Pipeline/Pipeline.php(144): Illuminate\\Foundation\\Http\\Kernel->Illuminate\\Foundation\\Http\\{closure}()
#29 /var/www/SAAFCECEYT/vendor/laravel/framework/src/Illuminate/Foundation/Http/Middleware/TransformsRequest.php(21): Illuminate\\Pipeline\\Pipeline->Illuminate\\Pipeline\\{closure}()
#30 /var/www/SAAFCECEYT/vendor/laravel/framework/src/Illuminate/Foundation/Http/Middleware/ConvertEmptyStringsToNull.php(31): Illuminate\\Foundation\\Http\\Middleware\\TransformsRequest->handle()
#31 /var/www/SAAFCECEYT/vendor/laravel/framework/src/Illuminate/Pipeline/Pipeline.php(183): Illuminate\\Foundation\\Http\\Middleware\\ConvertEmptyStringsToNull->handle()
#32 /var/www/SAAFCECEYT/vendor/laravel/framework/src/Illuminate/Foundation/Http/Middleware/TransformsRequest.php(21): Illuminate\\Pipeline\\Pipeline->Illuminate\\Pipeline\\{closure}()
#33 /var/www/SAAFCECEYT/vendor/laravel/framework/src/Illuminate/Foundation/Http/Middleware/TrimStrings.php(51): Illuminate\\Foundation\\Http\\Middleware\\TransformsRequest->handle()
#34 /var/www/SAAFCECEYT/vendor/laravel/framework/src/Illuminate/Pipeline/Pipeline.php(183): Illuminate\\Foundation\\Http\\Middleware\\TrimStrings->handle()
#35 /var/www/SAAFCECEYT/vendor/laravel/framework/src/Illuminate/Http/Middleware/ValidatePostSize.php(27): Illuminate\\Pipeline\\Pipeline->Illuminate\\Pipeline\\{closure}()
#36 /var/www/SAAFCECEYT/vendor/laravel/framework/src/Illuminate/Pipeline/Pipeline.php(183): Illuminate\\Http\\Middleware\\ValidatePostSize->handle()
#37 /var/www/SAAFCECEYT/vendor/laravel/framework/src/Illuminate/Foundation/Http/Middleware/PreventRequestsDuringMaintenance.php(110): Illuminate\\Pipeline\\Pipeline->Illuminate\\Pipeline\\{closure}()
#38 /var/www/SAAFCECEYT/vendor/laravel/framework/src/Illuminate/Pipeline/Pipeline.php(183): Illuminate\\Foundation\\Http\\Middleware\\PreventRequestsDuringMaintenance->handle()
#39 /var/www/SAAFCECEYT/vendor/laravel/framework/src/Illuminate/Http/Middleware/HandleCors.php(49): Illuminate\\Pipeline\\Pipeline->Illuminate\\Pipeline\\{closure}()
#40 /var/www/SAAFCECEYT/vendor/laravel/framework/src/Illuminate/Pipeline/Pipeline.php(183): Illuminate\\Http\\Middleware\\HandleCors->handle()
#41 /var/www/SAAFCECEYT/vendor/laravel/framework/src/Illuminate/Http/Middleware/TrustProxies.php(58): Illuminate\\Pipeline\\Pipeline->Illuminate\\Pipeline\\{closure}()
#42 /var/www/SAAFCECEYT/vendor/laravel/framework/src/Illuminate/Pipeline/Pipeline.php(183): Illuminate\\Http\\Middleware\\TrustProxies->handle()
#43 /var/www/SAAFCECEYT/vendor/laravel/framework/src/Illuminate/Foundation/Http/Middleware/InvokeDeferredCallbacks.php(22): Illuminate\\Pipeline\\Pipeline->Illuminate\\Pipeline\\{closure}()
#44 /var/www/SAAFCECEYT/vendor/laravel/framework/src/Illuminate/Pipeline/Pipeline.php(183): Illuminate\\Foundation\\Http\\Middleware\\InvokeDeferredCallbacks->handle()
#45 /var/www/SAAFCECEYT/vendor/laravel/framework/src/Illuminate/Pipeline/Pipeline.php(119): Illuminate\\Pipeline\\Pipeline->Illuminate\\Pipeline\\{closure}()
#46 /var/www/SAAFCECEYT/vendor/laravel/framework/src/Illuminate/Foundation/Http/Kernel.php(176): Illuminate\\Pipeline\\Pipeline->then()
#47 /var/www/SAAFCECEYT/vendor/laravel/framework/src/Illuminate/Foundation/Http/Kernel.php(145): Illuminate\\Foundation\\Http\\Kernel->sendRequestThroughRouter()
#48 /var/www/SAAFCECEYT/vendor/laravel/framework/src/Illuminate/Foundation/Application.php(1190): Illuminate\\Foundation\\Http\\Kernel->handle()
#49 /var/www/SAAFCECEYT/public/index.php(17): Illuminate\\Foundation\\Application->handleRequest()
#50 {main}

[previous exception] [object] (PDOException(code: 1698): SQLSTATE[HY000] [1698] Access denied for user 'root'@'localhost' at /var/www/SAAFCECEYT/vendor/laravel/framework/src/Illuminate/Database/Connectors/Connector.php:66)
[stacktrace]
#0 /var/www/SAAFCECEYT/vendor/laravel/framework/src/Illuminate/Database/Connectors/Connector.php(66): PDO->__construct()
#1 /var/www/SAAFCECEYT/vendor/laravel/framework/src/Illuminate/Database/Connectors/Connector.php(44): Illuminate\\Database\\Connectors\\Connector->createPdoConnection()
#2 /var/www/SAAFCECEYT/vendor/laravel/framework/src/Illuminate/Database/Connectors/MySqlConnector.php(24): Illuminate\\Database\\Connectors\\Connector->createConnection()
#3 /var/www/SAAFCECEYT/vendor/laravel/framework/src/Illuminate/Database/Connectors/ConnectionFactory.php(185): Illuminate\\Database\\Connectors\\MySqlConnector->connect()
#4 [internal function]: Illuminate\\Database\\Connectors\\ConnectionFactory->Illuminate\\Database\\Connectors\\{closure}()
#5 /var/www/SAAFCECEYT/vendor/laravel/framework/src/Illuminate/Database/Connection.php(1231): call_user_func()
#6 /var/www/SAAFCECEYT/vendor/laravel/framework/src/Illuminate/Database/Connection.php(1267): Illuminate\\Database\\Connection->getPdo()
#7 /var/www/SAAFCECEYT/vendor/laravel/framework/src/Illuminate/Database/Connection.php(512): Illuminate\\Database\\Connection->getReadPdo()
#8 /var/www/SAAFCECEYT/vendor/laravel/framework/src/Illuminate/Database/Connection.php(407): Illuminate\\Database\\Connection->getPdoForSelect()
#9 /var/www/SAAFCECEYT/vendor/laravel/framework/src/Illuminate/Database/Connection.php(812): Illuminate\\Database\\Connection->Illuminate\\Database\\{closure}()
#10 /var/www/SAAFCECEYT/vendor/laravel/framework/src/Illuminate/Database/Connection.php(779): Illuminate\\Database\\Connection->runQueryCallback()
#11 /var/www/SAAFCECEYT/vendor/laravel/framework/src/Illuminate/Database/Connection.php(398): Illuminate\\Database\\Connection->run()
#12 /var/www/SAAFCECEYT/vendor/laravel/framework/src/Illuminate/Database/Query/Builder.php(3133): Illuminate\\Database\\Connection->select()
#13 /var/www/SAAFCECEYT/vendor/laravel/framework/src/Illuminate/Database/Query/Builder.php(3118): Illuminate\\Database\\Query\\Builder->runSelect()
#14 /var/www/SAAFCECEYT/vendor/laravel/framework/src/Illuminate/Database/Query/Builder.php(3706): Illuminate\\Database\\Query\\Builder->Illuminate\\Database\\Query\\{closure}()
#15 /var/www/SAAFCECEYT/vendor/laravel/framework/src/Illuminate/Database/Query/Builder.php(3117): Illuminate\\Database\\Query\\Builder->onceWithColumns()
#16 /var/www/SAAFCECEYT/vendor/laravel/framework/src/Illuminate/Database/Concerns/BuildsQueries.php(344): Illuminate\\Database\\Query\\Builder->get()
#17 /var/www/SAAFCECEYT/vendor/laravel/framework/src/Illuminate/Database/Query/Builder.php(3038): Illuminate\\Database\\Query\\Builder->first()
#18 /var/www/SAAFCECEYT/vendor/laravel/framework/src/Illuminate/Session/DatabaseSessionHandler.php(97): Illuminate\\Database\\Query\\Builder->find()
#19 /var/www/SAAFCECEYT/vendor/laravel/framework/src/Illuminate/Session/Store.php(113): Illuminate\\Session\\DatabaseSessionHandler->read()
#20 /var/www/SAAFCECEYT/vendor/laravel/framework/src/Illuminate/Session/Store.php(101): Illuminate\\Session\\Store->readFromHandler()
#21 /var/www/SAAFCECEYT/vendor/laravel/framework/src/Illuminate/Session/Store.php(85): Illuminate\\Session\\Store->loadSession()
#22 /var/www/SAAFCECEYT/vendor/laravel/framework/src/Illuminate/Session/Middleware/StartSession.php(147): Illuminate\\Session\\Store->start()
#23 /var/www/SAAFCECEYT/vendor/laravel/framework/src/Illuminate/Support/helpers.php(393): Illuminate\\Session\\Middleware\\StartSession->Illuminate\\Session\\Middleware\\{closure}()
#24 /var/www/SAAFCECEYT/vendor/laravel/framework/src/Illuminate/Session/Middleware/StartSession.php(144): tap()
#25 /var/www/SAAFCECEYT/vendor/laravel/framework/src/Illuminate/Session/Middleware/StartSession.php(116): Illuminate\\Session\\Middleware\\StartSession->startSession()
#26 /var/www/SAAFCECEYT/vendor/laravel/framework/src/Illuminate/Session/Middleware/StartSession.php(64): Illuminate\\Session\\Middleware\\StartSession->handleStatefulRequest()
#27 /var/www/SAAFCECEYT/vendor/laravel/framework/src/Illuminate/Pipeline/Pipeline.php(183): Illuminate\\Session\\Middleware\\StartSession->handle()
#28 /var/www/SAAFCECEYT/vendor/laravel/framework/src/Illuminate/Cookie/Middleware/AddQueuedCookiesToResponse.php(37): Illuminate\\Pipeline\\Pipeline->Illuminate\\Pipeline\\{closure}()
#29 /var/www/SAAFCECEYT/vendor/laravel/framework/src/Illuminate/Pipeline/Pipeline.php(183): Illuminate\\Cookie\\Middleware\\AddQueuedCookiesToResponse->handle()
#30 /var/www/SAAFCECEYT/vendor/laravel/framework/src/Illuminate/Cookie/Middleware/EncryptCookies.php(75): Illuminate\\Pipeline\\Pipeline->Illuminate\\Pipeline\\{closure}()
#31 /var/www/SAAFCECEYT/vendor/laravel/framework/src/Illuminate/Pipeline/Pipeline.php(183): Illuminate\\Cookie\\Middleware\\EncryptCookies->handle()
#32 /var/www/SAAFCECEYT/vendor/laravel/framework/src/Illuminate/Pipeline/Pipeline.php(119): Illuminate\\Pipeline\\Pipeline->Illuminate\\Pipeline\\{closure}()
#33 /var/www/SAAFCECEYT/vendor/laravel/framework/src/Illuminate/Routing/Router.php(807): Illuminate\\Pipeline\\Pipeline->then()
#34 /var/www/SAAFCECEYT/vendor/laravel/framework/src/Illuminate/Routing/Router.php(786): Illuminate\\Routing\\Router->runRouteWithinStack()
#35 /var/www/SAAFCECEYT/vendor/laravel/framework/src/Illuminate/Routing/Router.php(750): Illuminate\\Routing\\Router->runRoute()
#36 /var/www/SAAFCECEYT/vendor/laravel/framework/src/Illuminate/Routing/Router.php(739): Illuminate\\Routing\\Router->dispatchToRoute()
#37 /var/www/SAAFCECEYT/vendor/laravel/framework/src/Illuminate/Foundation/Http/Kernel.php(201): Illuminate\\Routing\\Router->dispatch()
#38 /var/www/SAAFCECEYT/vendor/laravel/framework/src/Illuminate/Pipeline/Pipeline.php(144): Illuminate\\Foundation\\Http\\Kernel->Illuminate\\Foundation\\Http\\{closure}()
#39 /var/www/SAAFCECEYT/vendor/laravel/framework/src/Illuminate/Foundation/Http/Middleware/TransformsRequest.php(21): Illuminate\\Pipeline\\Pipeline->Illuminate\\Pipeline\\{closure}()
#40 /var/www/SAAFCECEYT/vendor/laravel/framework/src/Illuminate/Foundation/Http/Middleware/ConvertEmptyStringsToNull.php(31): Illuminate\\Foundation\\Http\\Middleware\\TransformsRequest->handle()
#41 /var/www/SAAFCECEYT/vendor/laravel/framework/src/Illuminate/Pipeline/Pipeline.php(183): Illuminate\\Foundation\\Http\\Middleware\\ConvertEmptyStringsToNull->handle()
#42 /var/www/SAAFCECEYT/vendor/laravel/framework/src/Illuminate/Foundation/Http/Middleware/TransformsRequest.php(21): Illuminate\\Pipeline\\Pipeline->Illuminate\\Pipeline\\{closure}()
#43 /var/www/SAAFCECEYT/vendor/laravel/framework/src/Illuminate/Foundation/Http/Middleware/TrimStrings.php(51): Illuminate\\Foundation\\Http\\Middleware\\TransformsRequest->handle()
#44 /var/www/SAAFCECEYT/vendor/laravel/framework/src/Illuminate/Pipeline/Pipeline.php(183): Illuminate\\Foundation\\Http\\Middleware\\TrimStrings->handle()
#45 /var/www/SAAFCECEYT/vendor/laravel/framework/src/Illuminate/Http/Middleware/ValidatePostSize.php(27): Illuminate\\Pipeline\\Pipeline->Illuminate\\Pipeline\\{closure}()
#46 /var/www/SAAFCECEYT/vendor/laravel/framework/src/Illuminate/Pipeline/Pipeline.php(183): Illuminate\\Http\\Middleware\\ValidatePostSize->handle()
#47 /var/www/SAAFCECEYT/vendor/laravel/framework/src/Illuminate/Foundation/Http/Middleware/PreventRequestsDuringMaintenance.php(110): Illuminate\\Pipeline\\Pipeline->Illuminate\\Pipeline\\{closure}()
#48 /var/www/SAAFCECEYT/vendor/laravel/framework/src/Illuminate/Pipeline/Pipeline.php(183): Illuminate\\Foundation\\Http\\Middleware\\PreventRequestsDuringMaintenance->handle()
#49 /var/www/SAAFCECEYT/vendor/laravel/framework/src/Illuminate/Http/Middleware/HandleCors.php(49): Illuminate\\Pipeline\\Pipeline->Illuminate\\Pipeline\\{closure}()
#50 /var/www/SAAFCECEYT/vendor/laravel/framework/src/Illuminate/Pipeline/Pipeline.php(183): Illuminate\\Http\\Middleware\\HandleCors->handle()
#51 /var/www/SAAFCECEYT/vendor/laravel/framework/src/Illuminate/Http/Middleware/TrustProxies.php(58): Illuminate\\Pipeline\\Pipeline->Illuminate\\Pipeline\\{closure}()
#52 /var/www/SAAFCECEYT/vendor/laravel/framework/src/Illuminate/Pipeline/Pipeline.php(183): Illuminate\\Http\\Middleware\\TrustProxies->handle()
#53 /var/www/SAAFCECEYT/vendor/laravel/framework/src/Illuminate/Foundation/Http/Middleware/InvokeDeferredCallbacks.php(22): Illuminate\\Pipeline\\Pipeline->Illuminate\\Pipeline\\{closure}()
#54 /var/www/SAAFCECEYT/vendor/laravel/framework/src/Illuminate/Pipeline/Pipeline.php(183): Illuminate\\Foundation\\Http\\Middleware\\InvokeDeferredCallbacks->handle()
#55 /var/www/SAAFCECEYT/vendor/laravel/framework/src/Illuminate/Pipeline/Pipeline.php(119): Illuminate\\Pipeline\\Pipeline->Illuminate\\Pipeline\\{closure}()
#56 /var/www/SAAFCECEYT/vendor/laravel/framework/src/Illuminate/Foundation/Http/Kernel.php(176): Illuminate\\Pipeline\\Pipeline->then()
#57 /var/www/SAAFCECEYT/vendor/laravel/framework/src/Illuminate/Foundation/Http/Kernel.php(145): Illuminate\\Foundation\\Http\\Kernel->sendRequestThroughRouter()
#58 /var/www/SAAFCECEYT/vendor/laravel/framework/src/Illuminate/Foundation/Application.php(1190): Illuminate\\Foundation\\Http\\Kernel->handle()
#59 /var/www/SAAFCECEYT/public/index.php(17): Illuminate\\Foundation\\Application->handleRequest()
#60 {main}
"} 
[2025-08-23 18:16:52] local.ERROR: SQLSTATE[HY000] [1698] Access denied for user 'root'@'localhost' (Connection: mysql, SQL: select * from `sessions` where `id` = 7KCPyWOWPRYBAn8JttzcC4jgvuqFcHiIUXakCPHm limit 1) {"exception":"[object] (Illuminate\\Database\\QueryException(code: 1698): SQLSTATE[HY000] [1698] Access denied for user 'root'@'localhost' (Connection: mysql, SQL: select * from `sessions` where `id` = 7KCPyWOWPRYBAn8JttzcC4jgvuqFcHiIUXakCPHm limit 1) at /var/www/SAAFCECEYT/vendor/laravel/framework/src/Illuminate/Database/Connection.php:825)
[stacktrace]
#0 /var/www/SAAFCECEYT/vendor/laravel/framework/src/Illuminate/Database/Connection.php(779): Illuminate\\Database\\Connection->runQueryCallback()
#1 /var/www/SAAFCECEYT/vendor/laravel/framework/src/Illuminate/Database/Connection.php(398): Illuminate\\Database\\Connection->run()
#2 /var/www/SAAFCECEYT/vendor/laravel/framework/src/Illuminate/Database/Query/Builder.php(3133): Illuminate\\Database\\Connection->select()
#3 /var/www/SAAFCECEYT/vendor/laravel/framework/src/Illuminate/Database/Query/Builder.php(3118): Illuminate\\Database\\Query\\Builder->runSelect()
#4 /var/www/SAAFCECEYT/vendor/laravel/framework/src/Illuminate/Database/Query/Builder.php(3706): Illuminate\\Database\\Query\\Builder->Illuminate\\Database\\Query\\{closure}()
#5 /var/www/SAAFCECEYT/vendor/laravel/framework/src/Illuminate/Database/Query/Builder.php(3117): Illuminate\\Database\\Query\\Builder->onceWithColumns()
#6 /var/www/SAAFCECEYT/vendor/laravel/framework/src/Illuminate/Database/Concerns/BuildsQueries.php(344): Illuminate\\Database\\Query\\Builder->get()
#7 /var/www/SAAFCECEYT/vendor/laravel/framework/src/Illuminate/Database/Query/Builder.php(3038): Illuminate\\Database\\Query\\Builder->first()
#8 /var/www/SAAFCECEYT/vendor/laravel/framework/src/Illuminate/Session/DatabaseSessionHandler.php(97): Illuminate\\Database\\Query\\Builder->find()
#9 /var/www/SAAFCECEYT/vendor/laravel/framework/src/Illuminate/Session/Store.php(113): Illuminate\\Session\\DatabaseSessionHandler->read()
#10 /var/www/SAAFCECEYT/vendor/laravel/framework/src/Illuminate/Session/Store.php(101): Illuminate\\Session\\Store->readFromHandler()
#11 /var/www/SAAFCECEYT/vendor/laravel/framework/src/Illuminate/Session/Store.php(85): Illuminate\\Session\\Store->loadSession()
#12 /var/www/SAAFCECEYT/vendor/laravel/framework/src/Illuminate/Session/Middleware/StartSession.php(147): Illuminate\\Session\\Store->start()
#13 /var/www/SAAFCECEYT/vendor/laravel/framework/src/Illuminate/Support/helpers.php(393): Illuminate\\Session\\Middleware\\StartSession->Illuminate\\Session\\Middleware\\{closure}()
#14 /var/www/SAAFCECEYT/vendor/laravel/framework/src/Illuminate/Session/Middleware/StartSession.php(144): tap()
#15 /var/www/SAAFCECEYT/vendor/laravel/framework/src/Illuminate/Session/Middleware/StartSession.php(116): Illuminate\\Session\\Middleware\\StartSession->startSession()
#16 /var/www/SAAFCECEYT/vendor/laravel/framework/src/Illuminate/Session/Middleware/StartSession.php(64): Illuminate\\Session\\Middleware\\StartSession->handleStatefulRequest()
#17 /var/www/SAAFCECEYT/vendor/laravel/framework/src/Illuminate/Pipeline/Pipeline.php(183): Illuminate\\Session\\Middleware\\StartSession->handle()
#18 /var/www/SAAFCECEYT/vendor/laravel/framework/src/Illuminate/Cookie/Middleware/AddQueuedCookiesToResponse.php(37): Illuminate\\Pipeline\\Pipeline->Illuminate\\Pipeline\\{closure}()
#19 /var/www/SAAFCECEYT/vendor/laravel/framework/src/Illuminate/Pipeline/Pipeline.php(183): Illuminate\\Cookie\\Middleware\\AddQueuedCookiesToResponse->handle()
#20 /var/www/SAAFCECEYT/vendor/laravel/framework/src/Illuminate/Cookie/Middleware/EncryptCookies.php(75): Illuminate\\Pipeline\\Pipeline->Illuminate\\Pipeline\\{closure}()
#21 /var/www/SAAFCECEYT/vendor/laravel/framework/src/Illuminate/Pipeline/Pipeline.php(183): Illuminate\\Cookie\\Middleware\\EncryptCookies->handle()
#22 /var/www/SAAFCECEYT/vendor/laravel/framework/src/Illuminate/Pipeline/Pipeline.php(119): Illuminate\\Pipeline\\Pipeline->Illuminate\\Pipeline\\{closure}()
#23 /var/www/SAAFCECEYT/vendor/laravel/framework/src/Illuminate/Routing/Router.php(807): Illuminate\\Pipeline\\Pipeline->then()
#24 /var/www/SAAFCECEYT/vendor/laravel/framework/src/Illuminate/Routing/Router.php(786): Illuminate\\Routing\\Router->runRouteWithinStack()
#25 /var/www/SAAFCECEYT/vendor/laravel/framework/src/Illuminate/Routing/Router.php(750): Illuminate\\Routing\\Router->runRoute()
#26 /var/www/SAAFCECEYT/vendor/laravel/framework/src/Illuminate/Routing/Router.php(739): Illuminate\\Routing\\Router->dispatchToRoute()
#27 /var/www/SAAFCECEYT/vendor/laravel/framework/src/Illuminate/Foundation/Http/Kernel.php(201): Illuminate\\Routing\\Router->dispatch()
#28 /var/www/SAAFCECEYT/vendor/laravel/framework/src/Illuminate/Pipeline/Pipeline.php(144): Illuminate\\Foundation\\Http\\Kernel->Illuminate\\Foundation\\Http\\{closure}()
#29 /var/www/SAAFCECEYT/vendor/laravel/framework/src/Illuminate/Foundation/Http/Middleware/TransformsRequest.php(21): Illuminate\\Pipeline\\Pipeline->Illuminate\\Pipeline\\{closure}()
#30 /var/www/SAAFCECEYT/vendor/laravel/framework/src/Illuminate/Foundation/Http/Middleware/ConvertEmptyStringsToNull.php(31): Illuminate\\Foundation\\Http\\Middleware\\TransformsRequest->handle()
#31 /var/www/SAAFCECEYT/vendor/laravel/framework/src/Illuminate/Pipeline/Pipeline.php(183): Illuminate\\Foundation\\Http\\Middleware\\ConvertEmptyStringsToNull->handle()
#32 /var/www/SAAFCECEYT/vendor/laravel/framework/src/Illuminate/Foundation/Http/Middleware/TransformsRequest.php(21): Illuminate\\Pipeline\\Pipeline->Illuminate\\Pipeline\\{closure}()
#33 /var/www/SAAFCECEYT/vendor/laravel/framework/src/Illuminate/Foundation/Http/Middleware/TrimStrings.php(51): Illuminate\\Foundation\\Http\\Middleware\\TransformsRequest->handle()
#34 /var/www/SAAFCECEYT/vendor/laravel/framework/src/Illuminate/Pipeline/Pipeline.php(183): Illuminate\\Foundation\\Http\\Middleware\\TrimStrings->handle()
#35 /var/www/SAAFCECEYT/vendor/laravel/framework/src/Illuminate/Http/Middleware/ValidatePostSize.php(27): Illuminate\\Pipeline\\Pipeline->Illuminate\\Pipeline\\{closure}()
#36 /var/www/SAAFCECEYT/vendor/laravel/framework/src/Illuminate/Pipeline/Pipeline.php(183): Illuminate\\Http\\Middleware\\ValidatePostSize->handle()
#37 /var/www/SAAFCECEYT/vendor/laravel/framework/src/Illuminate/Foundation/Http/Middleware/PreventRequestsDuringMaintenance.php(110): Illuminate\\Pipeline\\Pipeline->Illuminate\\Pipeline\\{closure}()
#38 /var/www/SAAFCECEYT/vendor/laravel/framework/src/Illuminate/Pipeline/Pipeline.php(183): Illuminate\\Foundation\\Http\\Middleware\\PreventRequestsDuringMaintenance->handle()
#39 /var/www/SAAFCECEYT/vendor/laravel/framework/src/Illuminate/Http/Middleware/HandleCors.php(49): Illuminate\\Pipeline\\Pipeline->Illuminate\\Pipeline\\{closure}()
#40 /var/www/SAAFCECEYT/vendor/laravel/framework/src/Illuminate/Pipeline/Pipeline.php(183): Illuminate\\Http\\Middleware\\HandleCors->handle()
#41 /var/www/SAAFCECEYT/vendor/laravel/framework/src/Illuminate/Http/Middleware/TrustProxies.php(58): Illuminate\\Pipeline\\Pipeline->Illuminate\\Pipeline\\{closure}()
#42 /var/www/SAAFCECEYT/vendor/laravel/framework/src/Illuminate/Pipeline/Pipeline.php(183): Illuminate\\Http\\Middleware\\TrustProxies->handle()
#43 /var/www/SAAFCECEYT/vendor/laravel/framework/src/Illuminate/Foundation/Http/Middleware/InvokeDeferredCallbacks.php(22): Illuminate\\Pipeline\\Pipeline->Illuminate\\Pipeline\\{closure}()
#44 /var/www/SAAFCECEYT/vendor/laravel/framework/src/Illuminate/Pipeline/Pipeline.php(183): Illuminate\\Foundation\\Http\\Middleware\\InvokeDeferredCallbacks->handle()
#45 /var/www/SAAFCECEYT/vendor/laravel/framework/src/Illuminate/Pipeline/Pipeline.php(119): Illuminate\\Pipeline\\Pipeline->Illuminate\\Pipeline\\{closure}()
#46 /var/www/SAAFCECEYT/vendor/laravel/framework/src/Illuminate/Foundation/Http/Kernel.php(176): Illuminate\\Pipeline\\Pipeline->then()
#47 /var/www/SAAFCECEYT/vendor/laravel/framework/src/Illuminate/Foundation/Http/Kernel.php(145): Illuminate\\Foundation\\Http\\Kernel->sendRequestThroughRouter()
#48 /var/www/SAAFCECEYT/vendor/laravel/framework/src/Illuminate/Foundation/Application.php(1190): Illuminate\\Foundation\\Http\\Kernel->handle()
#49 /var/www/SAAFCECEYT/public/index.php(17): Illuminate\\Foundation\\Application->handleRequest()
#50 {main}

[previous exception] [object] (PDOException(code: 1698): SQLSTATE[HY000] [1698] Access denied for user 'root'@'localhost' at /var/www/SAAFCECEYT/vendor/laravel/framework/src/Illuminate/Database/Connectors/Connector.php:66)
[stacktrace]
#0 /var/www/SAAFCECEYT/vendor/laravel/framework/src/Illuminate/Database/Connectors/Connector.php(66): PDO->__construct()
#1 /var/www/SAAFCECEYT/vendor/laravel/framework/src/Illuminate/Database/Connectors/Connector.php(44): Illuminate\\Database\\Connectors\\Connector->createPdoConnection()
#2 /var/www/SAAFCECEYT/vendor/laravel/framework/src/Illuminate/Database/Connectors/MySqlConnector.php(24): Illuminate\\Database\\Connectors\\Connector->createConnection()
#3 /var/www/SAAFCECEYT/vendor/laravel/framework/src/Illuminate/Database/Connectors/ConnectionFactory.php(185): Illuminate\\Database\\Connectors\\MySqlConnector->connect()
#4 [internal function]: Illuminate\\Database\\Connectors\\ConnectionFactory->Illuminate\\Database\\Connectors\\{closure}()
#5 /var/www/SAAFCECEYT/vendor/laravel/framework/src/Illuminate/Database/Connection.php(1231): call_user_func()
#6 /var/www/SAAFCECEYT/vendor/laravel/framework/src/Illuminate/Database/Connection.php(1267): Illuminate\\Database\\Connection->getPdo()
#7 /var/www/SAAFCECEYT/vendor/laravel/framework/src/Illuminate/Database/Connection.php(512): Illuminate\\Database\\Connection->getReadPdo()
#8 /var/www/SAAFCECEYT/vendor/laravel/framework/src/Illuminate/Database/Connection.php(407): Illuminate\\Database\\Connection->getPdoForSelect()
#9 /var/www/SAAFCECEYT/vendor/laravel/framework/src/Illuminate/Database/Connection.php(812): Illuminate\\Database\\Connection->Illuminate\\Database\\{closure}()
#10 /var/www/SAAFCECEYT/vendor/laravel/framework/src/Illuminate/Database/Connection.php(779): Illuminate\\Database\\Connection->runQueryCallback()
#11 /var/www/SAAFCECEYT/vendor/laravel/framework/src/Illuminate/Database/Connection.php(398): Illuminate\\Database\\Connection->run()
#12 /var/www/SAAFCECEYT/vendor/laravel/framework/src/Illuminate/Database/Query/Builder.php(3133): Illuminate\\Database\\Connection->select()
#13 /var/www/SAAFCECEYT/vendor/laravel/framework/src/Illuminate/Database/Query/Builder.php(3118): Illuminate\\Database\\Query\\Builder->runSelect()
#14 /var/www/SAAFCECEYT/vendor/laravel/framework/src/Illuminate/Database/Query/Builder.php(3706): Illuminate\\Database\\Query\\Builder->Illuminate\\Database\\Query\\{closure}()
#15 /var/www/SAAFCECEYT/vendor/laravel/framework/src/Illuminate/Database/Query/Builder.php(3117): Illuminate\\Database\\Query\\Builder->onceWithColumns()
#16 /var/www/SAAFCECEYT/vendor/laravel/framework/src/Illuminate/Database/Concerns/BuildsQueries.php(344): Illuminate\\Database\\Query\\Builder->get()
#17 /var/www/SAAFCECEYT/vendor/laravel/framework/src/Illuminate/Database/Query/Builder.php(3038): Illuminate\\Database\\Query\\Builder->first()
#18 /var/www/SAAFCECEYT/vendor/laravel/framework/src/Illuminate/Session/DatabaseSessionHandler.php(97): Illuminate\\Database\\Query\\Builder->find()
#19 /var/www/SAAFCECEYT/vendor/laravel/framework/src/Illuminate/Session/Store.php(113): Illuminate\\Session\\DatabaseSessionHandler->read()
#20 /var/www/SAAFCECEYT/vendor/laravel/framework/src/Illuminate/Session/Store.php(101): Illuminate\\Session\\Store->readFromHandler()
#21 /var/www/SAAFCECEYT/vendor/laravel/framework/src/Illuminate/Session/Store.php(85): Illuminate\\Session\\Store->loadSession()
#22 /var/www/SAAFCECEYT/vendor/laravel/framework/src/Illuminate/Session/Middleware/StartSession.php(147): Illuminate\\Session\\Store->start()
#23 /var/www/SAAFCECEYT/vendor/laravel/framework/src/Illuminate/Support/helpers.php(393): Illuminate\\Session\\Middleware\\StartSession->Illuminate\\Session\\Middleware\\{closure}()
#24 /var/www/SAAFCECEYT/vendor/laravel/framework/src/Illuminate/Session/Middleware/StartSession.php(144): tap()
#25 /var/www/SAAFCECEYT/vendor/laravel/framework/src/Illuminate/Session/Middleware/StartSession.php(116): Illuminate\\Session\\Middleware\\StartSession->startSession()
#26 /var/www/SAAFCECEYT/vendor/laravel/framework/src/Illuminate/Session/Middleware/StartSession.php(64): Illuminate\\Session\\Middleware\\StartSession->handleStatefulRequest()
#27 /var/www/SAAFCECEYT/vendor/laravel/framework/src/Illuminate/Pipeline/Pipeline.php(183): Illuminate\\Session\\Middleware\\StartSession->handle()
#28 /var/www/SAAFCECEYT/vendor/laravel/framework/src/Illuminate/Cookie/Middleware/AddQueuedCookiesToResponse.php(37): Illuminate\\Pipeline\\Pipeline->Illuminate\\Pipeline\\{closure}()
#29 /var/www/SAAFCECEYT/vendor/laravel/framework/src/Illuminate/Pipeline/Pipeline.php(183): Illuminate\\Cookie\\Middleware\\AddQueuedCookiesToResponse->handle()
#30 /var/www/SAAFCECEYT/vendor/laravel/framework/src/Illuminate/Cookie/Middleware/EncryptCookies.php(75): Illuminate\\Pipeline\\Pipeline->Illuminate\\Pipeline\\{closure}()
#31 /var/www/SAAFCECEYT/vendor/laravel/framework/src/Illuminate/Pipeline/Pipeline.php(183): Illuminate\\Cookie\\Middleware\\EncryptCookies->handle()
#32 /var/www/SAAFCECEYT/vendor/laravel/framework/src/Illuminate/Pipeline/Pipeline.php(119): Illuminate\\Pipeline\\Pipeline->Illuminate\\Pipeline\\{closure}()
#33 /var/www/SAAFCECEYT/vendor/laravel/framework/src/Illuminate/Routing/Router.php(807): Illuminate\\Pipeline\\Pipeline->then()
#34 /var/www/SAAFCECEYT/vendor/laravel/framework/src/Illuminate/Routing/Router.php(786): Illuminate\\Routing\\Router->runRouteWithinStack()
#35 /var/www/SAAFCECEYT/vendor/laravel/framework/src/Illuminate/Routing/Router.php(750): Illuminate\\Routing\\Router->runRoute()
#36 /var/www/SAAFCECEYT/vendor/laravel/framework/src/Illuminate/Routing/Router.php(739): Illuminate\\Routing\\Router->dispatchToRoute()
#37 /var/www/SAAFCECEYT/vendor/laravel/framework/src/Illuminate/Foundation/Http/Kernel.php(201): Illuminate\\Routing\\Router->dispatch()
#38 /var/www/SAAFCECEYT/vendor/laravel/framework/src/Illuminate/Pipeline/Pipeline.php(144): Illuminate\\Foundation\\Http\\Kernel->Illuminate\\Foundation\\Http\\{closure}()
#39 /var/www/SAAFCECEYT/vendor/laravel/framework/src/Illuminate/Foundation/Http/Middleware/TransformsRequest.php(21): Illuminate\\Pipeline\\Pipeline->Illuminate\\Pipeline\\{closure}()
#40 /var/www/SAAFCECEYT/vendor/laravel/framework/src/Illuminate/Foundation/Http/Middleware/ConvertEmptyStringsToNull.php(31): Illuminate\\Foundation\\Http\\Middleware\\TransformsRequest->handle()
#41 /var/www/SAAFCECEYT/vendor/laravel/framework/src/Illuminate/Pipeline/Pipeline.php(183): Illuminate\\Foundation\\Http\\Middleware\\ConvertEmptyStringsToNull->handle()
#42 /var/www/SAAFCECEYT/vendor/laravel/framework/src/Illuminate/Foundation/Http/Middleware/TransformsRequest.php(21): Illuminate\\Pipeline\\Pipeline->Illuminate\\Pipeline\\{closure}()
#43 /var/www/SAAFCECEYT/vendor/laravel/framework/src/Illuminate/Foundation/Http/Middleware/TrimStrings.php(51): Illuminate\\Foundation\\Http\\Middleware\\TransformsRequest->handle()
#44 /var/www/SAAFCECEYT/vendor/laravel/framework/src/Illuminate/Pipeline/Pipeline.php(183): Illuminate\\Foundation\\Http\\Middleware\\TrimStrings->handle()
#45 /var/www/SAAFCECEYT/vendor/laravel/framework/src/Illuminate/Http/Middleware/ValidatePostSize.php(27): Illuminate\\Pipeline\\Pipeline->Illuminate\\Pipeline\\{closure}()
#46 /var/www/SAAFCECEYT/vendor/laravel/framework/src/Illuminate/Pipeline/Pipeline.php(183): Illuminate\\Http\\Middleware\\ValidatePostSize->handle()
#47 /var/www/SAAFCECEYT/vendor/laravel/framework/src/Illuminate/Foundation/Http/Middleware/PreventRequestsDuringMaintenance.php(110): Illuminate\\Pipeline\\Pipeline->Illuminate\\Pipeline\\{closure}()
#48 /var/www/SAAFCECEYT/vendor/laravel/framework/src/Illuminate/Pipeline/Pipeline.php(183): Illuminate\\Foundation\\Http\\Middleware\\PreventRequestsDuringMaintenance->handle()
#49 /var/www/SAAFCECEYT/vendor/laravel/framework/src/Illuminate/Http/Middleware/HandleCors.php(49): Illuminate\\Pipeline\\Pipeline->Illuminate\\Pipeline\\{closure}()
#50 /var/www/SAAFCECEYT/vendor/laravel/framework/src/Illuminate/Pipeline/Pipeline.php(183): Illuminate\\Http\\Middleware\\HandleCors->handle()
#51 /var/www/SAAFCECEYT/vendor/laravel/framework/src/Illuminate/Http/Middleware/TrustProxies.php(58): Illuminate\\Pipeline\\Pipeline->Illuminate\\Pipeline\\{closure}()
#52 /var/www/SAAFCECEYT/vendor/laravel/framework/src/Illuminate/Pipeline/Pipeline.php(183): Illuminate\\Http\\Middleware\\TrustProxies->handle()
#53 /var/www/SAAFCECEYT/vendor/laravel/framework/src/Illuminate/Foundation/Http/Middleware/InvokeDeferredCallbacks.php(22): Illuminate\\Pipeline\\Pipeline->Illuminate\\Pipeline\\{closure}()
#54 /var/www/SAAFCECEYT/vendor/laravel/framework/src/Illuminate/Pipeline/Pipeline.php(183): Illuminate\\Foundation\\Http\\Middleware\\InvokeDeferredCallbacks->handle()
#55 /var/www/SAAFCECEYT/vendor/laravel/framework/src/Illuminate/Pipeline/Pipeline.php(119): Illuminate\\Pipeline\\Pipeline->Illuminate\\Pipeline\\{closure}()
#56 /var/www/SAAFCECEYT/vendor/laravel/framework/src/Illuminate/Foundation/Http/Kernel.php(176): Illuminate\\Pipeline\\Pipeline->then()
#57 /var/www/SAAFCECEYT/vendor/laravel/framework/src/Illuminate/Foundation/Http/Kernel.php(145): Illuminate\\Foundation\\Http\\Kernel->sendRequestThroughRouter()
#58 /var/www/SAAFCECEYT/vendor/laravel/framework/src/Illuminate/Foundation/Application.php(1190): Illuminate\\Foundation\\Http\\Kernel->handle()
#59 /var/www/SAAFCECEYT/public/index.php(17): Illuminate\\Foundation\\Application->handleRequest()
#60 {main}
"} 
[2025-08-23 18:17:00] local.ERROR: SQLSTATE[HY000] [1698] Access denied for user 'root'@'localhost' (Connection: mysql, SQL: select * from `sessions` where `id` = 32s2wwWNntuC1DAyBlFzCeUCk74wBZYCGIF7ZQ8k limit 1) {"exception":"[object] (Illuminate\\Database\\QueryException(code: 1698): SQLSTATE[HY000] [1698] Access denied for user 'root'@'localhost' (Connection: mysql, SQL: select * from `sessions` where `id` = 32s2wwWNntuC1DAyBlFzCeUCk74wBZYCGIF7ZQ8k limit 1) at /var/www/SAAFCECEYT/vendor/laravel/framework/src/Illuminate/Database/Connection.php:825)
[stacktrace]
#0 /var/www/SAAFCECEYT/vendor/laravel/framework/src/Illuminate/Database/Connection.php(779): Illuminate\\Database\\Connection->runQueryCallback()
#1 /var/www/SAAFCECEYT/vendor/laravel/framework/src/Illuminate/Database/Connection.php(398): Illuminate\\Database\\Connection->run()
#2 /var/www/SAAFCECEYT/vendor/laravel/framework/src/Illuminate/Database/Query/Builder.php(3133): Illuminate\\Database\\Connection->select()
#3 /var/www/SAAFCECEYT/vendor/laravel/framework/src/Illuminate/Database/Query/Builder.php(3118): Illuminate\\Database\\Query\\Builder->runSelect()
#4 /var/www/SAAFCECEYT/vendor/laravel/framework/src/Illuminate/Database/Query/Builder.php(3706): Illuminate\\Database\\Query\\Builder->Illuminate\\Database\\Query\\{closure}()
#5 /var/www/SAAFCECEYT/vendor/laravel/framework/src/Illuminate/Database/Query/Builder.php(3117): Illuminate\\Database\\Query\\Builder->onceWithColumns()
#6 /var/www/SAAFCECEYT/vendor/laravel/framework/src/Illuminate/Database/Concerns/BuildsQueries.php(344): Illuminate\\Database\\Query\\Builder->get()
#7 /var/www/SAAFCECEYT/vendor/laravel/framework/src/Illuminate/Database/Query/Builder.php(3038): Illuminate\\Database\\Query\\Builder->first()
#8 /var/www/SAAFCECEYT/vendor/laravel/framework/src/Illuminate/Session/DatabaseSessionHandler.php(97): Illuminate\\Database\\Query\\Builder->find()
#9 /var/www/SAAFCECEYT/vendor/laravel/framework/src/Illuminate/Session/Store.php(113): Illuminate\\Session\\DatabaseSessionHandler->read()
#10 /var/www/SAAFCECEYT/vendor/laravel/framework/src/Illuminate/Session/Store.php(101): Illuminate\\Session\\Store->readFromHandler()
#11 /var/www/SAAFCECEYT/vendor/laravel/framework/src/Illuminate/Session/Store.php(85): Illuminate\\Session\\Store->loadSession()
#12 /var/www/SAAFCECEYT/vendor/laravel/framework/src/Illuminate/Session/Middleware/StartSession.php(147): Illuminate\\Session\\Store->start()
#13 /var/www/SAAFCECEYT/vendor/laravel/framework/src/Illuminate/Support/helpers.php(393): Illuminate\\Session\\Middleware\\StartSession->Illuminate\\Session\\Middleware\\{closure}()
#14 /var/www/SAAFCECEYT/vendor/laravel/framework/src/Illuminate/Session/Middleware/StartSession.php(144): tap()
#15 /var/www/SAAFCECEYT/vendor/laravel/framework/src/Illuminate/Session/Middleware/StartSession.php(116): Illuminate\\Session\\Middleware\\StartSession->startSession()
#16 /var/www/SAAFCECEYT/vendor/laravel/framework/src/Illuminate/Session/Middleware/StartSession.php(64): Illuminate\\Session\\Middleware\\StartSession->handleStatefulRequest()
#17 /var/www/SAAFCECEYT/vendor/laravel/framework/src/Illuminate/Pipeline/Pipeline.php(183): Illuminate\\Session\\Middleware\\StartSession->handle()
#18 /var/www/SAAFCECEYT/vendor/laravel/framework/src/Illuminate/Cookie/Middleware/AddQueuedCookiesToResponse.php(37): Illuminate\\Pipeline\\Pipeline->Illuminate\\Pipeline\\{closure}()
#19 /var/www/SAAFCECEYT/vendor/laravel/framework/src/Illuminate/Pipeline/Pipeline.php(183): Illuminate\\Cookie\\Middleware\\AddQueuedCookiesToResponse->handle()
#20 /var/www/SAAFCECEYT/vendor/laravel/framework/src/Illuminate/Cookie/Middleware/EncryptCookies.php(75): Illuminate\\Pipeline\\Pipeline->Illuminate\\Pipeline\\{closure}()
#21 /var/www/SAAFCECEYT/vendor/laravel/framework/src/Illuminate/Pipeline/Pipeline.php(183): Illuminate\\Cookie\\Middleware\\EncryptCookies->handle()
#22 /var/www/SAAFCECEYT/vendor/laravel/framework/src/Illuminate/Pipeline/Pipeline.php(119): Illuminate\\Pipeline\\Pipeline->Illuminate\\Pipeline\\{closure}()
#23 /var/www/SAAFCECEYT/vendor/laravel/framework/src/Illuminate/Routing/Router.php(807): Illuminate\\Pipeline\\Pipeline->then()
#24 /var/www/SAAFCECEYT/vendor/laravel/framework/src/Illuminate/Routing/Router.php(786): Illuminate\\Routing\\Router->runRouteWithinStack()
#25 /var/www/SAAFCECEYT/vendor/laravel/framework/src/Illuminate/Routing/Router.php(750): Illuminate\\Routing\\Router->runRoute()
#26 /var/www/SAAFCECEYT/vendor/laravel/framework/src/Illuminate/Routing/Router.php(739): Illuminate\\Routing\\Router->dispatchToRoute()
#27 /var/www/SAAFCECEYT/vendor/laravel/framework/src/Illuminate/Foundation/Http/Kernel.php(201): Illuminate\\Routing\\Router->dispatch()
#28 /var/www/SAAFCECEYT/vendor/laravel/framework/src/Illuminate/Pipeline/Pipeline.php(144): Illuminate\\Foundation\\Http\\Kernel->Illuminate\\Foundation\\Http\\{closure}()
#29 /var/www/SAAFCECEYT/vendor/laravel/framework/src/Illuminate/Foundation/Http/Middleware/TransformsRequest.php(21): Illuminate\\Pipeline\\Pipeline->Illuminate\\Pipeline\\{closure}()
#30 /var/www/SAAFCECEYT/vendor/laravel/framework/src/Illuminate/Foundation/Http/Middleware/ConvertEmptyStringsToNull.php(31): Illuminate\\Foundation\\Http\\Middleware\\TransformsRequest->handle()
#31 /var/www/SAAFCECEYT/vendor/laravel/framework/src/Illuminate/Pipeline/Pipeline.php(183): Illuminate\\Foundation\\Http\\Middleware\\ConvertEmptyStringsToNull->handle()
#32 /var/www/SAAFCECEYT/vendor/laravel/framework/src/Illuminate/Foundation/Http/Middleware/TransformsRequest.php(21): Illuminate\\Pipeline\\Pipeline->Illuminate\\Pipeline\\{closure}()
#33 /var/www/SAAFCECEYT/vendor/laravel/framework/src/Illuminate/Foundation/Http/Middleware/TrimStrings.php(51): Illuminate\\Foundation\\Http\\Middleware\\TransformsRequest->handle()
#34 /var/www/SAAFCECEYT/vendor/laravel/framework/src/Illuminate/Pipeline/Pipeline.php(183): Illuminate\\Foundation\\Http\\Middleware\\TrimStrings->handle()
#35 /var/www/SAAFCECEYT/vendor/laravel/framework/src/Illuminate/Http/Middleware/ValidatePostSize.php(27): Illuminate\\Pipeline\\Pipeline->Illuminate\\Pipeline\\{closure}()
#36 /var/www/SAAFCECEYT/vendor/laravel/framework/src/Illuminate/Pipeline/Pipeline.php(183): Illuminate\\Http\\Middleware\\ValidatePostSize->handle()
#37 /var/www/SAAFCECEYT/vendor/laravel/framework/src/Illuminate/Foundation/Http/Middleware/PreventRequestsDuringMaintenance.php(110): Illuminate\\Pipeline\\Pipeline->Illuminate\\Pipeline\\{closure}()
#38 /var/www/SAAFCECEYT/vendor/laravel/framework/src/Illuminate/Pipeline/Pipeline.php(183): Illuminate\\Foundation\\Http\\Middleware\\PreventRequestsDuringMaintenance->handle()
#39 /var/www/SAAFCECEYT/vendor/laravel/framework/src/Illuminate/Http/Middleware/HandleCors.php(49): Illuminate\\Pipeline\\Pipeline->Illuminate\\Pipeline\\{closure}()
#40 /var/www/SAAFCECEYT/vendor/laravel/framework/src/Illuminate/Pipeline/Pipeline.php(183): Illuminate\\Http\\Middleware\\HandleCors->handle()
#41 /var/www/SAAFCECEYT/vendor/laravel/framework/src/Illuminate/Http/Middleware/TrustProxies.php(58): Illuminate\\Pipeline\\Pipeline->Illuminate\\Pipeline\\{closure}()
#42 /var/www/SAAFCECEYT/vendor/laravel/framework/src/Illuminate/Pipeline/Pipeline.php(183): Illuminate\\Http\\Middleware\\TrustProxies->handle()
#43 /var/www/SAAFCECEYT/vendor/laravel/framework/src/Illuminate/Foundation/Http/Middleware/InvokeDeferredCallbacks.php(22): Illuminate\\Pipeline\\Pipeline->Illuminate\\Pipeline\\{closure}()
#44 /var/www/SAAFCECEYT/vendor/laravel/framework/src/Illuminate/Pipeline/Pipeline.php(183): Illuminate\\Foundation\\Http\\Middleware\\InvokeDeferredCallbacks->handle()
#45 /var/www/SAAFCECEYT/vendor/laravel/framework/src/Illuminate/Pipeline/Pipeline.php(119): Illuminate\\Pipeline\\Pipeline->Illuminate\\Pipeline\\{closure}()
#46 /var/www/SAAFCECEYT/vendor/laravel/framework/src/Illuminate/Foundation/Http/Kernel.php(176): Illuminate\\Pipeline\\Pipeline->then()
#47 /var/www/SAAFCECEYT/vendor/laravel/framework/src/Illuminate/Foundation/Http/Kernel.php(145): Illuminate\\Foundation\\Http\\Kernel->sendRequestThroughRouter()
#48 /var/www/SAAFCECEYT/vendor/laravel/framework/src/Illuminate/Foundation/Application.php(1190): Illuminate\\Foundation\\Http\\Kernel->handle()
#49 /var/www/SAAFCECEYT/public/index.php(17): Illuminate\\Foundation\\Application->handleRequest()
#50 {main}

[previous exception] [object] (PDOException(code: 1698): SQLSTATE[HY000] [1698] Access denied for user 'root'@'localhost' at /var/www/SAAFCECEYT/vendor/laravel/framework/src/Illuminate/Database/Connectors/Connector.php:66)
[stacktrace]
#0 /var/www/SAAFCECEYT/vendor/laravel/framework/src/Illuminate/Database/Connectors/Connector.php(66): PDO->__construct()
#1 /var/www/SAAFCECEYT/vendor/laravel/framework/src/Illuminate/Database/Connectors/Connector.php(44): Illuminate\\Database\\Connectors\\Connector->createPdoConnection()
#2 /var/www/SAAFCECEYT/vendor/laravel/framework/src/Illuminate/Database/Connectors/MySqlConnector.php(24): Illuminate\\Database\\Connectors\\Connector->createConnection()
#3 /var/www/SAAFCECEYT/vendor/laravel/framework/src/Illuminate/Database/Connectors/ConnectionFactory.php(185): Illuminate\\Database\\Connectors\\MySqlConnector->connect()
#4 [internal function]: Illuminate\\Database\\Connectors\\ConnectionFactory->Illuminate\\Database\\Connectors\\{closure}()
#5 /var/www/SAAFCECEYT/vendor/laravel/framework/src/Illuminate/Database/Connection.php(1231): call_user_func()
#6 /var/www/SAAFCECEYT/vendor/laravel/framework/src/Illuminate/Database/Connection.php(1267): Illuminate\\Database\\Connection->getPdo()
#7 /var/www/SAAFCECEYT/vendor/laravel/framework/src/Illuminate/Database/Connection.php(512): Illuminate\\Database\\Connection->getReadPdo()
#8 /var/www/SAAFCECEYT/vendor/laravel/framework/src/Illuminate/Database/Connection.php(407): Illuminate\\Database\\Connection->getPdoForSelect()
#9 /var/www/SAAFCECEYT/vendor/laravel/framework/src/Illuminate/Database/Connection.php(812): Illuminate\\Database\\Connection->Illuminate\\Database\\{closure}()
#10 /var/www/SAAFCECEYT/vendor/laravel/framework/src/Illuminate/Database/Connection.php(779): Illuminate\\Database\\Connection->runQueryCallback()
#11 /var/www/SAAFCECEYT/vendor/laravel/framework/src/Illuminate/Database/Connection.php(398): Illuminate\\Database\\Connection->run()
#12 /var/www/SAAFCECEYT/vendor/laravel/framework/src/Illuminate/Database/Query/Builder.php(3133): Illuminate\\Database\\Connection->select()
#13 /var/www/SAAFCECEYT/vendor/laravel/framework/src/Illuminate/Database/Query/Builder.php(3118): Illuminate\\Database\\Query\\Builder->runSelect()
#14 /var/www/SAAFCECEYT/vendor/laravel/framework/src/Illuminate/Database/Query/Builder.php(3706): Illuminate\\Database\\Query\\Builder->Illuminate\\Database\\Query\\{closure}()
#15 /var/www/SAAFCECEYT/vendor/laravel/framework/src/Illuminate/Database/Query/Builder.php(3117): Illuminate\\Database\\Query\\Builder->onceWithColumns()
#16 /var/www/SAAFCECEYT/vendor/laravel/framework/src/Illuminate/Database/Concerns/BuildsQueries.php(344): Illuminate\\Database\\Query\\Builder->get()
#17 /var/www/SAAFCECEYT/vendor/laravel/framework/src/Illuminate/Database/Query/Builder.php(3038): Illuminate\\Database\\Query\\Builder->first()
#18 /var/www/SAAFCECEYT/vendor/laravel/framework/src/Illuminate/Session/DatabaseSessionHandler.php(97): Illuminate\\Database\\Query\\Builder->find()
#19 /var/www/SAAFCECEYT/vendor/laravel/framework/src/Illuminate/Session/Store.php(113): Illuminate\\Session\\DatabaseSessionHandler->read()
#20 /var/www/SAAFCECEYT/vendor/laravel/framework/src/Illuminate/Session/Store.php(101): Illuminate\\Session\\Store->readFromHandler()
#21 /var/www/SAAFCECEYT/vendor/laravel/framework/src/Illuminate/Session/Store.php(85): Illuminate\\Session\\Store->loadSession()
#22 /var/www/SAAFCECEYT/vendor/laravel/framework/src/Illuminate/Session/Middleware/StartSession.php(147): Illuminate\\Session\\Store->start()
#23 /var/www/SAAFCECEYT/vendor/laravel/framework/src/Illuminate/Support/helpers.php(393): Illuminate\\Session\\Middleware\\StartSession->Illuminate\\Session\\Middleware\\{closure}()
#24 /var/www/SAAFCECEYT/vendor/laravel/framework/src/Illuminate/Session/Middleware/StartSession.php(144): tap()
#25 /var/www/SAAFCECEYT/vendor/laravel/framework/src/Illuminate/Session/Middleware/StartSession.php(116): Illuminate\\Session\\Middleware\\StartSession->startSession()
#26 /var/www/SAAFCECEYT/vendor/laravel/framework/src/Illuminate/Session/Middleware/StartSession.php(64): Illuminate\\Session\\Middleware\\StartSession->handleStatefulRequest()
#27 /var/www/SAAFCECEYT/vendor/laravel/framework/src/Illuminate/Pipeline/Pipeline.php(183): Illuminate\\Session\\Middleware\\StartSession->handle()
#28 /var/www/SAAFCECEYT/vendor/laravel/framework/src/Illuminate/Cookie/Middleware/AddQueuedCookiesToResponse.php(37): Illuminate\\Pipeline\\Pipeline->Illuminate\\Pipeline\\{closure}()
#29 /var/www/SAAFCECEYT/vendor/laravel/framework/src/Illuminate/Pipeline/Pipeline.php(183): Illuminate\\Cookie\\Middleware\\AddQueuedCookiesToResponse->handle()
#30 /var/www/SAAFCECEYT/vendor/laravel/framework/src/Illuminate/Cookie/Middleware/EncryptCookies.php(75): Illuminate\\Pipeline\\Pipeline->Illuminate\\Pipeline\\{closure}()
#31 /var/www/SAAFCECEYT/vendor/laravel/framework/src/Illuminate/Pipeline/Pipeline.php(183): Illuminate\\Cookie\\Middleware\\EncryptCookies->handle()
#32 /var/www/SAAFCECEYT/vendor/laravel/framework/src/Illuminate/Pipeline/Pipeline.php(119): Illuminate\\Pipeline\\Pipeline->Illuminate\\Pipeline\\{closure}()
#33 /var/www/SAAFCECEYT/vendor/laravel/framework/src/Illuminate/Routing/Router.php(807): Illuminate\\Pipeline\\Pipeline->then()
#34 /var/www/SAAFCECEYT/vendor/laravel/framework/src/Illuminate/Routing/Router.php(786): Illuminate\\Routing\\Router->runRouteWithinStack()
#35 /var/www/SAAFCECEYT/vendor/laravel/framework/src/Illuminate/Routing/Router.php(750): Illuminate\\Routing\\Router->runRoute()
#36 /var/www/SAAFCECEYT/vendor/laravel/framework/src/Illuminate/Routing/Router.php(739): Illuminate\\Routing\\Router->dispatchToRoute()
#37 /var/www/SAAFCECEYT/vendor/laravel/framework/src/Illuminate/Foundation/Http/Kernel.php(201): Illuminate\\Routing\\Router->dispatch()
#38 /var/www/SAAFCECEYT/vendor/laravel/framework/src/Illuminate/Pipeline/Pipeline.php(144): Illuminate\\Foundation\\Http\\Kernel->Illuminate\\Foundation\\Http\\{closure}()
#39 /var/www/SAAFCECEYT/vendor/laravel/framework/src/Illuminate/Foundation/Http/Middleware/TransformsRequest.php(21): Illuminate\\Pipeline\\Pipeline->Illuminate\\Pipeline\\{closure}()
#40 /var/www/SAAFCECEYT/vendor/laravel/framework/src/Illuminate/Foundation/Http/Middleware/ConvertEmptyStringsToNull.php(31): Illuminate\\Foundation\\Http\\Middleware\\TransformsRequest->handle()
#41 /var/www/SAAFCECEYT/vendor/laravel/framework/src/Illuminate/Pipeline/Pipeline.php(183): Illuminate\\Foundation\\Http\\Middleware\\ConvertEmptyStringsToNull->handle()
#42 /var/www/SAAFCECEYT/vendor/laravel/framework/src/Illuminate/Foundation/Http/Middleware/TransformsRequest.php(21): Illuminate\\Pipeline\\Pipeline->Illuminate\\Pipeline\\{closure}()
#43 /var/www/SAAFCECEYT/vendor/laravel/framework/src/Illuminate/Foundation/Http/Middleware/TrimStrings.php(51): Illuminate\\Foundation\\Http\\Middleware\\TransformsRequest->handle()
#44 /var/www/SAAFCECEYT/vendor/laravel/framework/src/Illuminate/Pipeline/Pipeline.php(183): Illuminate\\Foundation\\Http\\Middleware\\TrimStrings->handle()
#45 /var/www/SAAFCECEYT/vendor/laravel/framework/src/Illuminate/Http/Middleware/ValidatePostSize.php(27): Illuminate\\Pipeline\\Pipeline->Illuminate\\Pipeline\\{closure}()
#46 /var/www/SAAFCECEYT/vendor/laravel/framework/src/Illuminate/Pipeline/Pipeline.php(183): Illuminate\\Http\\Middleware\\ValidatePostSize->handle()
#47 /var/www/SAAFCECEYT/vendor/laravel/framework/src/Illuminate/Foundation/Http/Middleware/PreventRequestsDuringMaintenance.php(110): Illuminate\\Pipeline\\Pipeline->Illuminate\\Pipeline\\{closure}()
#48 /var/www/SAAFCECEYT/vendor/laravel/framework/src/Illuminate/Pipeline/Pipeline.php(183): Illuminate\\Foundation\\Http\\Middleware\\PreventRequestsDuringMaintenance->handle()
#49 /var/www/SAAFCECEYT/vendor/laravel/framework/src/Illuminate/Http/Middleware/HandleCors.php(49): Illuminate\\Pipeline\\Pipeline->Illuminate\\Pipeline\\{closure}()
#50 /var/www/SAAFCECEYT/vendor/laravel/framework/src/Illuminate/Pipeline/Pipeline.php(183): Illuminate\\Http\\Middleware\\HandleCors->handle()
#51 /var/www/SAAFCECEYT/vendor/laravel/framework/src/Illuminate/Http/Middleware/TrustProxies.php(58): Illuminate\\Pipeline\\Pipeline->Illuminate\\Pipeline\\{closure}()
#52 /var/www/SAAFCECEYT/vendor/laravel/framework/src/Illuminate/Pipeline/Pipeline.php(183): Illuminate\\Http\\Middleware\\TrustProxies->handle()
#53 /var/www/SAAFCECEYT/vendor/laravel/framework/src/Illuminate/Foundation/Http/Middleware/InvokeDeferredCallbacks.php(22): Illuminate\\Pipeline\\Pipeline->Illuminate\\Pipeline\\{closure}()
#54 /var/www/SAAFCECEYT/vendor/laravel/framework/src/Illuminate/Pipeline/Pipeline.php(183): Illuminate\\Foundation\\Http\\Middleware\\InvokeDeferredCallbacks->handle()
#55 /var/www/SAAFCECEYT/vendor/laravel/framework/src/Illuminate/Pipeline/Pipeline.php(119): Illuminate\\Pipeline\\Pipeline->Illuminate\\Pipeline\\{closure}()
#56 /var/www/SAAFCECEYT/vendor/laravel/framework/src/Illuminate/Foundation/Http/Kernel.php(176): Illuminate\\Pipeline\\Pipeline->then()
#57 /var/www/SAAFCECEYT/vendor/laravel/framework/src/Illuminate/Foundation/Http/Kernel.php(145): Illuminate\\Foundation\\Http\\Kernel->sendRequestThroughRouter()
#58 /var/www/SAAFCECEYT/vendor/laravel/framework/src/Illuminate/Foundation/Application.php(1190): Illuminate\\Foundation\\Http\\Kernel->handle()
#59 /var/www/SAAFCECEYT/public/index.php(17): Illuminate\\Foundation\\Application->handleRequest()
#60 {main}
"} 
[2025-08-23 18:20:08] local.ERROR: SQLSTATE[HY000] [1698] Access denied for user 'root'@'localhost' (Connection: mysql, SQL: select * from `sessions` where `id` = hYOjCPbAi6DEahyemj7WkwAcG2I10COzpIZfgYRW limit 1) {"exception":"[object] (Illuminate\\Database\\QueryException(code: 1698): SQLSTATE[HY000] [1698] Access denied for user 'root'@'localhost' (Connection: mysql, SQL: select * from `sessions` where `id` = hYOjCPbAi6DEahyemj7WkwAcG2I10COzpIZfgYRW limit 1) at /var/www/SAAFCECEYT/vendor/laravel/framework/src/Illuminate/Database/Connection.php:825)
[stacktrace]
#0 /var/www/SAAFCECEYT/vendor/laravel/framework/src/Illuminate/Database/Connection.php(779): Illuminate\\Database\\Connection->runQueryCallback()
#1 /var/www/SAAFCECEYT/vendor/laravel/framework/src/Illuminate/Database/Connection.php(398): Illuminate\\Database\\Connection->run()
#2 /var/www/SAAFCECEYT/vendor/laravel/framework/src/Illuminate/Database/Query/Builder.php(3133): Illuminate\\Database\\Connection->select()
#3 /var/www/SAAFCECEYT/vendor/laravel/framework/src/Illuminate/Database/Query/Builder.php(3118): Illuminate\\Database\\Query\\Builder->runSelect()
#4 /var/www/SAAFCECEYT/vendor/laravel/framework/src/Illuminate/Database/Query/Builder.php(3706): Illuminate\\Database\\Query\\Builder->Illuminate\\Database\\Query\\{closure}()
#5 /var/www/SAAFCECEYT/vendor/laravel/framework/src/Illuminate/Database/Query/Builder.php(3117): Illuminate\\Database\\Query\\Builder->onceWithColumns()
#6 /var/www/SAAFCECEYT/vendor/laravel/framework/src/Illuminate/Database/Concerns/BuildsQueries.php(344): Illuminate\\Database\\Query\\Builder->get()
#7 /var/www/SAAFCECEYT/vendor/laravel/framework/src/Illuminate/Database/Query/Builder.php(3038): Illuminate\\Database\\Query\\Builder->first()
#8 /var/www/SAAFCECEYT/vendor/laravel/framework/src/Illuminate/Session/DatabaseSessionHandler.php(97): Illuminate\\Database\\Query\\Builder->find()
#9 /var/www/SAAFCECEYT/vendor/laravel/framework/src/Illuminate/Session/Store.php(113): Illuminate\\Session\\DatabaseSessionHandler->read()
#10 /var/www/SAAFCECEYT/vendor/laravel/framework/src/Illuminate/Session/Store.php(101): Illuminate\\Session\\Store->readFromHandler()
#11 /var/www/SAAFCECEYT/vendor/laravel/framework/src/Illuminate/Session/Store.php(85): Illuminate\\Session\\Store->loadSession()
#12 /var/www/SAAFCECEYT/vendor/laravel/framework/src/Illuminate/Session/Middleware/StartSession.php(147): Illuminate\\Session\\Store->start()
#13 /var/www/SAAFCECEYT/vendor/laravel/framework/src/Illuminate/Support/helpers.php(393): Illuminate\\Session\\Middleware\\StartSession->Illuminate\\Session\\Middleware\\{closure}()
#14 /var/www/SAAFCECEYT/vendor/laravel/framework/src/Illuminate/Session/Middleware/StartSession.php(144): tap()
#15 /var/www/SAAFCECEYT/vendor/laravel/framework/src/Illuminate/Session/Middleware/StartSession.php(116): Illuminate\\Session\\Middleware\\StartSession->startSession()
#16 /var/www/SAAFCECEYT/vendor/laravel/framework/src/Illuminate/Session/Middleware/StartSession.php(64): Illuminate\\Session\\Middleware\\StartSession->handleStatefulRequest()
#17 /var/www/SAAFCECEYT/vendor/laravel/framework/src/Illuminate/Pipeline/Pipeline.php(183): Illuminate\\Session\\Middleware\\StartSession->handle()
#18 /var/www/SAAFCECEYT/vendor/laravel/framework/src/Illuminate/Cookie/Middleware/AddQueuedCookiesToResponse.php(37): Illuminate\\Pipeline\\Pipeline->Illuminate\\Pipeline\\{closure}()
#19 /var/www/SAAFCECEYT/vendor/laravel/framework/src/Illuminate/Pipeline/Pipeline.php(183): Illuminate\\Cookie\\Middleware\\AddQueuedCookiesToResponse->handle()
#20 /var/www/SAAFCECEYT/vendor/laravel/framework/src/Illuminate/Cookie/Middleware/EncryptCookies.php(75): Illuminate\\Pipeline\\Pipeline->Illuminate\\Pipeline\\{closure}()
#21 /var/www/SAAFCECEYT/vendor/laravel/framework/src/Illuminate/Pipeline/Pipeline.php(183): Illuminate\\Cookie\\Middleware\\EncryptCookies->handle()
#22 /var/www/SAAFCECEYT/vendor/laravel/framework/src/Illuminate/Pipeline/Pipeline.php(119): Illuminate\\Pipeline\\Pipeline->Illuminate\\Pipeline\\{closure}()
#23 /var/www/SAAFCECEYT/vendor/laravel/framework/src/Illuminate/Routing/Router.php(807): Illuminate\\Pipeline\\Pipeline->then()
#24 /var/www/SAAFCECEYT/vendor/laravel/framework/src/Illuminate/Routing/Router.php(786): Illuminate\\Routing\\Router->runRouteWithinStack()
#25 /var/www/SAAFCECEYT/vendor/laravel/framework/src/Illuminate/Routing/Router.php(750): Illuminate\\Routing\\Router->runRoute()
#26 /var/www/SAAFCECEYT/vendor/laravel/framework/src/Illuminate/Routing/Router.php(739): Illuminate\\Routing\\Router->dispatchToRoute()
#27 /var/www/SAAFCECEYT/vendor/laravel/framework/src/Illuminate/Foundation/Http/Kernel.php(201): Illuminate\\Routing\\Router->dispatch()
#28 /var/www/SAAFCECEYT/vendor/laravel/framework/src/Illuminate/Pipeline/Pipeline.php(144): Illuminate\\Foundation\\Http\\Kernel->Illuminate\\Foundation\\Http\\{closure}()
#29 /var/www/SAAFCECEYT/vendor/laravel/framework/src/Illuminate/Foundation/Http/Middleware/TransformsRequest.php(21): Illuminate\\Pipeline\\Pipeline->Illuminate\\Pipeline\\{closure}()
#30 /var/www/SAAFCECEYT/vendor/laravel/framework/src/Illuminate/Foundation/Http/Middleware/ConvertEmptyStringsToNull.php(31): Illuminate\\Foundation\\Http\\Middleware\\TransformsRequest->handle()
#31 /var/www/SAAFCECEYT/vendor/laravel/framework/src/Illuminate/Pipeline/Pipeline.php(183): Illuminate\\Foundation\\Http\\Middleware\\ConvertEmptyStringsToNull->handle()
#32 /var/www/SAAFCECEYT/vendor/laravel/framework/src/Illuminate/Foundation/Http/Middleware/TransformsRequest.php(21): Illuminate\\Pipeline\\Pipeline->Illuminate\\Pipeline\\{closure}()
#33 /var/www/SAAFCECEYT/vendor/laravel/framework/src/Illuminate/Foundation/Http/Middleware/TrimStrings.php(51): Illuminate\\Foundation\\Http\\Middleware\\TransformsRequest->handle()
#34 /var/www/SAAFCECEYT/vendor/laravel/framework/src/Illuminate/Pipeline/Pipeline.php(183): Illuminate\\Foundation\\Http\\Middleware\\TrimStrings->handle()
#35 /var/www/SAAFCECEYT/vendor/laravel/framework/src/Illuminate/Http/Middleware/ValidatePostSize.php(27): Illuminate\\Pipeline\\Pipeline->Illuminate\\Pipeline\\{closure}()
#36 /var/www/SAAFCECEYT/vendor/laravel/framework/src/Illuminate/Pipeline/Pipeline.php(183): Illuminate\\Http\\Middleware\\ValidatePostSize->handle()
#37 /var/www/SAAFCECEYT/vendor/laravel/framework/src/Illuminate/Foundation/Http/Middleware/PreventRequestsDuringMaintenance.php(110): Illuminate\\Pipeline\\Pipeline->Illuminate\\Pipeline\\{closure}()
#38 /var/www/SAAFCECEYT/vendor/laravel/framework/src/Illuminate/Pipeline/Pipeline.php(183): Illuminate\\Foundation\\Http\\Middleware\\PreventRequestsDuringMaintenance->handle()
#39 /var/www/SAAFCECEYT/vendor/laravel/framework/src/Illuminate/Http/Middleware/HandleCors.php(49): Illuminate\\Pipeline\\Pipeline->Illuminate\\Pipeline\\{closure}()
#40 /var/www/SAAFCECEYT/vendor/laravel/framework/src/Illuminate/Pipeline/Pipeline.php(183): Illuminate\\Http\\Middleware\\HandleCors->handle()
#41 /var/www/SAAFCECEYT/vendor/laravel/framework/src/Illuminate/Http/Middleware/TrustProxies.php(58): Illuminate\\Pipeline\\Pipeline->Illuminate\\Pipeline\\{closure}()
#42 /var/www/SAAFCECEYT/vendor/laravel/framework/src/Illuminate/Pipeline/Pipeline.php(183): Illuminate\\Http\\Middleware\\TrustProxies->handle()
#43 /var/www/SAAFCECEYT/vendor/laravel/framework/src/Illuminate/Foundation/Http/Middleware/InvokeDeferredCallbacks.php(22): Illuminate\\Pipeline\\Pipeline->Illuminate\\Pipeline\\{closure}()
#44 /var/www/SAAFCECEYT/vendor/laravel/framework/src/Illuminate/Pipeline/Pipeline.php(183): Illuminate\\Foundation\\Http\\Middleware\\InvokeDeferredCallbacks->handle()
#45 /var/www/SAAFCECEYT/vendor/laravel/framework/src/Illuminate/Pipeline/Pipeline.php(119): Illuminate\\Pipeline\\Pipeline->Illuminate\\Pipeline\\{closure}()
#46 /var/www/SAAFCECEYT/vendor/laravel/framework/src/Illuminate/Foundation/Http/Kernel.php(176): Illuminate\\Pipeline\\Pipeline->then()
#47 /var/www/SAAFCECEYT/vendor/laravel/framework/src/Illuminate/Foundation/Http/Kernel.php(145): Illuminate\\Foundation\\Http\\Kernel->sendRequestThroughRouter()
#48 /var/www/SAAFCECEYT/vendor/laravel/framework/src/Illuminate/Foundation/Application.php(1190): Illuminate\\Foundation\\Http\\Kernel->handle()
#49 /var/www/SAAFCECEYT/public/index.php(17): Illuminate\\Foundation\\Application->handleRequest()
#50 {main}

[previous exception] [object] (PDOException(code: 1698): SQLSTATE[HY000] [1698] Access denied for user 'root'@'localhost' at /var/www/SAAFCECEYT/vendor/laravel/framework/src/Illuminate/Database/Connectors/Connector.php:66)
[stacktrace]
#0 /var/www/SAAFCECEYT/vendor/laravel/framework/src/Illuminate/Database/Connectors/Connector.php(66): PDO->__construct()
#1 /var/www/SAAFCECEYT/vendor/laravel/framework/src/Illuminate/Database/Connectors/Connector.php(44): Illuminate\\Database\\Connectors\\Connector->createPdoConnection()
#2 /var/www/SAAFCECEYT/vendor/laravel/framework/src/Illuminate/Database/Connectors/MySqlConnector.php(24): Illuminate\\Database\\Connectors\\Connector->createConnection()
#3 /var/www/SAAFCECEYT/vendor/laravel/framework/src/Illuminate/Database/Connectors/ConnectionFactory.php(185): Illuminate\\Database\\Connectors\\MySqlConnector->connect()
#4 [internal function]: Illuminate\\Database\\Connectors\\ConnectionFactory->Illuminate\\Database\\Connectors\\{closure}()
#5 /var/www/SAAFCECEYT/vendor/laravel/framework/src/Illuminate/Database/Connection.php(1231): call_user_func()
#6 /var/www/SAAFCECEYT/vendor/laravel/framework/src/Illuminate/Database/Connection.php(1267): Illuminate\\Database\\Connection->getPdo()
#7 /var/www/SAAFCECEYT/vendor/laravel/framework/src/Illuminate/Database/Connection.php(512): Illuminate\\Database\\Connection->getReadPdo()
#8 /var/www/SAAFCECEYT/vendor/laravel/framework/src/Illuminate/Database/Connection.php(407): Illuminate\\Database\\Connection->getPdoForSelect()
#9 /var/www/SAAFCECEYT/vendor/laravel/framework/src/Illuminate/Database/Connection.php(812): Illuminate\\Database\\Connection->Illuminate\\Database\\{closure}()
#10 /var/www/SAAFCECEYT/vendor/laravel/framework/src/Illuminate/Database/Connection.php(779): Illuminate\\Database\\Connection->runQueryCallback()
#11 /var/www/SAAFCECEYT/vendor/laravel/framework/src/Illuminate/Database/Connection.php(398): Illuminate\\Database\\Connection->run()
#12 /var/www/SAAFCECEYT/vendor/laravel/framework/src/Illuminate/Database/Query/Builder.php(3133): Illuminate\\Database\\Connection->select()
#13 /var/www/SAAFCECEYT/vendor/laravel/framework/src/Illuminate/Database/Query/Builder.php(3118): Illuminate\\Database\\Query\\Builder->runSelect()
#14 /var/www/SAAFCECEYT/vendor/laravel/framework/src/Illuminate/Database/Query/Builder.php(3706): Illuminate\\Database\\Query\\Builder->Illuminate\\Database\\Query\\{closure}()
#15 /var/www/SAAFCECEYT/vendor/laravel/framework/src/Illuminate/Database/Query/Builder.php(3117): Illuminate\\Database\\Query\\Builder->onceWithColumns()
#16 /var/www/SAAFCECEYT/vendor/laravel/framework/src/Illuminate/Database/Concerns/BuildsQueries.php(344): Illuminate\\Database\\Query\\Builder->get()
#17 /var/www/SAAFCECEYT/vendor/laravel/framework/src/Illuminate/Database/Query/Builder.php(3038): Illuminate\\Database\\Query\\Builder->first()
#18 /var/www/SAAFCECEYT/vendor/laravel/framework/src/Illuminate/Session/DatabaseSessionHandler.php(97): Illuminate\\Database\\Query\\Builder->find()
#19 /var/www/SAAFCECEYT/vendor/laravel/framework/src/Illuminate/Session/Store.php(113): Illuminate\\Session\\DatabaseSessionHandler->read()
#20 /var/www/SAAFCECEYT/vendor/laravel/framework/src/Illuminate/Session/Store.php(101): Illuminate\\Session\\Store->readFromHandler()
#21 /var/www/SAAFCECEYT/vendor/laravel/framework/src/Illuminate/Session/Store.php(85): Illuminate\\Session\\Store->loadSession()
#22 /var/www/SAAFCECEYT/vendor/laravel/framework/src/Illuminate/Session/Middleware/StartSession.php(147): Illuminate\\Session\\Store->start()
#23 /var/www/SAAFCECEYT/vendor/laravel/framework/src/Illuminate/Support/helpers.php(393): Illuminate\\Session\\Middleware\\StartSession->Illuminate\\Session\\Middleware\\{closure}()
#24 /var/www/SAAFCECEYT/vendor/laravel/framework/src/Illuminate/Session/Middleware/StartSession.php(144): tap()
#25 /var/www/SAAFCECEYT/vendor/laravel/framework/src/Illuminate/Session/Middleware/StartSession.php(116): Illuminate\\Session\\Middleware\\StartSession->startSession()
#26 /var/www/SAAFCECEYT/vendor/laravel/framework/src/Illuminate/Session/Middleware/StartSession.php(64): Illuminate\\Session\\Middleware\\StartSession->handleStatefulRequest()
#27 /var/www/SAAFCECEYT/vendor/laravel/framework/src/Illuminate/Pipeline/Pipeline.php(183): Illuminate\\Session\\Middleware\\StartSession->handle()
#28 /var/www/SAAFCECEYT/vendor/laravel/framework/src/Illuminate/Cookie/Middleware/AddQueuedCookiesToResponse.php(37): Illuminate\\Pipeline\\Pipeline->Illuminate\\Pipeline\\{closure}()
#29 /var/www/SAAFCECEYT/vendor/laravel/framework/src/Illuminate/Pipeline/Pipeline.php(183): Illuminate\\Cookie\\Middleware\\AddQueuedCookiesToResponse->handle()
#30 /var/www/SAAFCECEYT/vendor/laravel/framework/src/Illuminate/Cookie/Middleware/EncryptCookies.php(75): Illuminate\\Pipeline\\Pipeline->Illuminate\\Pipeline\\{closure}()
#31 /var/www/SAAFCECEYT/vendor/laravel/framework/src/Illuminate/Pipeline/Pipeline.php(183): Illuminate\\Cookie\\Middleware\\EncryptCookies->handle()
#32 /var/www/SAAFCECEYT/vendor/laravel/framework/src/Illuminate/Pipeline/Pipeline.php(119): Illuminate\\Pipeline\\Pipeline->Illuminate\\Pipeline\\{closure}()
#33 /var/www/SAAFCECEYT/vendor/laravel/framework/src/Illuminate/Routing/Router.php(807): Illuminate\\Pipeline\\Pipeline->then()
#34 /var/www/SAAFCECEYT/vendor/laravel/framework/src/Illuminate/Routing/Router.php(786): Illuminate\\Routing\\Router->runRouteWithinStack()
#35 /var/www/SAAFCECEYT/vendor/laravel/framework/src/Illuminate/Routing/Router.php(750): Illuminate\\Routing\\Router->runRoute()
#36 /var/www/SAAFCECEYT/vendor/laravel/framework/src/Illuminate/Routing/Router.php(739): Illuminate\\Routing\\Router->dispatchToRoute()
#37 /var/www/SAAFCECEYT/vendor/laravel/framework/src/Illuminate/Foundation/Http/Kernel.php(201): Illuminate\\Routing\\Router->dispatch()
#38 /var/www/SAAFCECEYT/vendor/laravel/framework/src/Illuminate/Pipeline/Pipeline.php(144): Illuminate\\Foundation\\Http\\Kernel->Illuminate\\Foundation\\Http\\{closure}()
#39 /var/www/SAAFCECEYT/vendor/laravel/framework/src/Illuminate/Foundation/Http/Middleware/TransformsRequest.php(21): Illuminate\\Pipeline\\Pipeline->Illuminate\\Pipeline\\{closure}()
#40 /var/www/SAAFCECEYT/vendor/laravel/framework/src/Illuminate/Foundation/Http/Middleware/ConvertEmptyStringsToNull.php(31): Illuminate\\Foundation\\Http\\Middleware\\TransformsRequest->handle()
#41 /var/www/SAAFCECEYT/vendor/laravel/framework/src/Illuminate/Pipeline/Pipeline.php(183): Illuminate\\Foundation\\Http\\Middleware\\ConvertEmptyStringsToNull->handle()
#42 /var/www/SAAFCECEYT/vendor/laravel/framework/src/Illuminate/Foundation/Http/Middleware/TransformsRequest.php(21): Illuminate\\Pipeline\\Pipeline->Illuminate\\Pipeline\\{closure}()
#43 /var/www/SAAFCECEYT/vendor/laravel/framework/src/Illuminate/Foundation/Http/Middleware/TrimStrings.php(51): Illuminate\\Foundation\\Http\\Middleware\\TransformsRequest->handle()
#44 /var/www/SAAFCECEYT/vendor/laravel/framework/src/Illuminate/Pipeline/Pipeline.php(183): Illuminate\\Foundation\\Http\\Middleware\\TrimStrings->handle()
#45 /var/www/SAAFCECEYT/vendor/laravel/framework/src/Illuminate/Http/Middleware/ValidatePostSize.php(27): Illuminate\\Pipeline\\Pipeline->Illuminate\\Pipeline\\{closure}()
#46 /var/www/SAAFCECEYT/vendor/laravel/framework/src/Illuminate/Pipeline/Pipeline.php(183): Illuminate\\Http\\Middleware\\ValidatePostSize->handle()
#47 /var/www/SAAFCECEYT/vendor/laravel/framework/src/Illuminate/Foundation/Http/Middleware/PreventRequestsDuringMaintenance.php(110): Illuminate\\Pipeline\\Pipeline->Illuminate\\Pipeline\\{closure}()
#48 /var/www/SAAFCECEYT/vendor/laravel/framework/src/Illuminate/Pipeline/Pipeline.php(183): Illuminate\\Foundation\\Http\\Middleware\\PreventRequestsDuringMaintenance->handle()
#49 /var/www/SAAFCECEYT/vendor/laravel/framework/src/Illuminate/Http/Middleware/HandleCors.php(49): Illuminate\\Pipeline\\Pipeline->Illuminate\\Pipeline\\{closure}()
#50 /var/www/SAAFCECEYT/vendor/laravel/framework/src/Illuminate/Pipeline/Pipeline.php(183): Illuminate\\Http\\Middleware\\HandleCors->handle()
#51 /var/www/SAAFCECEYT/vendor/laravel/framework/src/Illuminate/Http/Middleware/TrustProxies.php(58): Illuminate\\Pipeline\\Pipeline->Illuminate\\Pipeline\\{closure}()
#52 /var/www/SAAFCECEYT/vendor/laravel/framework/src/Illuminate/Pipeline/Pipeline.php(183): Illuminate\\Http\\Middleware\\TrustProxies->handle()
#53 /var/www/SAAFCECEYT/vendor/laravel/framework/src/Illuminate/Foundation/Http/Middleware/InvokeDeferredCallbacks.php(22): Illuminate\\Pipeline\\Pipeline->Illuminate\\Pipeline\\{closure}()
#54 /var/www/SAAFCECEYT/vendor/laravel/framework/src/Illuminate/Pipeline/Pipeline.php(183): Illuminate\\Foundation\\Http\\Middleware\\InvokeDeferredCallbacks->handle()
#55 /var/www/SAAFCECEYT/vendor/laravel/framework/src/Illuminate/Pipeline/Pipeline.php(119): Illuminate\\Pipeline\\Pipeline->Illuminate\\Pipeline\\{closure}()
#56 /var/www/SAAFCECEYT/vendor/laravel/framework/src/Illuminate/Foundation/Http/Kernel.php(176): Illuminate\\Pipeline\\Pipeline->then()
#57 /var/www/SAAFCECEYT/vendor/laravel/framework/src/Illuminate/Foundation/Http/Kernel.php(145): Illuminate\\Foundation\\Http\\Kernel->sendRequestThroughRouter()
#58 /var/www/SAAFCECEYT/vendor/laravel/framework/src/Illuminate/Foundation/Application.php(1190): Illuminate\\Foundation\\Http\\Kernel->handle()
#59 /var/www/SAAFCECEYT/public/index.php(17): Illuminate\\Foundation\\Application->handleRequest()
#60 {main}
"} 
[2025-08-23 18:21:26] local.ERROR: SQLSTATE[HY000] [1698] Access denied for user 'root'@'localhost' (Connection: mysql, SQL: select * from `sessions` where `id` = Xp8ORmuDxH9QmIlh99mM8gRtvhgBSMFVCDCPW9iB limit 1) {"exception":"[object] (Illuminate\\Database\\QueryException(code: 1698): SQLSTATE[HY000] [1698] Access denied for user 'root'@'localhost' (Connection: mysql, SQL: select * from `sessions` where `id` = Xp8ORmuDxH9QmIlh99mM8gRtvhgBSMFVCDCPW9iB limit 1) at /var/www/SAAFCECEYT/vendor/laravel/framework/src/Illuminate/Database/Connection.php:825)
[stacktrace]
#0 /var/www/SAAFCECEYT/vendor/laravel/framework/src/Illuminate/Database/Connection.php(779): Illuminate\\Database\\Connection->runQueryCallback()
#1 /var/www/SAAFCECEYT/vendor/laravel/framework/src/Illuminate/Database/Connection.php(398): Illuminate\\Database\\Connection->run()
#2 /var/www/SAAFCECEYT/vendor/laravel/framework/src/Illuminate/Database/Query/Builder.php(3133): Illuminate\\Database\\Connection->select()
#3 /var/www/SAAFCECEYT/vendor/laravel/framework/src/Illuminate/Database/Query/Builder.php(3118): Illuminate\\Database\\Query\\Builder->runSelect()
#4 /var/www/SAAFCECEYT/vendor/laravel/framework/src/Illuminate/Database/Query/Builder.php(3706): Illuminate\\Database\\Query\\Builder->Illuminate\\Database\\Query\\{closure}()
#5 /var/www/SAAFCECEYT/vendor/laravel/framework/src/Illuminate/Database/Query/Builder.php(3117): Illuminate\\Database\\Query\\Builder->onceWithColumns()
#6 /var/www/SAAFCECEYT/vendor/laravel/framework/src/Illuminate/Database/Concerns/BuildsQueries.php(344): Illuminate\\Database\\Query\\Builder->get()
#7 /var/www/SAAFCECEYT/vendor/laravel/framework/src/Illuminate/Database/Query/Builder.php(3038): Illuminate\\Database\\Query\\Builder->first()
#8 /var/www/SAAFCECEYT/vendor/laravel/framework/src/Illuminate/Session/DatabaseSessionHandler.php(97): Illuminate\\Database\\Query\\Builder->find()
#9 /var/www/SAAFCECEYT/vendor/laravel/framework/src/Illuminate/Session/Store.php(113): Illuminate\\Session\\DatabaseSessionHandler->read()
#10 /var/www/SAAFCECEYT/vendor/laravel/framework/src/Illuminate/Session/Store.php(101): Illuminate\\Session\\Store->readFromHandler()
#11 /var/www/SAAFCECEYT/vendor/laravel/framework/src/Illuminate/Session/Store.php(85): Illuminate\\Session\\Store->loadSession()
#12 /var/www/SAAFCECEYT/vendor/laravel/framework/src/Illuminate/Session/Middleware/StartSession.php(147): Illuminate\\Session\\Store->start()
#13 /var/www/SAAFCECEYT/vendor/laravel/framework/src/Illuminate/Support/helpers.php(393): Illuminate\\Session\\Middleware\\StartSession->Illuminate\\Session\\Middleware\\{closure}()
#14 /var/www/SAAFCECEYT/vendor/laravel/framework/src/Illuminate/Session/Middleware/StartSession.php(144): tap()
#15 /var/www/SAAFCECEYT/vendor/laravel/framework/src/Illuminate/Session/Middleware/StartSession.php(116): Illuminate\\Session\\Middleware\\StartSession->startSession()
#16 /var/www/SAAFCECEYT/vendor/laravel/framework/src/Illuminate/Session/Middleware/StartSession.php(64): Illuminate\\Session\\Middleware\\StartSession->handleStatefulRequest()
#17 /var/www/SAAFCECEYT/vendor/laravel/framework/src/Illuminate/Pipeline/Pipeline.php(183): Illuminate\\Session\\Middleware\\StartSession->handle()
#18 /var/www/SAAFCECEYT/vendor/laravel/framework/src/Illuminate/Cookie/Middleware/AddQueuedCookiesToResponse.php(37): Illuminate\\Pipeline\\Pipeline->Illuminate\\Pipeline\\{closure}()
#19 /var/www/SAAFCECEYT/vendor/laravel/framework/src/Illuminate/Pipeline/Pipeline.php(183): Illuminate\\Cookie\\Middleware\\AddQueuedCookiesToResponse->handle()
#20 /var/www/SAAFCECEYT/vendor/laravel/framework/src/Illuminate/Cookie/Middleware/EncryptCookies.php(75): Illuminate\\Pipeline\\Pipeline->Illuminate\\Pipeline\\{closure}()
#21 /var/www/SAAFCECEYT/vendor/laravel/framework/src/Illuminate/Pipeline/Pipeline.php(183): Illuminate\\Cookie\\Middleware\\EncryptCookies->handle()
#22 /var/www/SAAFCECEYT/vendor/laravel/framework/src/Illuminate/Pipeline/Pipeline.php(119): Illuminate\\Pipeline\\Pipeline->Illuminate\\Pipeline\\{closure}()
#23 /var/www/SAAFCECEYT/vendor/laravel/framework/src/Illuminate/Routing/Router.php(807): Illuminate\\Pipeline\\Pipeline->then()
#24 /var/www/SAAFCECEYT/vendor/laravel/framework/src/Illuminate/Routing/Router.php(786): Illuminate\\Routing\\Router->runRouteWithinStack()
#25 /var/www/SAAFCECEYT/vendor/laravel/framework/src/Illuminate/Routing/Router.php(750): Illuminate\\Routing\\Router->runRoute()
#26 /var/www/SAAFCECEYT/vendor/laravel/framework/src/Illuminate/Routing/Router.php(739): Illuminate\\Routing\\Router->dispatchToRoute()
#27 /var/www/SAAFCECEYT/vendor/laravel/framework/src/Illuminate/Foundation/Http/Kernel.php(201): Illuminate\\Routing\\Router->dispatch()
#28 /var/www/SAAFCECEYT/vendor/laravel/framework/src/Illuminate/Pipeline/Pipeline.php(144): Illuminate\\Foundation\\Http\\Kernel->Illuminate\\Foundation\\Http\\{closure}()
#29 /var/www/SAAFCECEYT/vendor/laravel/framework/src/Illuminate/Foundation/Http/Middleware/TransformsRequest.php(21): Illuminate\\Pipeline\\Pipeline->Illuminate\\Pipeline\\{closure}()
#30 /var/www/SAAFCECEYT/vendor/laravel/framework/src/Illuminate/Foundation/Http/Middleware/ConvertEmptyStringsToNull.php(31): Illuminate\\Foundation\\Http\\Middleware\\TransformsRequest->handle()
#31 /var/www/SAAFCECEYT/vendor/laravel/framework/src/Illuminate/Pipeline/Pipeline.php(183): Illuminate\\Foundation\\Http\\Middleware\\ConvertEmptyStringsToNull->handle()
#32 /var/www/SAAFCECEYT/vendor/laravel/framework/src/Illuminate/Foundation/Http/Middleware/TransformsRequest.php(21): Illuminate\\Pipeline\\Pipeline->Illuminate\\Pipeline\\{closure}()
#33 /var/www/SAAFCECEYT/vendor/laravel/framework/src/Illuminate/Foundation/Http/Middleware/TrimStrings.php(51): Illuminate\\Foundation\\Http\\Middleware\\TransformsRequest->handle()
#34 /var/www/SAAFCECEYT/vendor/laravel/framework/src/Illuminate/Pipeline/Pipeline.php(183): Illuminate\\Foundation\\Http\\Middleware\\TrimStrings->handle()
#35 /var/www/SAAFCECEYT/vendor/laravel/framework/src/Illuminate/Http/Middleware/ValidatePostSize.php(27): Illuminate\\Pipeline\\Pipeline->Illuminate\\Pipeline\\{closure}()
#36 /var/www/SAAFCECEYT/vendor/laravel/framework/src/Illuminate/Pipeline/Pipeline.php(183): Illuminate\\Http\\Middleware\\ValidatePostSize->handle()
#37 /var/www/SAAFCECEYT/vendor/laravel/framework/src/Illuminate/Foundation/Http/Middleware/PreventRequestsDuringMaintenance.php(110): Illuminate\\Pipeline\\Pipeline->Illuminate\\Pipeline\\{closure}()
#38 /var/www/SAAFCECEYT/vendor/laravel/framework/src/Illuminate/Pipeline/Pipeline.php(183): Illuminate\\Foundation\\Http\\Middleware\\PreventRequestsDuringMaintenance->handle()
#39 /var/www/SAAFCECEYT/vendor/laravel/framework/src/Illuminate/Http/Middleware/HandleCors.php(49): Illuminate\\Pipeline\\Pipeline->Illuminate\\Pipeline\\{closure}()
#40 /var/www/SAAFCECEYT/vendor/laravel/framework/src/Illuminate/Pipeline/Pipeline.php(183): Illuminate\\Http\\Middleware\\HandleCors->handle()
#41 /var/www/SAAFCECEYT/vendor/laravel/framework/src/Illuminate/Http/Middleware/TrustProxies.php(58): Illuminate\\Pipeline\\Pipeline->Illuminate\\Pipeline\\{closure}()
#42 /var/www/SAAFCECEYT/vendor/laravel/framework/src/Illuminate/Pipeline/Pipeline.php(183): Illuminate\\Http\\Middleware\\TrustProxies->handle()
#43 /var/www/SAAFCECEYT/vendor/laravel/framework/src/Illuminate/Foundation/Http/Middleware/InvokeDeferredCallbacks.php(22): Illuminate\\Pipeline\\Pipeline->Illuminate\\Pipeline\\{closure}()
#44 /var/www/SAAFCECEYT/vendor/laravel/framework/src/Illuminate/Pipeline/Pipeline.php(183): Illuminate\\Foundation\\Http\\Middleware\\InvokeDeferredCallbacks->handle()
#45 /var/www/SAAFCECEYT/vendor/laravel/framework/src/Illuminate/Pipeline/Pipeline.php(119): Illuminate\\Pipeline\\Pipeline->Illuminate\\Pipeline\\{closure}()
#46 /var/www/SAAFCECEYT/vendor/laravel/framework/src/Illuminate/Foundation/Http/Kernel.php(176): Illuminate\\Pipeline\\Pipeline->then()
#47 /var/www/SAAFCECEYT/vendor/laravel/framework/src/Illuminate/Foundation/Http/Kernel.php(145): Illuminate\\Foundation\\Http\\Kernel->sendRequestThroughRouter()
#48 /var/www/SAAFCECEYT/vendor/laravel/framework/src/Illuminate/Foundation/Application.php(1190): Illuminate\\Foundation\\Http\\Kernel->handle()
#49 /var/www/SAAFCECEYT/public/index.php(17): Illuminate\\Foundation\\Application->handleRequest()
#50 {main}

[previous exception] [object] (PDOException(code: 1698): SQLSTATE[HY000] [1698] Access denied for user 'root'@'localhost' at /var/www/SAAFCECEYT/vendor/laravel/framework/src/Illuminate/Database/Connectors/Connector.php:66)
[stacktrace]
#0 /var/www/SAAFCECEYT/vendor/laravel/framework/src/Illuminate/Database/Connectors/Connector.php(66): PDO->__construct()
#1 /var/www/SAAFCECEYT/vendor/laravel/framework/src/Illuminate/Database/Connectors/Connector.php(44): Illuminate\\Database\\Connectors\\Connector->createPdoConnection()
#2 /var/www/SAAFCECEYT/vendor/laravel/framework/src/Illuminate/Database/Connectors/MySqlConnector.php(24): Illuminate\\Database\\Connectors\\Connector->createConnection()
#3 /var/www/SAAFCECEYT/vendor/laravel/framework/src/Illuminate/Database/Connectors/ConnectionFactory.php(185): Illuminate\\Database\\Connectors\\MySqlConnector->connect()
#4 [internal function]: Illuminate\\Database\\Connectors\\ConnectionFactory->Illuminate\\Database\\Connectors\\{closure}()
#5 /var/www/SAAFCECEYT/vendor/laravel/framework/src/Illuminate/Database/Connection.php(1231): call_user_func()
#6 /var/www/SAAFCECEYT/vendor/laravel/framework/src/Illuminate/Database/Connection.php(1267): Illuminate\\Database\\Connection->getPdo()
#7 /var/www/SAAFCECEYT/vendor/laravel/framework/src/Illuminate/Database/Connection.php(512): Illuminate\\Database\\Connection->getReadPdo()
#8 /var/www/SAAFCECEYT/vendor/laravel/framework/src/Illuminate/Database/Connection.php(407): Illuminate\\Database\\Connection->getPdoForSelect()
#9 /var/www/SAAFCECEYT/vendor/laravel/framework/src/Illuminate/Database/Connection.php(812): Illuminate\\Database\\Connection->Illuminate\\Database\\{closure}()
#10 /var/www/SAAFCECEYT/vendor/laravel/framework/src/Illuminate/Database/Connection.php(779): Illuminate\\Database\\Connection->runQueryCallback()
#11 /var/www/SAAFCECEYT/vendor/laravel/framework/src/Illuminate/Database/Connection.php(398): Illuminate\\Database\\Connection->run()
#12 /var/www/SAAFCECEYT/vendor/laravel/framework/src/Illuminate/Database/Query/Builder.php(3133): Illuminate\\Database\\Connection->select()
#13 /var/www/SAAFCECEYT/vendor/laravel/framework/src/Illuminate/Database/Query/Builder.php(3118): Illuminate\\Database\\Query\\Builder->runSelect()
#14 /var/www/SAAFCECEYT/vendor/laravel/framework/src/Illuminate/Database/Query/Builder.php(3706): Illuminate\\Database\\Query\\Builder->Illuminate\\Database\\Query\\{closure}()
#15 /var/www/SAAFCECEYT/vendor/laravel/framework/src/Illuminate/Database/Query/Builder.php(3117): Illuminate\\Database\\Query\\Builder->onceWithColumns()
#16 /var/www/SAAFCECEYT/vendor/laravel/framework/src/Illuminate/Database/Concerns/BuildsQueries.php(344): Illuminate\\Database\\Query\\Builder->get()
#17 /var/www/SAAFCECEYT/vendor/laravel/framework/src/Illuminate/Database/Query/Builder.php(3038): Illuminate\\Database\\Query\\Builder->first()
#18 /var/www/SAAFCECEYT/vendor/laravel/framework/src/Illuminate/Session/DatabaseSessionHandler.php(97): Illuminate\\Database\\Query\\Builder->find()
#19 /var/www/SAAFCECEYT/vendor/laravel/framework/src/Illuminate/Session/Store.php(113): Illuminate\\Session\\DatabaseSessionHandler->read()
#20 /var/www/SAAFCECEYT/vendor/laravel/framework/src/Illuminate/Session/Store.php(101): Illuminate\\Session\\Store->readFromHandler()
#21 /var/www/SAAFCECEYT/vendor/laravel/framework/src/Illuminate/Session/Store.php(85): Illuminate\\Session\\Store->loadSession()
#22 /var/www/SAAFCECEYT/vendor/laravel/framework/src/Illuminate/Session/Middleware/StartSession.php(147): Illuminate\\Session\\Store->start()
#23 /var/www/SAAFCECEYT/vendor/laravel/framework/src/Illuminate/Support/helpers.php(393): Illuminate\\Session\\Middleware\\StartSession->Illuminate\\Session\\Middleware\\{closure}()
#24 /var/www/SAAFCECEYT/vendor/laravel/framework/src/Illuminate/Session/Middleware/StartSession.php(144): tap()
#25 /var/www/SAAFCECEYT/vendor/laravel/framework/src/Illuminate/Session/Middleware/StartSession.php(116): Illuminate\\Session\\Middleware\\StartSession->startSession()
#26 /var/www/SAAFCECEYT/vendor/laravel/framework/src/Illuminate/Session/Middleware/StartSession.php(64): Illuminate\\Session\\Middleware\\StartSession->handleStatefulRequest()
#27 /var/www/SAAFCECEYT/vendor/laravel/framework/src/Illuminate/Pipeline/Pipeline.php(183): Illuminate\\Session\\Middleware\\StartSession->handle()
#28 /var/www/SAAFCECEYT/vendor/laravel/framework/src/Illuminate/Cookie/Middleware/AddQueuedCookiesToResponse.php(37): Illuminate\\Pipeline\\Pipeline->Illuminate\\Pipeline\\{closure}()
#29 /var/www/SAAFCECEYT/vendor/laravel/framework/src/Illuminate/Pipeline/Pipeline.php(183): Illuminate\\Cookie\\Middleware\\AddQueuedCookiesToResponse->handle()
#30 /var/www/SAAFCECEYT/vendor/laravel/framework/src/Illuminate/Cookie/Middleware/EncryptCookies.php(75): Illuminate\\Pipeline\\Pipeline->Illuminate\\Pipeline\\{closure}()
#31 /var/www/SAAFCECEYT/vendor/laravel/framework/src/Illuminate/Pipeline/Pipeline.php(183): Illuminate\\Cookie\\Middleware\\EncryptCookies->handle()
#32 /var/www/SAAFCECEYT/vendor/laravel/framework/src/Illuminate/Pipeline/Pipeline.php(119): Illuminate\\Pipeline\\Pipeline->Illuminate\\Pipeline\\{closure}()
#33 /var/www/SAAFCECEYT/vendor/laravel/framework/src/Illuminate/Routing/Router.php(807): Illuminate\\Pipeline\\Pipeline->then()
#34 /var/www/SAAFCECEYT/vendor/laravel/framework/src/Illuminate/Routing/Router.php(786): Illuminate\\Routing\\Router->runRouteWithinStack()
#35 /var/www/SAAFCECEYT/vendor/laravel/framework/src/Illuminate/Routing/Router.php(750): Illuminate\\Routing\\Router->runRoute()
#36 /var/www/SAAFCECEYT/vendor/laravel/framework/src/Illuminate/Routing/Router.php(739): Illuminate\\Routing\\Router->dispatchToRoute()
#37 /var/www/SAAFCECEYT/vendor/laravel/framework/src/Illuminate/Foundation/Http/Kernel.php(201): Illuminate\\Routing\\Router->dispatch()
#38 /var/www/SAAFCECEYT/vendor/laravel/framework/src/Illuminate/Pipeline/Pipeline.php(144): Illuminate\\Foundation\\Http\\Kernel->Illuminate\\Foundation\\Http\\{closure}()
#39 /var/www/SAAFCECEYT/vendor/laravel/framework/src/Illuminate/Foundation/Http/Middleware/TransformsRequest.php(21): Illuminate\\Pipeline\\Pipeline->Illuminate\\Pipeline\\{closure}()
#40 /var/www/SAAFCECEYT/vendor/laravel/framework/src/Illuminate/Foundation/Http/Middleware/ConvertEmptyStringsToNull.php(31): Illuminate\\Foundation\\Http\\Middleware\\TransformsRequest->handle()
#41 /var/www/SAAFCECEYT/vendor/laravel/framework/src/Illuminate/Pipeline/Pipeline.php(183): Illuminate\\Foundation\\Http\\Middleware\\ConvertEmptyStringsToNull->handle()
#42 /var/www/SAAFCECEYT/vendor/laravel/framework/src/Illuminate/Foundation/Http/Middleware/TransformsRequest.php(21): Illuminate\\Pipeline\\Pipeline->Illuminate\\Pipeline\\{closure}()
#43 /var/www/SAAFCECEYT/vendor/laravel/framework/src/Illuminate/Foundation/Http/Middleware/TrimStrings.php(51): Illuminate\\Foundation\\Http\\Middleware\\TransformsRequest->handle()
#44 /var/www/SAAFCECEYT/vendor/laravel/framework/src/Illuminate/Pipeline/Pipeline.php(183): Illuminate\\Foundation\\Http\\Middleware\\TrimStrings->handle()
#45 /var/www/SAAFCECEYT/vendor/laravel/framework/src/Illuminate/Http/Middleware/ValidatePostSize.php(27): Illuminate\\Pipeline\\Pipeline->Illuminate\\Pipeline\\{closure}()
#46 /var/www/SAAFCECEYT/vendor/laravel/framework/src/Illuminate/Pipeline/Pipeline.php(183): Illuminate\\Http\\Middleware\\ValidatePostSize->handle()
#47 /var/www/SAAFCECEYT/vendor/laravel/framework/src/Illuminate/Foundation/Http/Middleware/PreventRequestsDuringMaintenance.php(110): Illuminate\\Pipeline\\Pipeline->Illuminate\\Pipeline\\{closure}()
#48 /var/www/SAAFCECEYT/vendor/laravel/framework/src/Illuminate/Pipeline/Pipeline.php(183): Illuminate\\Foundation\\Http\\Middleware\\PreventRequestsDuringMaintenance->handle()
#49 /var/www/SAAFCECEYT/vendor/laravel/framework/src/Illuminate/Http/Middleware/HandleCors.php(49): Illuminate\\Pipeline\\Pipeline->Illuminate\\Pipeline\\{closure}()
#50 /var/www/SAAFCECEYT/vendor/laravel/framework/src/Illuminate/Pipeline/Pipeline.php(183): Illuminate\\Http\\Middleware\\HandleCors->handle()
#51 /var/www/SAAFCECEYT/vendor/laravel/framework/src/Illuminate/Http/Middleware/TrustProxies.php(58): Illuminate\\Pipeline\\Pipeline->Illuminate\\Pipeline\\{closure}()
#52 /var/www/SAAFCECEYT/vendor/laravel/framework/src/Illuminate/Pipeline/Pipeline.php(183): Illuminate\\Http\\Middleware\\TrustProxies->handle()
#53 /var/www/SAAFCECEYT/vendor/laravel/framework/src/Illuminate/Foundation/Http/Middleware/InvokeDeferredCallbacks.php(22): Illuminate\\Pipeline\\Pipeline->Illuminate\\Pipeline\\{closure}()
#54 /var/www/SAAFCECEYT/vendor/laravel/framework/src/Illuminate/Pipeline/Pipeline.php(183): Illuminate\\Foundation\\Http\\Middleware\\InvokeDeferredCallbacks->handle()
#55 /var/www/SAAFCECEYT/vendor/laravel/framework/src/Illuminate/Pipeline/Pipeline.php(119): Illuminate\\Pipeline\\Pipeline->Illuminate\\Pipeline\\{closure}()
#56 /var/www/SAAFCECEYT/vendor/laravel/framework/src/Illuminate/Foundation/Http/Kernel.php(176): Illuminate\\Pipeline\\Pipeline->then()
#57 /var/www/SAAFCECEYT/vendor/laravel/framework/src/Illuminate/Foundation/Http/Kernel.php(145): Illuminate\\Foundation\\Http\\Kernel->sendRequestThroughRouter()
#58 /var/www/SAAFCECEYT/vendor/laravel/framework/src/Illuminate/Foundation/Application.php(1190): Illuminate\\Foundation\\Http\\Kernel->handle()
#59 /var/www/SAAFCECEYT/public/index.php(17): Illuminate\\Foundation\\Application->handleRequest()
#60 {main}
"} 
[2025-08-23 18:21:29] local.ERROR: SQLSTATE[HY000] [1698] Access denied for user 'root'@'localhost' (Connection: mysql, SQL: select * from `sessions` where `id` = ZTiupeMoHYncGppPuB2VwIbYouFtdjpbFMmoR4FI limit 1) {"exception":"[object] (Illuminate\\Database\\QueryException(code: 1698): SQLSTATE[HY000] [1698] Access denied for user 'root'@'localhost' (Connection: mysql, SQL: select * from `sessions` where `id` = ZTiupeMoHYncGppPuB2VwIbYouFtdjpbFMmoR4FI limit 1) at /var/www/SAAFCECEYT/vendor/laravel/framework/src/Illuminate/Database/Connection.php:825)
[stacktrace]
#0 /var/www/SAAFCECEYT/vendor/laravel/framework/src/Illuminate/Database/Connection.php(779): Illuminate\\Database\\Connection->runQueryCallback()
#1 /var/www/SAAFCECEYT/vendor/laravel/framework/src/Illuminate/Database/Connection.php(398): Illuminate\\Database\\Connection->run()
#2 /var/www/SAAFCECEYT/vendor/laravel/framework/src/Illuminate/Database/Query/Builder.php(3133): Illuminate\\Database\\Connection->select()
#3 /var/www/SAAFCECEYT/vendor/laravel/framework/src/Illuminate/Database/Query/Builder.php(3118): Illuminate\\Database\\Query\\Builder->runSelect()
#4 /var/www/SAAFCECEYT/vendor/laravel/framework/src/Illuminate/Database/Query/Builder.php(3706): Illuminate\\Database\\Query\\Builder->Illuminate\\Database\\Query\\{closure}()
#5 /var/www/SAAFCECEYT/vendor/laravel/framework/src/Illuminate/Database/Query/Builder.php(3117): Illuminate\\Database\\Query\\Builder->onceWithColumns()
#6 /var/www/SAAFCECEYT/vendor/laravel/framework/src/Illuminate/Database/Concerns/BuildsQueries.php(344): Illuminate\\Database\\Query\\Builder->get()
#7 /var/www/SAAFCECEYT/vendor/laravel/framework/src/Illuminate/Database/Query/Builder.php(3038): Illuminate\\Database\\Query\\Builder->first()
#8 /var/www/SAAFCECEYT/vendor/laravel/framework/src/Illuminate/Session/DatabaseSessionHandler.php(97): Illuminate\\Database\\Query\\Builder->find()
#9 /var/www/SAAFCECEYT/vendor/laravel/framework/src/Illuminate/Session/Store.php(113): Illuminate\\Session\\DatabaseSessionHandler->read()
#10 /var/www/SAAFCECEYT/vendor/laravel/framework/src/Illuminate/Session/Store.php(101): Illuminate\\Session\\Store->readFromHandler()
#11 /var/www/SAAFCECEYT/vendor/laravel/framework/src/Illuminate/Session/Store.php(85): Illuminate\\Session\\Store->loadSession()
#12 /var/www/SAAFCECEYT/vendor/laravel/framework/src/Illuminate/Session/Middleware/StartSession.php(147): Illuminate\\Session\\Store->start()
#13 /var/www/SAAFCECEYT/vendor/laravel/framework/src/Illuminate/Support/helpers.php(393): Illuminate\\Session\\Middleware\\StartSession->Illuminate\\Session\\Middleware\\{closure}()
#14 /var/www/SAAFCECEYT/vendor/laravel/framework/src/Illuminate/Session/Middleware/StartSession.php(144): tap()
#15 /var/www/SAAFCECEYT/vendor/laravel/framework/src/Illuminate/Session/Middleware/StartSession.php(116): Illuminate\\Session\\Middleware\\StartSession->startSession()
#16 /var/www/SAAFCECEYT/vendor/laravel/framework/src/Illuminate/Session/Middleware/StartSession.php(64): Illuminate\\Session\\Middleware\\StartSession->handleStatefulRequest()
#17 /var/www/SAAFCECEYT/vendor/laravel/framework/src/Illuminate/Pipeline/Pipeline.php(183): Illuminate\\Session\\Middleware\\StartSession->handle()
#18 /var/www/SAAFCECEYT/vendor/laravel/framework/src/Illuminate/Cookie/Middleware/AddQueuedCookiesToResponse.php(37): Illuminate\\Pipeline\\Pipeline->Illuminate\\Pipeline\\{closure}()
#19 /var/www/SAAFCECEYT/vendor/laravel/framework/src/Illuminate/Pipeline/Pipeline.php(183): Illuminate\\Cookie\\Middleware\\AddQueuedCookiesToResponse->handle()
#20 /var/www/SAAFCECEYT/vendor/laravel/framework/src/Illuminate/Cookie/Middleware/EncryptCookies.php(75): Illuminate\\Pipeline\\Pipeline->Illuminate\\Pipeline\\{closure}()
#21 /var/www/SAAFCECEYT/vendor/laravel/framework/src/Illuminate/Pipeline/Pipeline.php(183): Illuminate\\Cookie\\Middleware\\EncryptCookies->handle()
#22 /var/www/SAAFCECEYT/vendor/laravel/framework/src/Illuminate/Pipeline/Pipeline.php(119): Illuminate\\Pipeline\\Pipeline->Illuminate\\Pipeline\\{closure}()
#23 /var/www/SAAFCECEYT/vendor/laravel/framework/src/Illuminate/Routing/Router.php(807): Illuminate\\Pipeline\\Pipeline->then()
#24 /var/www/SAAFCECEYT/vendor/laravel/framework/src/Illuminate/Routing/Router.php(786): Illuminate\\Routing\\Router->runRouteWithinStack()
#25 /var/www/SAAFCECEYT/vendor/laravel/framework/src/Illuminate/Routing/Router.php(750): Illuminate\\Routing\\Router->runRoute()
#26 /var/www/SAAFCECEYT/vendor/laravel/framework/src/Illuminate/Routing/Router.php(739): Illuminate\\Routing\\Router->dispatchToRoute()
#27 /var/www/SAAFCECEYT/vendor/laravel/framework/src/Illuminate/Foundation/Http/Kernel.php(201): Illuminate\\Routing\\Router->dispatch()
#28 /var/www/SAAFCECEYT/vendor/laravel/framework/src/Illuminate/Pipeline/Pipeline.php(144): Illuminate\\Foundation\\Http\\Kernel->Illuminate\\Foundation\\Http\\{closure}()
#29 /var/www/SAAFCECEYT/vendor/laravel/framework/src/Illuminate/Foundation/Http/Middleware/TransformsRequest.php(21): Illuminate\\Pipeline\\Pipeline->Illuminate\\Pipeline\\{closure}()
#30 /var/www/SAAFCECEYT/vendor/laravel/framework/src/Illuminate/Foundation/Http/Middleware/ConvertEmptyStringsToNull.php(31): Illuminate\\Foundation\\Http\\Middleware\\TransformsRequest->handle()
#31 /var/www/SAAFCECEYT/vendor/laravel/framework/src/Illuminate/Pipeline/Pipeline.php(183): Illuminate\\Foundation\\Http\\Middleware\\ConvertEmptyStringsToNull->handle()
#32 /var/www/SAAFCECEYT/vendor/laravel/framework/src/Illuminate/Foundation/Http/Middleware/TransformsRequest.php(21): Illuminate\\Pipeline\\Pipeline->Illuminate\\Pipeline\\{closure}()
#33 /var/www/SAAFCECEYT/vendor/laravel/framework/src/Illuminate/Foundation/Http/Middleware/TrimStrings.php(51): Illuminate\\Foundation\\Http\\Middleware\\TransformsRequest->handle()
#34 /var/www/SAAFCECEYT/vendor/laravel/framework/src/Illuminate/Pipeline/Pipeline.php(183): Illuminate\\Foundation\\Http\\Middleware\\TrimStrings->handle()
#35 /var/www/SAAFCECEYT/vendor/laravel/framework/src/Illuminate/Http/Middleware/ValidatePostSize.php(27): Illuminate\\Pipeline\\Pipeline->Illuminate\\Pipeline\\{closure}()
#36 /var/www/SAAFCECEYT/vendor/laravel/framework/src/Illuminate/Pipeline/Pipeline.php(183): Illuminate\\Http\\Middleware\\ValidatePostSize->handle()
#37 /var/www/SAAFCECEYT/vendor/laravel/framework/src/Illuminate/Foundation/Http/Middleware/PreventRequestsDuringMaintenance.php(110): Illuminate\\Pipeline\\Pipeline->Illuminate\\Pipeline\\{closure}()
#38 /var/www/SAAFCECEYT/vendor/laravel/framework/src/Illuminate/Pipeline/Pipeline.php(183): Illuminate\\Foundation\\Http\\Middleware\\PreventRequestsDuringMaintenance->handle()
#39 /var/www/SAAFCECEYT/vendor/laravel/framework/src/Illuminate/Http/Middleware/HandleCors.php(49): Illuminate\\Pipeline\\Pipeline->Illuminate\\Pipeline\\{closure}()
#40 /var/www/SAAFCECEYT/vendor/laravel/framework/src/Illuminate/Pipeline/Pipeline.php(183): Illuminate\\Http\\Middleware\\HandleCors->handle()
#41 /var/www/SAAFCECEYT/vendor/laravel/framework/src/Illuminate/Http/Middleware/TrustProxies.php(58): Illuminate\\Pipeline\\Pipeline->Illuminate\\Pipeline\\{closure}()
#42 /var/www/SAAFCECEYT/vendor/laravel/framework/src/Illuminate/Pipeline/Pipeline.php(183): Illuminate\\Http\\Middleware\\TrustProxies->handle()
#43 /var/www/SAAFCECEYT/vendor/laravel/framework/src/Illuminate/Foundation/Http/Middleware/InvokeDeferredCallbacks.php(22): Illuminate\\Pipeline\\Pipeline->Illuminate\\Pipeline\\{closure}()
#44 /var/www/SAAFCECEYT/vendor/laravel/framework/src/Illuminate/Pipeline/Pipeline.php(183): Illuminate\\Foundation\\Http\\Middleware\\InvokeDeferredCallbacks->handle()
#45 /var/www/SAAFCECEYT/vendor/laravel/framework/src/Illuminate/Pipeline/Pipeline.php(119): Illuminate\\Pipeline\\Pipeline->Illuminate\\Pipeline\\{closure}()
#46 /var/www/SAAFCECEYT/vendor/laravel/framework/src/Illuminate/Foundation/Http/Kernel.php(176): Illuminate\\Pipeline\\Pipeline->then()
#47 /var/www/SAAFCECEYT/vendor/laravel/framework/src/Illuminate/Foundation/Http/Kernel.php(145): Illuminate\\Foundation\\Http\\Kernel->sendRequestThroughRouter()
#48 /var/www/SAAFCECEYT/vendor/laravel/framework/src/Illuminate/Foundation/Application.php(1190): Illuminate\\Foundation\\Http\\Kernel->handle()
#49 /var/www/SAAFCECEYT/public/index.php(17): Illuminate\\Foundation\\Application->handleRequest()
#50 {main}

[previous exception] [object] (PDOException(code: 1698): SQLSTATE[HY000] [1698] Access denied for user 'root'@'localhost' at /var/www/SAAFCECEYT/vendor/laravel/framework/src/Illuminate/Database/Connectors/Connector.php:66)
[stacktrace]
#0 /var/www/SAAFCECEYT/vendor/laravel/framework/src/Illuminate/Database/Connectors/Connector.php(66): PDO->__construct()
#1 /var/www/SAAFCECEYT/vendor/laravel/framework/src/Illuminate/Database/Connectors/Connector.php(44): Illuminate\\Database\\Connectors\\Connector->createPdoConnection()
#2 /var/www/SAAFCECEYT/vendor/laravel/framework/src/Illuminate/Database/Connectors/MySqlConnector.php(24): Illuminate\\Database\\Connectors\\Connector->createConnection()
#3 /var/www/SAAFCECEYT/vendor/laravel/framework/src/Illuminate/Database/Connectors/ConnectionFactory.php(185): Illuminate\\Database\\Connectors\\MySqlConnector->connect()
#4 [internal function]: Illuminate\\Database\\Connectors\\ConnectionFactory->Illuminate\\Database\\Connectors\\{closure}()
#5 /var/www/SAAFCECEYT/vendor/laravel/framework/src/Illuminate/Database/Connection.php(1231): call_user_func()
#6 /var/www/SAAFCECEYT/vendor/laravel/framework/src/Illuminate/Database/Connection.php(1267): Illuminate\\Database\\Connection->getPdo()
#7 /var/www/SAAFCECEYT/vendor/laravel/framework/src/Illuminate/Database/Connection.php(512): Illuminate\\Database\\Connection->getReadPdo()
#8 /var/www/SAAFCECEYT/vendor/laravel/framework/src/Illuminate/Database/Connection.php(407): Illuminate\\Database\\Connection->getPdoForSelect()
#9 /var/www/SAAFCECEYT/vendor/laravel/framework/src/Illuminate/Database/Connection.php(812): Illuminate\\Database\\Connection->Illuminate\\Database\\{closure}()
#10 /var/www/SAAFCECEYT/vendor/laravel/framework/src/Illuminate/Database/Connection.php(779): Illuminate\\Database\\Connection->runQueryCallback()
#11 /var/www/SAAFCECEYT/vendor/laravel/framework/src/Illuminate/Database/Connection.php(398): Illuminate\\Database\\Connection->run()
#12 /var/www/SAAFCECEYT/vendor/laravel/framework/src/Illuminate/Database/Query/Builder.php(3133): Illuminate\\Database\\Connection->select()
#13 /var/www/SAAFCECEYT/vendor/laravel/framework/src/Illuminate/Database/Query/Builder.php(3118): Illuminate\\Database\\Query\\Builder->runSelect()
#14 /var/www/SAAFCECEYT/vendor/laravel/framework/src/Illuminate/Database/Query/Builder.php(3706): Illuminate\\Database\\Query\\Builder->Illuminate\\Database\\Query\\{closure}()
#15 /var/www/SAAFCECEYT/vendor/laravel/framework/src/Illuminate/Database/Query/Builder.php(3117): Illuminate\\Database\\Query\\Builder->onceWithColumns()
#16 /var/www/SAAFCECEYT/vendor/laravel/framework/src/Illuminate/Database/Concerns/BuildsQueries.php(344): Illuminate\\Database\\Query\\Builder->get()
#17 /var/www/SAAFCECEYT/vendor/laravel/framework/src/Illuminate/Database/Query/Builder.php(3038): Illuminate\\Database\\Query\\Builder->first()
#18 /var/www/SAAFCECEYT/vendor/laravel/framework/src/Illuminate/Session/DatabaseSessionHandler.php(97): Illuminate\\Database\\Query\\Builder->find()
#19 /var/www/SAAFCECEYT/vendor/laravel/framework/src/Illuminate/Session/Store.php(113): Illuminate\\Session\\DatabaseSessionHandler->read()
#20 /var/www/SAAFCECEYT/vendor/laravel/framework/src/Illuminate/Session/Store.php(101): Illuminate\\Session\\Store->readFromHandler()
#21 /var/www/SAAFCECEYT/vendor/laravel/framework/src/Illuminate/Session/Store.php(85): Illuminate\\Session\\Store->loadSession()
#22 /var/www/SAAFCECEYT/vendor/laravel/framework/src/Illuminate/Session/Middleware/StartSession.php(147): Illuminate\\Session\\Store->start()
#23 /var/www/SAAFCECEYT/vendor/laravel/framework/src/Illuminate/Support/helpers.php(393): Illuminate\\Session\\Middleware\\StartSession->Illuminate\\Session\\Middleware\\{closure}()
#24 /var/www/SAAFCECEYT/vendor/laravel/framework/src/Illuminate/Session/Middleware/StartSession.php(144): tap()
#25 /var/www/SAAFCECEYT/vendor/laravel/framework/src/Illuminate/Session/Middleware/StartSession.php(116): Illuminate\\Session\\Middleware\\StartSession->startSession()
#26 /var/www/SAAFCECEYT/vendor/laravel/framework/src/Illuminate/Session/Middleware/StartSession.php(64): Illuminate\\Session\\Middleware\\StartSession->handleStatefulRequest()
#27 /var/www/SAAFCECEYT/vendor/laravel/framework/src/Illuminate/Pipeline/Pipeline.php(183): Illuminate\\Session\\Middleware\\StartSession->handle()
#28 /var/www/SAAFCECEYT/vendor/laravel/framework/src/Illuminate/Cookie/Middleware/AddQueuedCookiesToResponse.php(37): Illuminate\\Pipeline\\Pipeline->Illuminate\\Pipeline\\{closure}()
#29 /var/www/SAAFCECEYT/vendor/laravel/framework/src/Illuminate/Pipeline/Pipeline.php(183): Illuminate\\Cookie\\Middleware\\AddQueuedCookiesToResponse->handle()
#30 /var/www/SAAFCECEYT/vendor/laravel/framework/src/Illuminate/Cookie/Middleware/EncryptCookies.php(75): Illuminate\\Pipeline\\Pipeline->Illuminate\\Pipeline\\{closure}()
#31 /var/www/SAAFCECEYT/vendor/laravel/framework/src/Illuminate/Pipeline/Pipeline.php(183): Illuminate\\Cookie\\Middleware\\EncryptCookies->handle()
#32 /var/www/SAAFCECEYT/vendor/laravel/framework/src/Illuminate/Pipeline/Pipeline.php(119): Illuminate\\Pipeline\\Pipeline->Illuminate\\Pipeline\\{closure}()
#33 /var/www/SAAFCECEYT/vendor/laravel/framework/src/Illuminate/Routing/Router.php(807): Illuminate\\Pipeline\\Pipeline->then()
#34 /var/www/SAAFCECEYT/vendor/laravel/framework/src/Illuminate/Routing/Router.php(786): Illuminate\\Routing\\Router->runRouteWithinStack()
#35 /var/www/SAAFCECEYT/vendor/laravel/framework/src/Illuminate/Routing/Router.php(750): Illuminate\\Routing\\Router->runRoute()
#36 /var/www/SAAFCECEYT/vendor/laravel/framework/src/Illuminate/Routing/Router.php(739): Illuminate\\Routing\\Router->dispatchToRoute()
#37 /var/www/SAAFCECEYT/vendor/laravel/framework/src/Illuminate/Foundation/Http/Kernel.php(201): Illuminate\\Routing\\Router->dispatch()
#38 /var/www/SAAFCECEYT/vendor/laravel/framework/src/Illuminate/Pipeline/Pipeline.php(144): Illuminate\\Foundation\\Http\\Kernel->Illuminate\\Foundation\\Http\\{closure}()
#39 /var/www/SAAFCECEYT/vendor/laravel/framework/src/Illuminate/Foundation/Http/Middleware/TransformsRequest.php(21): Illuminate\\Pipeline\\Pipeline->Illuminate\\Pipeline\\{closure}()
#40 /var/www/SAAFCECEYT/vendor/laravel/framework/src/Illuminate/Foundation/Http/Middleware/ConvertEmptyStringsToNull.php(31): Illuminate\\Foundation\\Http\\Middleware\\TransformsRequest->handle()
#41 /var/www/SAAFCECEYT/vendor/laravel/framework/src/Illuminate/Pipeline/Pipeline.php(183): Illuminate\\Foundation\\Http\\Middleware\\ConvertEmptyStringsToNull->handle()
#42 /var/www/SAAFCECEYT/vendor/laravel/framework/src/Illuminate/Foundation/Http/Middleware/TransformsRequest.php(21): Illuminate\\Pipeline\\Pipeline->Illuminate\\Pipeline\\{closure}()
#43 /var/www/SAAFCECEYT/vendor/laravel/framework/src/Illuminate/Foundation/Http/Middleware/TrimStrings.php(51): Illuminate\\Foundation\\Http\\Middleware\\TransformsRequest->handle()
#44 /var/www/SAAFCECEYT/vendor/laravel/framework/src/Illuminate/Pipeline/Pipeline.php(183): Illuminate\\Foundation\\Http\\Middleware\\TrimStrings->handle()
#45 /var/www/SAAFCECEYT/vendor/laravel/framework/src/Illuminate/Http/Middleware/ValidatePostSize.php(27): Illuminate\\Pipeline\\Pipeline->Illuminate\\Pipeline\\{closure}()
#46 /var/www/SAAFCECEYT/vendor/laravel/framework/src/Illuminate/Pipeline/Pipeline.php(183): Illuminate\\Http\\Middleware\\ValidatePostSize->handle()
#47 /var/www/SAAFCECEYT/vendor/laravel/framework/src/Illuminate/Foundation/Http/Middleware/PreventRequestsDuringMaintenance.php(110): Illuminate\\Pipeline\\Pipeline->Illuminate\\Pipeline\\{closure}()
#48 /var/www/SAAFCECEYT/vendor/laravel/framework/src/Illuminate/Pipeline/Pipeline.php(183): Illuminate\\Foundation\\Http\\Middleware\\PreventRequestsDuringMaintenance->handle()
#49 /var/www/SAAFCECEYT/vendor/laravel/framework/src/Illuminate/Http/Middleware/HandleCors.php(49): Illuminate\\Pipeline\\Pipeline->Illuminate\\Pipeline\\{closure}()
#50 /var/www/SAAFCECEYT/vendor/laravel/framework/src/Illuminate/Pipeline/Pipeline.php(183): Illuminate\\Http\\Middleware\\HandleCors->handle()
#51 /var/www/SAAFCECEYT/vendor/laravel/framework/src/Illuminate/Http/Middleware/TrustProxies.php(58): Illuminate\\Pipeline\\Pipeline->Illuminate\\Pipeline\\{closure}()
#52 /var/www/SAAFCECEYT/vendor/laravel/framework/src/Illuminate/Pipeline/Pipeline.php(183): Illuminate\\Http\\Middleware\\TrustProxies->handle()
#53 /var/www/SAAFCECEYT/vendor/laravel/framework/src/Illuminate/Foundation/Http/Middleware/InvokeDeferredCallbacks.php(22): Illuminate\\Pipeline\\Pipeline->Illuminate\\Pipeline\\{closure}()
#54 /var/www/SAAFCECEYT/vendor/laravel/framework/src/Illuminate/Pipeline/Pipeline.php(183): Illuminate\\Foundation\\Http\\Middleware\\InvokeDeferredCallbacks->handle()
#55 /var/www/SAAFCECEYT/vendor/laravel/framework/src/Illuminate/Pipeline/Pipeline.php(119): Illuminate\\Pipeline\\Pipeline->Illuminate\\Pipeline\\{closure}()
#56 /var/www/SAAFCECEYT/vendor/laravel/framework/src/Illuminate/Foundation/Http/Kernel.php(176): Illuminate\\Pipeline\\Pipeline->then()
#57 /var/www/SAAFCECEYT/vendor/laravel/framework/src/Illuminate/Foundation/Http/Kernel.php(145): Illuminate\\Foundation\\Http\\Kernel->sendRequestThroughRouter()
#58 /var/www/SAAFCECEYT/vendor/laravel/framework/src/Illuminate/Foundation/Application.php(1190): Illuminate\\Foundation\\Http\\Kernel->handle()
#59 /var/www/SAAFCECEYT/public/index.php(17): Illuminate\\Foundation\\Application->handleRequest()
#60 {main}
"} 
[2025-08-23 18:24:33] local.ERROR: SQLSTATE[HY000] [1045] Access denied for user 'root'@'localhost' (using password: NO) (Connection: mysql, SQL: select * from `sessions` where `id` = d9x6HV4tlJB4KYL3gy5Jl7GKmGeEyE5MwPMNAwGP limit 1) {"exception":"[object] (Illuminate\\Database\\QueryException(code: 1045): SQLSTATE[HY000] [1045] Access denied for user 'root'@'localhost' (using password: NO) (Connection: mysql, SQL: select * from `sessions` where `id` = d9x6HV4tlJB4KYL3gy5Jl7GKmGeEyE5MwPMNAwGP limit 1) at /var/www/SAAFCECEYT/vendor/laravel/framework/src/Illuminate/Database/Connection.php:825)
[stacktrace]
#0 /var/www/SAAFCECEYT/vendor/laravel/framework/src/Illuminate/Database/Connection.php(779): Illuminate\\Database\\Connection->runQueryCallback()
#1 /var/www/SAAFCECEYT/vendor/laravel/framework/src/Illuminate/Database/Connection.php(398): Illuminate\\Database\\Connection->run()
#2 /var/www/SAAFCECEYT/vendor/laravel/framework/src/Illuminate/Database/Query/Builder.php(3133): Illuminate\\Database\\Connection->select()
#3 /var/www/SAAFCECEYT/vendor/laravel/framework/src/Illuminate/Database/Query/Builder.php(3118): Illuminate\\Database\\Query\\Builder->runSelect()
#4 /var/www/SAAFCECEYT/vendor/laravel/framework/src/Illuminate/Database/Query/Builder.php(3706): Illuminate\\Database\\Query\\Builder->Illuminate\\Database\\Query\\{closure}()
#5 /var/www/SAAFCECEYT/vendor/laravel/framework/src/Illuminate/Database/Query/Builder.php(3117): Illuminate\\Database\\Query\\Builder->onceWithColumns()
#6 /var/www/SAAFCECEYT/vendor/laravel/framework/src/Illuminate/Database/Concerns/BuildsQueries.php(344): Illuminate\\Database\\Query\\Builder->get()
#7 /var/www/SAAFCECEYT/vendor/laravel/framework/src/Illuminate/Database/Query/Builder.php(3038): Illuminate\\Database\\Query\\Builder->first()
#8 /var/www/SAAFCECEYT/vendor/laravel/framework/src/Illuminate/Session/DatabaseSessionHandler.php(97): Illuminate\\Database\\Query\\Builder->find()
#9 /var/www/SAAFCECEYT/vendor/laravel/framework/src/Illuminate/Session/Store.php(113): Illuminate\\Session\\DatabaseSessionHandler->read()
#10 /var/www/SAAFCECEYT/vendor/laravel/framework/src/Illuminate/Session/Store.php(101): Illuminate\\Session\\Store->readFromHandler()
#11 /var/www/SAAFCECEYT/vendor/laravel/framework/src/Illuminate/Session/Store.php(85): Illuminate\\Session\\Store->loadSession()
#12 /var/www/SAAFCECEYT/vendor/laravel/framework/src/Illuminate/Session/Middleware/StartSession.php(147): Illuminate\\Session\\Store->start()
#13 /var/www/SAAFCECEYT/vendor/laravel/framework/src/Illuminate/Support/helpers.php(393): Illuminate\\Session\\Middleware\\StartSession->Illuminate\\Session\\Middleware\\{closure}()
#14 /var/www/SAAFCECEYT/vendor/laravel/framework/src/Illuminate/Session/Middleware/StartSession.php(144): tap()
#15 /var/www/SAAFCECEYT/vendor/laravel/framework/src/Illuminate/Session/Middleware/StartSession.php(116): Illuminate\\Session\\Middleware\\StartSession->startSession()
#16 /var/www/SAAFCECEYT/vendor/laravel/framework/src/Illuminate/Session/Middleware/StartSession.php(64): Illuminate\\Session\\Middleware\\StartSession->handleStatefulRequest()
#17 /var/www/SAAFCECEYT/vendor/laravel/framework/src/Illuminate/Pipeline/Pipeline.php(183): Illuminate\\Session\\Middleware\\StartSession->handle()
#18 /var/www/SAAFCECEYT/vendor/laravel/framework/src/Illuminate/Cookie/Middleware/AddQueuedCookiesToResponse.php(37): Illuminate\\Pipeline\\Pipeline->Illuminate\\Pipeline\\{closure}()
#19 /var/www/SAAFCECEYT/vendor/laravel/framework/src/Illuminate/Pipeline/Pipeline.php(183): Illuminate\\Cookie\\Middleware\\AddQueuedCookiesToResponse->handle()
#20 /var/www/SAAFCECEYT/vendor/laravel/framework/src/Illuminate/Cookie/Middleware/EncryptCookies.php(75): Illuminate\\Pipeline\\Pipeline->Illuminate\\Pipeline\\{closure}()
#21 /var/www/SAAFCECEYT/vendor/laravel/framework/src/Illuminate/Pipeline/Pipeline.php(183): Illuminate\\Cookie\\Middleware\\EncryptCookies->handle()
#22 /var/www/SAAFCECEYT/vendor/laravel/framework/src/Illuminate/Pipeline/Pipeline.php(119): Illuminate\\Pipeline\\Pipeline->Illuminate\\Pipeline\\{closure}()
#23 /var/www/SAAFCECEYT/vendor/laravel/framework/src/Illuminate/Routing/Router.php(807): Illuminate\\Pipeline\\Pipeline->then()
#24 /var/www/SAAFCECEYT/vendor/laravel/framework/src/Illuminate/Routing/Router.php(786): Illuminate\\Routing\\Router->runRouteWithinStack()
#25 /var/www/SAAFCECEYT/vendor/laravel/framework/src/Illuminate/Routing/Router.php(750): Illuminate\\Routing\\Router->runRoute()
#26 /var/www/SAAFCECEYT/vendor/laravel/framework/src/Illuminate/Routing/Router.php(739): Illuminate\\Routing\\Router->dispatchToRoute()
#27 /var/www/SAAFCECEYT/vendor/laravel/framework/src/Illuminate/Foundation/Http/Kernel.php(201): Illuminate\\Routing\\Router->dispatch()
#28 /var/www/SAAFCECEYT/vendor/laravel/framework/src/Illuminate/Pipeline/Pipeline.php(144): Illuminate\\Foundation\\Http\\Kernel->Illuminate\\Foundation\\Http\\{closure}()
#29 /var/www/SAAFCECEYT/vendor/laravel/framework/src/Illuminate/Foundation/Http/Middleware/TransformsRequest.php(21): Illuminate\\Pipeline\\Pipeline->Illuminate\\Pipeline\\{closure}()
#30 /var/www/SAAFCECEYT/vendor/laravel/framework/src/Illuminate/Foundation/Http/Middleware/ConvertEmptyStringsToNull.php(31): Illuminate\\Foundation\\Http\\Middleware\\TransformsRequest->handle()
#31 /var/www/SAAFCECEYT/vendor/laravel/framework/src/Illuminate/Pipeline/Pipeline.php(183): Illuminate\\Foundation\\Http\\Middleware\\ConvertEmptyStringsToNull->handle()
#32 /var/www/SAAFCECEYT/vendor/laravel/framework/src/Illuminate/Foundation/Http/Middleware/TransformsRequest.php(21): Illuminate\\Pipeline\\Pipeline->Illuminate\\Pipeline\\{closure}()
#33 /var/www/SAAFCECEYT/vendor/laravel/framework/src/Illuminate/Foundation/Http/Middleware/TrimStrings.php(51): Illuminate\\Foundation\\Http\\Middleware\\TransformsRequest->handle()
#34 /var/www/SAAFCECEYT/vendor/laravel/framework/src/Illuminate/Pipeline/Pipeline.php(183): Illuminate\\Foundation\\Http\\Middleware\\TrimStrings->handle()
#35 /var/www/SAAFCECEYT/vendor/laravel/framework/src/Illuminate/Http/Middleware/ValidatePostSize.php(27): Illuminate\\Pipeline\\Pipeline->Illuminate\\Pipeline\\{closure}()
#36 /var/www/SAAFCECEYT/vendor/laravel/framework/src/Illuminate/Pipeline/Pipeline.php(183): Illuminate\\Http\\Middleware\\ValidatePostSize->handle()
#37 /var/www/SAAFCECEYT/vendor/laravel/framework/src/Illuminate/Foundation/Http/Middleware/PreventRequestsDuringMaintenance.php(110): Illuminate\\Pipeline\\Pipeline->Illuminate\\Pipeline\\{closure}()
#38 /var/www/SAAFCECEYT/vendor/laravel/framework/src/Illuminate/Pipeline/Pipeline.php(183): Illuminate\\Foundation\\Http\\Middleware\\PreventRequestsDuringMaintenance->handle()
#39 /var/www/SAAFCECEYT/vendor/laravel/framework/src/Illuminate/Http/Middleware/HandleCors.php(49): Illuminate\\Pipeline\\Pipeline->Illuminate\\Pipeline\\{closure}()
#40 /var/www/SAAFCECEYT/vendor/laravel/framework/src/Illuminate/Pipeline/Pipeline.php(183): Illuminate\\Http\\Middleware\\HandleCors->handle()
#41 /var/www/SAAFCECEYT/vendor/laravel/framework/src/Illuminate/Http/Middleware/TrustProxies.php(58): Illuminate\\Pipeline\\Pipeline->Illuminate\\Pipeline\\{closure}()
#42 /var/www/SAAFCECEYT/vendor/laravel/framework/src/Illuminate/Pipeline/Pipeline.php(183): Illuminate\\Http\\Middleware\\TrustProxies->handle()
#43 /var/www/SAAFCECEYT/vendor/laravel/framework/src/Illuminate/Foundation/Http/Middleware/InvokeDeferredCallbacks.php(22): Illuminate\\Pipeline\\Pipeline->Illuminate\\Pipeline\\{closure}()
#44 /var/www/SAAFCECEYT/vendor/laravel/framework/src/Illuminate/Pipeline/Pipeline.php(183): Illuminate\\Foundation\\Http\\Middleware\\InvokeDeferredCallbacks->handle()
#45 /var/www/SAAFCECEYT/vendor/laravel/framework/src/Illuminate/Pipeline/Pipeline.php(119): Illuminate\\Pipeline\\Pipeline->Illuminate\\Pipeline\\{closure}()
#46 /var/www/SAAFCECEYT/vendor/laravel/framework/src/Illuminate/Foundation/Http/Kernel.php(176): Illuminate\\Pipeline\\Pipeline->then()
#47 /var/www/SAAFCECEYT/vendor/laravel/framework/src/Illuminate/Foundation/Http/Kernel.php(145): Illuminate\\Foundation\\Http\\Kernel->sendRequestThroughRouter()
#48 /var/www/SAAFCECEYT/vendor/laravel/framework/src/Illuminate/Foundation/Application.php(1190): Illuminate\\Foundation\\Http\\Kernel->handle()
#49 /var/www/SAAFCECEYT/public/index.php(17): Illuminate\\Foundation\\Application->handleRequest()
#50 {main}

[previous exception] [object] (PDOException(code: 1045): SQLSTATE[HY000] [1045] Access denied for user 'root'@'localhost' (using password: NO) at /var/www/SAAFCECEYT/vendor/laravel/framework/src/Illuminate/Database/Connectors/Connector.php:66)
[stacktrace]
#0 /var/www/SAAFCECEYT/vendor/laravel/framework/src/Illuminate/Database/Connectors/Connector.php(66): PDO->__construct()
#1 /var/www/SAAFCECEYT/vendor/laravel/framework/src/Illuminate/Database/Connectors/Connector.php(44): Illuminate\\Database\\Connectors\\Connector->createPdoConnection()
#2 /var/www/SAAFCECEYT/vendor/laravel/framework/src/Illuminate/Database/Connectors/MySqlConnector.php(24): Illuminate\\Database\\Connectors\\Connector->createConnection()
#3 /var/www/SAAFCECEYT/vendor/laravel/framework/src/Illuminate/Database/Connectors/ConnectionFactory.php(185): Illuminate\\Database\\Connectors\\MySqlConnector->connect()
#4 [internal function]: Illuminate\\Database\\Connectors\\ConnectionFactory->Illuminate\\Database\\Connectors\\{closure}()
#5 /var/www/SAAFCECEYT/vendor/laravel/framework/src/Illuminate/Database/Connection.php(1231): call_user_func()
#6 /var/www/SAAFCECEYT/vendor/laravel/framework/src/Illuminate/Database/Connection.php(1267): Illuminate\\Database\\Connection->getPdo()
#7 /var/www/SAAFCECEYT/vendor/laravel/framework/src/Illuminate/Database/Connection.php(512): Illuminate\\Database\\Connection->getReadPdo()
#8 /var/www/SAAFCECEYT/vendor/laravel/framework/src/Illuminate/Database/Connection.php(407): Illuminate\\Database\\Connection->getPdoForSelect()
#9 /var/www/SAAFCECEYT/vendor/laravel/framework/src/Illuminate/Database/Connection.php(812): Illuminate\\Database\\Connection->Illuminate\\Database\\{closure}()
#10 /var/www/SAAFCECEYT/vendor/laravel/framework/src/Illuminate/Database/Connection.php(779): Illuminate\\Database\\Connection->runQueryCallback()
#11 /var/www/SAAFCECEYT/vendor/laravel/framework/src/Illuminate/Database/Connection.php(398): Illuminate\\Database\\Connection->run()
#12 /var/www/SAAFCECEYT/vendor/laravel/framework/src/Illuminate/Database/Query/Builder.php(3133): Illuminate\\Database\\Connection->select()
#13 /var/www/SAAFCECEYT/vendor/laravel/framework/src/Illuminate/Database/Query/Builder.php(3118): Illuminate\\Database\\Query\\Builder->runSelect()
#14 /var/www/SAAFCECEYT/vendor/laravel/framework/src/Illuminate/Database/Query/Builder.php(3706): Illuminate\\Database\\Query\\Builder->Illuminate\\Database\\Query\\{closure}()
#15 /var/www/SAAFCECEYT/vendor/laravel/framework/src/Illuminate/Database/Query/Builder.php(3117): Illuminate\\Database\\Query\\Builder->onceWithColumns()
#16 /var/www/SAAFCECEYT/vendor/laravel/framework/src/Illuminate/Database/Concerns/BuildsQueries.php(344): Illuminate\\Database\\Query\\Builder->get()
#17 /var/www/SAAFCECEYT/vendor/laravel/framework/src/Illuminate/Database/Query/Builder.php(3038): Illuminate\\Database\\Query\\Builder->first()
#18 /var/www/SAAFCECEYT/vendor/laravel/framework/src/Illuminate/Session/DatabaseSessionHandler.php(97): Illuminate\\Database\\Query\\Builder->find()
#19 /var/www/SAAFCECEYT/vendor/laravel/framework/src/Illuminate/Session/Store.php(113): Illuminate\\Session\\DatabaseSessionHandler->read()
#20 /var/www/SAAFCECEYT/vendor/laravel/framework/src/Illuminate/Session/Store.php(101): Illuminate\\Session\\Store->readFromHandler()
#21 /var/www/SAAFCECEYT/vendor/laravel/framework/src/Illuminate/Session/Store.php(85): Illuminate\\Session\\Store->loadSession()
#22 /var/www/SAAFCECEYT/vendor/laravel/framework/src/Illuminate/Session/Middleware/StartSession.php(147): Illuminate\\Session\\Store->start()
#23 /var/www/SAAFCECEYT/vendor/laravel/framework/src/Illuminate/Support/helpers.php(393): Illuminate\\Session\\Middleware\\StartSession->Illuminate\\Session\\Middleware\\{closure}()
#24 /var/www/SAAFCECEYT/vendor/laravel/framework/src/Illuminate/Session/Middleware/StartSession.php(144): tap()
#25 /var/www/SAAFCECEYT/vendor/laravel/framework/src/Illuminate/Session/Middleware/StartSession.php(116): Illuminate\\Session\\Middleware\\StartSession->startSession()
#26 /var/www/SAAFCECEYT/vendor/laravel/framework/src/Illuminate/Session/Middleware/StartSession.php(64): Illuminate\\Session\\Middleware\\StartSession->handleStatefulRequest()
#27 /var/www/SAAFCECEYT/vendor/laravel/framework/src/Illuminate/Pipeline/Pipeline.php(183): Illuminate\\Session\\Middleware\\StartSession->handle()
#28 /var/www/SAAFCECEYT/vendor/laravel/framework/src/Illuminate/Cookie/Middleware/AddQueuedCookiesToResponse.php(37): Illuminate\\Pipeline\\Pipeline->Illuminate\\Pipeline\\{closure}()
#29 /var/www/SAAFCECEYT/vendor/laravel/framework/src/Illuminate/Pipeline/Pipeline.php(183): Illuminate\\Cookie\\Middleware\\AddQueuedCookiesToResponse->handle()
#30 /var/www/SAAFCECEYT/vendor/laravel/framework/src/Illuminate/Cookie/Middleware/EncryptCookies.php(75): Illuminate\\Pipeline\\Pipeline->Illuminate\\Pipeline\\{closure}()
#31 /var/www/SAAFCECEYT/vendor/laravel/framework/src/Illuminate/Pipeline/Pipeline.php(183): Illuminate\\Cookie\\Middleware\\EncryptCookies->handle()
#32 /var/www/SAAFCECEYT/vendor/laravel/framework/src/Illuminate/Pipeline/Pipeline.php(119): Illuminate\\Pipeline\\Pipeline->Illuminate\\Pipeline\\{closure}()
#33 /var/www/SAAFCECEYT/vendor/laravel/framework/src/Illuminate/Routing/Router.php(807): Illuminate\\Pipeline\\Pipeline->then()
#34 /var/www/SAAFCECEYT/vendor/laravel/framework/src/Illuminate/Routing/Router.php(786): Illuminate\\Routing\\Router->runRouteWithinStack()
#35 /var/www/SAAFCECEYT/vendor/laravel/framework/src/Illuminate/Routing/Router.php(750): Illuminate\\Routing\\Router->runRoute()
#36 /var/www/SAAFCECEYT/vendor/laravel/framework/src/Illuminate/Routing/Router.php(739): Illuminate\\Routing\\Router->dispatchToRoute()
#37 /var/www/SAAFCECEYT/vendor/laravel/framework/src/Illuminate/Foundation/Http/Kernel.php(201): Illuminate\\Routing\\Router->dispatch()
#38 /var/www/SAAFCECEYT/vendor/laravel/framework/src/Illuminate/Pipeline/Pipeline.php(144): Illuminate\\Foundation\\Http\\Kernel->Illuminate\\Foundation\\Http\\{closure}()
#39 /var/www/SAAFCECEYT/vendor/laravel/framework/src/Illuminate/Foundation/Http/Middleware/TransformsRequest.php(21): Illuminate\\Pipeline\\Pipeline->Illuminate\\Pipeline\\{closure}()
#40 /var/www/SAAFCECEYT/vendor/laravel/framework/src/Illuminate/Foundation/Http/Middleware/ConvertEmptyStringsToNull.php(31): Illuminate\\Foundation\\Http\\Middleware\\TransformsRequest->handle()
#41 /var/www/SAAFCECEYT/vendor/laravel/framework/src/Illuminate/Pipeline/Pipeline.php(183): Illuminate\\Foundation\\Http\\Middleware\\ConvertEmptyStringsToNull->handle()
#42 /var/www/SAAFCECEYT/vendor/laravel/framework/src/Illuminate/Foundation/Http/Middleware/TransformsRequest.php(21): Illuminate\\Pipeline\\Pipeline->Illuminate\\Pipeline\\{closure}()
#43 /var/www/SAAFCECEYT/vendor/laravel/framework/src/Illuminate/Foundation/Http/Middleware/TrimStrings.php(51): Illuminate\\Foundation\\Http\\Middleware\\TransformsRequest->handle()
#44 /var/www/SAAFCECEYT/vendor/laravel/framework/src/Illuminate/Pipeline/Pipeline.php(183): Illuminate\\Foundation\\Http\\Middleware\\TrimStrings->handle()
#45 /var/www/SAAFCECEYT/vendor/laravel/framework/src/Illuminate/Http/Middleware/ValidatePostSize.php(27): Illuminate\\Pipeline\\Pipeline->Illuminate\\Pipeline\\{closure}()
#46 /var/www/SAAFCECEYT/vendor/laravel/framework/src/Illuminate/Pipeline/Pipeline.php(183): Illuminate\\Http\\Middleware\\ValidatePostSize->handle()
#47 /var/www/SAAFCECEYT/vendor/laravel/framework/src/Illuminate/Foundation/Http/Middleware/PreventRequestsDuringMaintenance.php(110): Illuminate\\Pipeline\\Pipeline->Illuminate\\Pipeline\\{closure}()
#48 /var/www/SAAFCECEYT/vendor/laravel/framework/src/Illuminate/Pipeline/Pipeline.php(183): Illuminate\\Foundation\\Http\\Middleware\\PreventRequestsDuringMaintenance->handle()
#49 /var/www/SAAFCECEYT/vendor/laravel/framework/src/Illuminate/Http/Middleware/HandleCors.php(49): Illuminate\\Pipeline\\Pipeline->Illuminate\\Pipeline\\{closure}()
#50 /var/www/SAAFCECEYT/vendor/laravel/framework/src/Illuminate/Pipeline/Pipeline.php(183): Illuminate\\Http\\Middleware\\HandleCors->handle()
#51 /var/www/SAAFCECEYT/vendor/laravel/framework/src/Illuminate/Http/Middleware/TrustProxies.php(58): Illuminate\\Pipeline\\Pipeline->Illuminate\\Pipeline\\{closure}()
#52 /var/www/SAAFCECEYT/vendor/laravel/framework/src/Illuminate/Pipeline/Pipeline.php(183): Illuminate\\Http\\Middleware\\TrustProxies->handle()
#53 /var/www/SAAFCECEYT/vendor/laravel/framework/src/Illuminate/Foundation/Http/Middleware/InvokeDeferredCallbacks.php(22): Illuminate\\Pipeline\\Pipeline->Illuminate\\Pipeline\\{closure}()
#54 /var/www/SAAFCECEYT/vendor/laravel/framework/src/Illuminate/Pipeline/Pipeline.php(183): Illuminate\\Foundation\\Http\\Middleware\\InvokeDeferredCallbacks->handle()
#55 /var/www/SAAFCECEYT/vendor/laravel/framework/src/Illuminate/Pipeline/Pipeline.php(119): Illuminate\\Pipeline\\Pipeline->Illuminate\\Pipeline\\{closure}()
#56 /var/www/SAAFCECEYT/vendor/laravel/framework/src/Illuminate/Foundation/Http/Kernel.php(176): Illuminate\\Pipeline\\Pipeline->then()
#57 /var/www/SAAFCECEYT/vendor/laravel/framework/src/Illuminate/Foundation/Http/Kernel.php(145): Illuminate\\Foundation\\Http\\Kernel->sendRequestThroughRouter()
#58 /var/www/SAAFCECEYT/vendor/laravel/framework/src/Illuminate/Foundation/Application.php(1190): Illuminate\\Foundation\\Http\\Kernel->handle()
#59 /var/www/SAAFCECEYT/public/index.php(17): Illuminate\\Foundation\\Application->handleRequest()
#60 {main}
"} 
[2025-08-23 18:25:58] local.ERROR: SQLSTATE[HY000] [1045] Access denied for user 'root'@'localhost' (using password: NO) (Connection: mysql, SQL: select * from `sessions` where `id` = l9JAkOmJfvhCl8oh98SdkZdVhAESMxdqDF4VhK6I limit 1) {"exception":"[object] (Illuminate\\Database\\QueryException(code: 1045): SQLSTATE[HY000] [1045] Access denied for user 'root'@'localhost' (using password: NO) (Connection: mysql, SQL: select * from `sessions` where `id` = l9JAkOmJfvhCl8oh98SdkZdVhAESMxdqDF4VhK6I limit 1) at /var/www/SAAFCECEYT/vendor/laravel/framework/src/Illuminate/Database/Connection.php:825)
[stacktrace]
#0 /var/www/SAAFCECEYT/vendor/laravel/framework/src/Illuminate/Database/Connection.php(779): Illuminate\\Database\\Connection->runQueryCallback()
#1 /var/www/SAAFCECEYT/vendor/laravel/framework/src/Illuminate/Database/Connection.php(398): Illuminate\\Database\\Connection->run()
#2 /var/www/SAAFCECEYT/vendor/laravel/framework/src/Illuminate/Database/Query/Builder.php(3133): Illuminate\\Database\\Connection->select()
#3 /var/www/SAAFCECEYT/vendor/laravel/framework/src/Illuminate/Database/Query/Builder.php(3118): Illuminate\\Database\\Query\\Builder->runSelect()
#4 /var/www/SAAFCECEYT/vendor/laravel/framework/src/Illuminate/Database/Query/Builder.php(3706): Illuminate\\Database\\Query\\Builder->Illuminate\\Database\\Query\\{closure}()
#5 /var/www/SAAFCECEYT/vendor/laravel/framework/src/Illuminate/Database/Query/Builder.php(3117): Illuminate\\Database\\Query\\Builder->onceWithColumns()
#6 /var/www/SAAFCECEYT/vendor/laravel/framework/src/Illuminate/Database/Concerns/BuildsQueries.php(344): Illuminate\\Database\\Query\\Builder->get()
#7 /var/www/SAAFCECEYT/vendor/laravel/framework/src/Illuminate/Database/Query/Builder.php(3038): Illuminate\\Database\\Query\\Builder->first()
#8 /var/www/SAAFCECEYT/vendor/laravel/framework/src/Illuminate/Session/DatabaseSessionHandler.php(97): Illuminate\\Database\\Query\\Builder->find()
#9 /var/www/SAAFCECEYT/vendor/laravel/framework/src/Illuminate/Session/Store.php(113): Illuminate\\Session\\DatabaseSessionHandler->read()
#10 /var/www/SAAFCECEYT/vendor/laravel/framework/src/Illuminate/Session/Store.php(101): Illuminate\\Session\\Store->readFromHandler()
#11 /var/www/SAAFCECEYT/vendor/laravel/framework/src/Illuminate/Session/Store.php(85): Illuminate\\Session\\Store->loadSession()
#12 /var/www/SAAFCECEYT/vendor/laravel/framework/src/Illuminate/Session/Middleware/StartSession.php(147): Illuminate\\Session\\Store->start()
#13 /var/www/SAAFCECEYT/vendor/laravel/framework/src/Illuminate/Support/helpers.php(393): Illuminate\\Session\\Middleware\\StartSession->Illuminate\\Session\\Middleware\\{closure}()
#14 /var/www/SAAFCECEYT/vendor/laravel/framework/src/Illuminate/Session/Middleware/StartSession.php(144): tap()
#15 /var/www/SAAFCECEYT/vendor/laravel/framework/src/Illuminate/Session/Middleware/StartSession.php(116): Illuminate\\Session\\Middleware\\StartSession->startSession()
#16 /var/www/SAAFCECEYT/vendor/laravel/framework/src/Illuminate/Session/Middleware/StartSession.php(64): Illuminate\\Session\\Middleware\\StartSession->handleStatefulRequest()
#17 /var/www/SAAFCECEYT/vendor/laravel/framework/src/Illuminate/Pipeline/Pipeline.php(183): Illuminate\\Session\\Middleware\\StartSession->handle()
#18 /var/www/SAAFCECEYT/vendor/laravel/framework/src/Illuminate/Cookie/Middleware/AddQueuedCookiesToResponse.php(37): Illuminate\\Pipeline\\Pipeline->Illuminate\\Pipeline\\{closure}()
#19 /var/www/SAAFCECEYT/vendor/laravel/framework/src/Illuminate/Pipeline/Pipeline.php(183): Illuminate\\Cookie\\Middleware\\AddQueuedCookiesToResponse->handle()
#20 /var/www/SAAFCECEYT/vendor/laravel/framework/src/Illuminate/Cookie/Middleware/EncryptCookies.php(75): Illuminate\\Pipeline\\Pipeline->Illuminate\\Pipeline\\{closure}()
#21 /var/www/SAAFCECEYT/vendor/laravel/framework/src/Illuminate/Pipeline/Pipeline.php(183): Illuminate\\Cookie\\Middleware\\EncryptCookies->handle()
#22 /var/www/SAAFCECEYT/vendor/laravel/framework/src/Illuminate/Pipeline/Pipeline.php(119): Illuminate\\Pipeline\\Pipeline->Illuminate\\Pipeline\\{closure}()
#23 /var/www/SAAFCECEYT/vendor/laravel/framework/src/Illuminate/Routing/Router.php(807): Illuminate\\Pipeline\\Pipeline->then()
#24 /var/www/SAAFCECEYT/vendor/laravel/framework/src/Illuminate/Routing/Router.php(786): Illuminate\\Routing\\Router->runRouteWithinStack()
#25 /var/www/SAAFCECEYT/vendor/laravel/framework/src/Illuminate/Routing/Router.php(750): Illuminate\\Routing\\Router->runRoute()
#26 /var/www/SAAFCECEYT/vendor/laravel/framework/src/Illuminate/Routing/Router.php(739): Illuminate\\Routing\\Router->dispatchToRoute()
#27 /var/www/SAAFCECEYT/vendor/laravel/framework/src/Illuminate/Foundation/Http/Kernel.php(201): Illuminate\\Routing\\Router->dispatch()
#28 /var/www/SAAFCECEYT/vendor/laravel/framework/src/Illuminate/Pipeline/Pipeline.php(144): Illuminate\\Foundation\\Http\\Kernel->Illuminate\\Foundation\\Http\\{closure}()
#29 /var/www/SAAFCECEYT/vendor/laravel/framework/src/Illuminate/Foundation/Http/Middleware/TransformsRequest.php(21): Illuminate\\Pipeline\\Pipeline->Illuminate\\Pipeline\\{closure}()
#30 /var/www/SAAFCECEYT/vendor/laravel/framework/src/Illuminate/Foundation/Http/Middleware/ConvertEmptyStringsToNull.php(31): Illuminate\\Foundation\\Http\\Middleware\\TransformsRequest->handle()
#31 /var/www/SAAFCECEYT/vendor/laravel/framework/src/Illuminate/Pipeline/Pipeline.php(183): Illuminate\\Foundation\\Http\\Middleware\\ConvertEmptyStringsToNull->handle()
#32 /var/www/SAAFCECEYT/vendor/laravel/framework/src/Illuminate/Foundation/Http/Middleware/TransformsRequest.php(21): Illuminate\\Pipeline\\Pipeline->Illuminate\\Pipeline\\{closure}()
#33 /var/www/SAAFCECEYT/vendor/laravel/framework/src/Illuminate/Foundation/Http/Middleware/TrimStrings.php(51): Illuminate\\Foundation\\Http\\Middleware\\TransformsRequest->handle()
#34 /var/www/SAAFCECEYT/vendor/laravel/framework/src/Illuminate/Pipeline/Pipeline.php(183): Illuminate\\Foundation\\Http\\Middleware\\TrimStrings->handle()
#35 /var/www/SAAFCECEYT/vendor/laravel/framework/src/Illuminate/Http/Middleware/ValidatePostSize.php(27): Illuminate\\Pipeline\\Pipeline->Illuminate\\Pipeline\\{closure}()
#36 /var/www/SAAFCECEYT/vendor/laravel/framework/src/Illuminate/Pipeline/Pipeline.php(183): Illuminate\\Http\\Middleware\\ValidatePostSize->handle()
#37 /var/www/SAAFCECEYT/vendor/laravel/framework/src/Illuminate/Foundation/Http/Middleware/PreventRequestsDuringMaintenance.php(110): Illuminate\\Pipeline\\Pipeline->Illuminate\\Pipeline\\{closure}()
#38 /var/www/SAAFCECEYT/vendor/laravel/framework/src/Illuminate/Pipeline/Pipeline.php(183): Illuminate\\Foundation\\Http\\Middleware\\PreventRequestsDuringMaintenance->handle()
#39 /var/www/SAAFCECEYT/vendor/laravel/framework/src/Illuminate/Http/Middleware/HandleCors.php(49): Illuminate\\Pipeline\\Pipeline->Illuminate\\Pipeline\\{closure}()
#40 /var/www/SAAFCECEYT/vendor/laravel/framework/src/Illuminate/Pipeline/Pipeline.php(183): Illuminate\\Http\\Middleware\\HandleCors->handle()
#41 /var/www/SAAFCECEYT/vendor/laravel/framework/src/Illuminate/Http/Middleware/TrustProxies.php(58): Illuminate\\Pipeline\\Pipeline->Illuminate\\Pipeline\\{closure}()
#42 /var/www/SAAFCECEYT/vendor/laravel/framework/src/Illuminate/Pipeline/Pipeline.php(183): Illuminate\\Http\\Middleware\\TrustProxies->handle()
#43 /var/www/SAAFCECEYT/vendor/laravel/framework/src/Illuminate/Foundation/Http/Middleware/InvokeDeferredCallbacks.php(22): Illuminate\\Pipeline\\Pipeline->Illuminate\\Pipeline\\{closure}()
#44 /var/www/SAAFCECEYT/vendor/laravel/framework/src/Illuminate/Pipeline/Pipeline.php(183): Illuminate\\Foundation\\Http\\Middleware\\InvokeDeferredCallbacks->handle()
#45 /var/www/SAAFCECEYT/vendor/laravel/framework/src/Illuminate/Pipeline/Pipeline.php(119): Illuminate\\Pipeline\\Pipeline->Illuminate\\Pipeline\\{closure}()
#46 /var/www/SAAFCECEYT/vendor/laravel/framework/src/Illuminate/Foundation/Http/Kernel.php(176): Illuminate\\Pipeline\\Pipeline->then()
#47 /var/www/SAAFCECEYT/vendor/laravel/framework/src/Illuminate/Foundation/Http/Kernel.php(145): Illuminate\\Foundation\\Http\\Kernel->sendRequestThroughRouter()
#48 /var/www/SAAFCECEYT/vendor/laravel/framework/src/Illuminate/Foundation/Application.php(1190): Illuminate\\Foundation\\Http\\Kernel->handle()
#49 /var/www/SAAFCECEYT/public/index.php(17): Illuminate\\Foundation\\Application->handleRequest()
#50 {main}

[previous exception] [object] (PDOException(code: 1045): SQLSTATE[HY000] [1045] Access denied for user 'root'@'localhost' (using password: NO) at /var/www/SAAFCECEYT/vendor/laravel/framework/src/Illuminate/Database/Connectors/Connector.php:66)
[stacktrace]
#0 /var/www/SAAFCECEYT/vendor/laravel/framework/src/Illuminate/Database/Connectors/Connector.php(66): PDO->__construct()
#1 /var/www/SAAFCECEYT/vendor/laravel/framework/src/Illuminate/Database/Connectors/Connector.php(44): Illuminate\\Database\\Connectors\\Connector->createPdoConnection()
#2 /var/www/SAAFCECEYT/vendor/laravel/framework/src/Illuminate/Database/Connectors/MySqlConnector.php(24): Illuminate\\Database\\Connectors\\Connector->createConnection()
#3 /var/www/SAAFCECEYT/vendor/laravel/framework/src/Illuminate/Database/Connectors/ConnectionFactory.php(185): Illuminate\\Database\\Connectors\\MySqlConnector->connect()
#4 [internal function]: Illuminate\\Database\\Connectors\\ConnectionFactory->Illuminate\\Database\\Connectors\\{closure}()
#5 /var/www/SAAFCECEYT/vendor/laravel/framework/src/Illuminate/Database/Connection.php(1231): call_user_func()
#6 /var/www/SAAFCECEYT/vendor/laravel/framework/src/Illuminate/Database/Connection.php(1267): Illuminate\\Database\\Connection->getPdo()
#7 /var/www/SAAFCECEYT/vendor/laravel/framework/src/Illuminate/Database/Connection.php(512): Illuminate\\Database\\Connection->getReadPdo()
#8 /var/www/SAAFCECEYT/vendor/laravel/framework/src/Illuminate/Database/Connection.php(407): Illuminate\\Database\\Connection->getPdoForSelect()
#9 /var/www/SAAFCECEYT/vendor/laravel/framework/src/Illuminate/Database/Connection.php(812): Illuminate\\Database\\Connection->Illuminate\\Database\\{closure}()
#10 /var/www/SAAFCECEYT/vendor/laravel/framework/src/Illuminate/Database/Connection.php(779): Illuminate\\Database\\Connection->runQueryCallback()
#11 /var/www/SAAFCECEYT/vendor/laravel/framework/src/Illuminate/Database/Connection.php(398): Illuminate\\Database\\Connection->run()
#12 /var/www/SAAFCECEYT/vendor/laravel/framework/src/Illuminate/Database/Query/Builder.php(3133): Illuminate\\Database\\Connection->select()
#13 /var/www/SAAFCECEYT/vendor/laravel/framework/src/Illuminate/Database/Query/Builder.php(3118): Illuminate\\Database\\Query\\Builder->runSelect()
#14 /var/www/SAAFCECEYT/vendor/laravel/framework/src/Illuminate/Database/Query/Builder.php(3706): Illuminate\\Database\\Query\\Builder->Illuminate\\Database\\Query\\{closure}()
#15 /var/www/SAAFCECEYT/vendor/laravel/framework/src/Illuminate/Database/Query/Builder.php(3117): Illuminate\\Database\\Query\\Builder->onceWithColumns()
#16 /var/www/SAAFCECEYT/vendor/laravel/framework/src/Illuminate/Database/Concerns/BuildsQueries.php(344): Illuminate\\Database\\Query\\Builder->get()
#17 /var/www/SAAFCECEYT/vendor/laravel/framework/src/Illuminate/Database/Query/Builder.php(3038): Illuminate\\Database\\Query\\Builder->first()
#18 /var/www/SAAFCECEYT/vendor/laravel/framework/src/Illuminate/Session/DatabaseSessionHandler.php(97): Illuminate\\Database\\Query\\Builder->find()
#19 /var/www/SAAFCECEYT/vendor/laravel/framework/src/Illuminate/Session/Store.php(113): Illuminate\\Session\\DatabaseSessionHandler->read()
#20 /var/www/SAAFCECEYT/vendor/laravel/framework/src/Illuminate/Session/Store.php(101): Illuminate\\Session\\Store->readFromHandler()
#21 /var/www/SAAFCECEYT/vendor/laravel/framework/src/Illuminate/Session/Store.php(85): Illuminate\\Session\\Store->loadSession()
#22 /var/www/SAAFCECEYT/vendor/laravel/framework/src/Illuminate/Session/Middleware/StartSession.php(147): Illuminate\\Session\\Store->start()
#23 /var/www/SAAFCECEYT/vendor/laravel/framework/src/Illuminate/Support/helpers.php(393): Illuminate\\Session\\Middleware\\StartSession->Illuminate\\Session\\Middleware\\{closure}()
#24 /var/www/SAAFCECEYT/vendor/laravel/framework/src/Illuminate/Session/Middleware/StartSession.php(144): tap()
#25 /var/www/SAAFCECEYT/vendor/laravel/framework/src/Illuminate/Session/Middleware/StartSession.php(116): Illuminate\\Session\\Middleware\\StartSession->startSession()
#26 /var/www/SAAFCECEYT/vendor/laravel/framework/src/Illuminate/Session/Middleware/StartSession.php(64): Illuminate\\Session\\Middleware\\StartSession->handleStatefulRequest()
#27 /var/www/SAAFCECEYT/vendor/laravel/framework/src/Illuminate/Pipeline/Pipeline.php(183): Illuminate\\Session\\Middleware\\StartSession->handle()
#28 /var/www/SAAFCECEYT/vendor/laravel/framework/src/Illuminate/Cookie/Middleware/AddQueuedCookiesToResponse.php(37): Illuminate\\Pipeline\\Pipeline->Illuminate\\Pipeline\\{closure}()
#29 /var/www/SAAFCECEYT/vendor/laravel/framework/src/Illuminate/Pipeline/Pipeline.php(183): Illuminate\\Cookie\\Middleware\\AddQueuedCookiesToResponse->handle()
#30 /var/www/SAAFCECEYT/vendor/laravel/framework/src/Illuminate/Cookie/Middleware/EncryptCookies.php(75): Illuminate\\Pipeline\\Pipeline->Illuminate\\Pipeline\\{closure}()
#31 /var/www/SAAFCECEYT/vendor/laravel/framework/src/Illuminate/Pipeline/Pipeline.php(183): Illuminate\\Cookie\\Middleware\\EncryptCookies->handle()
#32 /var/www/SAAFCECEYT/vendor/laravel/framework/src/Illuminate/Pipeline/Pipeline.php(119): Illuminate\\Pipeline\\Pipeline->Illuminate\\Pipeline\\{closure}()
#33 /var/www/SAAFCECEYT/vendor/laravel/framework/src/Illuminate/Routing/Router.php(807): Illuminate\\Pipeline\\Pipeline->then()
#34 /var/www/SAAFCECEYT/vendor/laravel/framework/src/Illuminate/Routing/Router.php(786): Illuminate\\Routing\\Router->runRouteWithinStack()
#35 /var/www/SAAFCECEYT/vendor/laravel/framework/src/Illuminate/Routing/Router.php(750): Illuminate\\Routing\\Router->runRoute()
#36 /var/www/SAAFCECEYT/vendor/laravel/framework/src/Illuminate/Routing/Router.php(739): Illuminate\\Routing\\Router->dispatchToRoute()
#37 /var/www/SAAFCECEYT/vendor/laravel/framework/src/Illuminate/Foundation/Http/Kernel.php(201): Illuminate\\Routing\\Router->dispatch()
#38 /var/www/SAAFCECEYT/vendor/laravel/framework/src/Illuminate/Pipeline/Pipeline.php(144): Illuminate\\Foundation\\Http\\Kernel->Illuminate\\Foundation\\Http\\{closure}()
#39 /var/www/SAAFCECEYT/vendor/laravel/framework/src/Illuminate/Foundation/Http/Middleware/TransformsRequest.php(21): Illuminate\\Pipeline\\Pipeline->Illuminate\\Pipeline\\{closure}()
#40 /var/www/SAAFCECEYT/vendor/laravel/framework/src/Illuminate/Foundation/Http/Middleware/ConvertEmptyStringsToNull.php(31): Illuminate\\Foundation\\Http\\Middleware\\TransformsRequest->handle()
#41 /var/www/SAAFCECEYT/vendor/laravel/framework/src/Illuminate/Pipeline/Pipeline.php(183): Illuminate\\Foundation\\Http\\Middleware\\ConvertEmptyStringsToNull->handle()
#42 /var/www/SAAFCECEYT/vendor/laravel/framework/src/Illuminate/Foundation/Http/Middleware/TransformsRequest.php(21): Illuminate\\Pipeline\\Pipeline->Illuminate\\Pipeline\\{closure}()
#43 /var/www/SAAFCECEYT/vendor/laravel/framework/src/Illuminate/Foundation/Http/Middleware/TrimStrings.php(51): Illuminate\\Foundation\\Http\\Middleware\\TransformsRequest->handle()
#44 /var/www/SAAFCECEYT/vendor/laravel/framework/src/Illuminate/Pipeline/Pipeline.php(183): Illuminate\\Foundation\\Http\\Middleware\\TrimStrings->handle()
#45 /var/www/SAAFCECEYT/vendor/laravel/framework/src/Illuminate/Http/Middleware/ValidatePostSize.php(27): Illuminate\\Pipeline\\Pipeline->Illuminate\\Pipeline\\{closure}()
#46 /var/www/SAAFCECEYT/vendor/laravel/framework/src/Illuminate/Pipeline/Pipeline.php(183): Illuminate\\Http\\Middleware\\ValidatePostSize->handle()
#47 /var/www/SAAFCECEYT/vendor/laravel/framework/src/Illuminate/Foundation/Http/Middleware/PreventRequestsDuringMaintenance.php(110): Illuminate\\Pipeline\\Pipeline->Illuminate\\Pipeline\\{closure}()
#48 /var/www/SAAFCECEYT/vendor/laravel/framework/src/Illuminate/Pipeline/Pipeline.php(183): Illuminate\\Foundation\\Http\\Middleware\\PreventRequestsDuringMaintenance->handle()
#49 /var/www/SAAFCECEYT/vendor/laravel/framework/src/Illuminate/Http/Middleware/HandleCors.php(49): Illuminate\\Pipeline\\Pipeline->Illuminate\\Pipeline\\{closure}()
#50 /var/www/SAAFCECEYT/vendor/laravel/framework/src/Illuminate/Pipeline/Pipeline.php(183): Illuminate\\Http\\Middleware\\HandleCors->handle()
#51 /var/www/SAAFCECEYT/vendor/laravel/framework/src/Illuminate/Http/Middleware/TrustProxies.php(58): Illuminate\\Pipeline\\Pipeline->Illuminate\\Pipeline\\{closure}()
#52 /var/www/SAAFCECEYT/vendor/laravel/framework/src/Illuminate/Pipeline/Pipeline.php(183): Illuminate\\Http\\Middleware\\TrustProxies->handle()
#53 /var/www/SAAFCECEYT/vendor/laravel/framework/src/Illuminate/Foundation/Http/Middleware/InvokeDeferredCallbacks.php(22): Illuminate\\Pipeline\\Pipeline->Illuminate\\Pipeline\\{closure}()
#54 /var/www/SAAFCECEYT/vendor/laravel/framework/src/Illuminate/Pipeline/Pipeline.php(183): Illuminate\\Foundation\\Http\\Middleware\\InvokeDeferredCallbacks->handle()
#55 /var/www/SAAFCECEYT/vendor/laravel/framework/src/Illuminate/Pipeline/Pipeline.php(119): Illuminate\\Pipeline\\Pipeline->Illuminate\\Pipeline\\{closure}()
#56 /var/www/SAAFCECEYT/vendor/laravel/framework/src/Illuminate/Foundation/Http/Kernel.php(176): Illuminate\\Pipeline\\Pipeline->then()
#57 /var/www/SAAFCECEYT/vendor/laravel/framework/src/Illuminate/Foundation/Http/Kernel.php(145): Illuminate\\Foundation\\Http\\Kernel->sendRequestThroughRouter()
#58 /var/www/SAAFCECEYT/vendor/laravel/framework/src/Illuminate/Foundation/Application.php(1190): Illuminate\\Foundation\\Http\\Kernel->handle()
#59 /var/www/SAAFCECEYT/public/index.php(17): Illuminate\\Foundation\\Application->handleRequest()
#60 {main}
"} 
[2025-08-23 18:26:01] local.ERROR: SQLSTATE[HY000] [1045] Access denied for user 'root'@'localhost' (using password: NO) (Connection: mysql, SQL: select * from `sessions` where `id` = OndNaAkj06apAaTYJpm1Ajmh0huI84pJ3uHutTGJ limit 1) {"exception":"[object] (Illuminate\\Database\\QueryException(code: 1045): SQLSTATE[HY000] [1045] Access denied for user 'root'@'localhost' (using password: NO) (Connection: mysql, SQL: select * from `sessions` where `id` = OndNaAkj06apAaTYJpm1Ajmh0huI84pJ3uHutTGJ limit 1) at /var/www/SAAFCECEYT/vendor/laravel/framework/src/Illuminate/Database/Connection.php:825)
[stacktrace]
#0 /var/www/SAAFCECEYT/vendor/laravel/framework/src/Illuminate/Database/Connection.php(779): Illuminate\\Database\\Connection->runQueryCallback()
#1 /var/www/SAAFCECEYT/vendor/laravel/framework/src/Illuminate/Database/Connection.php(398): Illuminate\\Database\\Connection->run()
#2 /var/www/SAAFCECEYT/vendor/laravel/framework/src/Illuminate/Database/Query/Builder.php(3133): Illuminate\\Database\\Connection->select()
#3 /var/www/SAAFCECEYT/vendor/laravel/framework/src/Illuminate/Database/Query/Builder.php(3118): Illuminate\\Database\\Query\\Builder->runSelect()
#4 /var/www/SAAFCECEYT/vendor/laravel/framework/src/Illuminate/Database/Query/Builder.php(3706): Illuminate\\Database\\Query\\Builder->Illuminate\\Database\\Query\\{closure}()
#5 /var/www/SAAFCECEYT/vendor/laravel/framework/src/Illuminate/Database/Query/Builder.php(3117): Illuminate\\Database\\Query\\Builder->onceWithColumns()
#6 /var/www/SAAFCECEYT/vendor/laravel/framework/src/Illuminate/Database/Concerns/BuildsQueries.php(344): Illuminate\\Database\\Query\\Builder->get()
#7 /var/www/SAAFCECEYT/vendor/laravel/framework/src/Illuminate/Database/Query/Builder.php(3038): Illuminate\\Database\\Query\\Builder->first()
#8 /var/www/SAAFCECEYT/vendor/laravel/framework/src/Illuminate/Session/DatabaseSessionHandler.php(97): Illuminate\\Database\\Query\\Builder->find()
#9 /var/www/SAAFCECEYT/vendor/laravel/framework/src/Illuminate/Session/Store.php(113): Illuminate\\Session\\DatabaseSessionHandler->read()
#10 /var/www/SAAFCECEYT/vendor/laravel/framework/src/Illuminate/Session/Store.php(101): Illuminate\\Session\\Store->readFromHandler()
#11 /var/www/SAAFCECEYT/vendor/laravel/framework/src/Illuminate/Session/Store.php(85): Illuminate\\Session\\Store->loadSession()
#12 /var/www/SAAFCECEYT/vendor/laravel/framework/src/Illuminate/Session/Middleware/StartSession.php(147): Illuminate\\Session\\Store->start()
#13 /var/www/SAAFCECEYT/vendor/laravel/framework/src/Illuminate/Support/helpers.php(393): Illuminate\\Session\\Middleware\\StartSession->Illuminate\\Session\\Middleware\\{closure}()
#14 /var/www/SAAFCECEYT/vendor/laravel/framework/src/Illuminate/Session/Middleware/StartSession.php(144): tap()
#15 /var/www/SAAFCECEYT/vendor/laravel/framework/src/Illuminate/Session/Middleware/StartSession.php(116): Illuminate\\Session\\Middleware\\StartSession->startSession()
#16 /var/www/SAAFCECEYT/vendor/laravel/framework/src/Illuminate/Session/Middleware/StartSession.php(64): Illuminate\\Session\\Middleware\\StartSession->handleStatefulRequest()
#17 /var/www/SAAFCECEYT/vendor/laravel/framework/src/Illuminate/Pipeline/Pipeline.php(183): Illuminate\\Session\\Middleware\\StartSession->handle()
#18 /var/www/SAAFCECEYT/vendor/laravel/framework/src/Illuminate/Cookie/Middleware/AddQueuedCookiesToResponse.php(37): Illuminate\\Pipeline\\Pipeline->Illuminate\\Pipeline\\{closure}()
#19 /var/www/SAAFCECEYT/vendor/laravel/framework/src/Illuminate/Pipeline/Pipeline.php(183): Illuminate\\Cookie\\Middleware\\AddQueuedCookiesToResponse->handle()
#20 /var/www/SAAFCECEYT/vendor/laravel/framework/src/Illuminate/Cookie/Middleware/EncryptCookies.php(75): Illuminate\\Pipeline\\Pipeline->Illuminate\\Pipeline\\{closure}()
#21 /var/www/SAAFCECEYT/vendor/laravel/framework/src/Illuminate/Pipeline/Pipeline.php(183): Illuminate\\Cookie\\Middleware\\EncryptCookies->handle()
#22 /var/www/SAAFCECEYT/vendor/laravel/framework/src/Illuminate/Pipeline/Pipeline.php(119): Illuminate\\Pipeline\\Pipeline->Illuminate\\Pipeline\\{closure}()
#23 /var/www/SAAFCECEYT/vendor/laravel/framework/src/Illuminate/Routing/Router.php(807): Illuminate\\Pipeline\\Pipeline->then()
#24 /var/www/SAAFCECEYT/vendor/laravel/framework/src/Illuminate/Routing/Router.php(786): Illuminate\\Routing\\Router->runRouteWithinStack()
#25 /var/www/SAAFCECEYT/vendor/laravel/framework/src/Illuminate/Routing/Router.php(750): Illuminate\\Routing\\Router->runRoute()
#26 /var/www/SAAFCECEYT/vendor/laravel/framework/src/Illuminate/Routing/Router.php(739): Illuminate\\Routing\\Router->dispatchToRoute()
#27 /var/www/SAAFCECEYT/vendor/laravel/framework/src/Illuminate/Foundation/Http/Kernel.php(201): Illuminate\\Routing\\Router->dispatch()
#28 /var/www/SAAFCECEYT/vendor/laravel/framework/src/Illuminate/Pipeline/Pipeline.php(144): Illuminate\\Foundation\\Http\\Kernel->Illuminate\\Foundation\\Http\\{closure}()
#29 /var/www/SAAFCECEYT/vendor/laravel/framework/src/Illuminate/Foundation/Http/Middleware/TransformsRequest.php(21): Illuminate\\Pipeline\\Pipeline->Illuminate\\Pipeline\\{closure}()
#30 /var/www/SAAFCECEYT/vendor/laravel/framework/src/Illuminate/Foundation/Http/Middleware/ConvertEmptyStringsToNull.php(31): Illuminate\\Foundation\\Http\\Middleware\\TransformsRequest->handle()
#31 /var/www/SAAFCECEYT/vendor/laravel/framework/src/Illuminate/Pipeline/Pipeline.php(183): Illuminate\\Foundation\\Http\\Middleware\\ConvertEmptyStringsToNull->handle()
#32 /var/www/SAAFCECEYT/vendor/laravel/framework/src/Illuminate/Foundation/Http/Middleware/TransformsRequest.php(21): Illuminate\\Pipeline\\Pipeline->Illuminate\\Pipeline\\{closure}()
#33 /var/www/SAAFCECEYT/vendor/laravel/framework/src/Illuminate/Foundation/Http/Middleware/TrimStrings.php(51): Illuminate\\Foundation\\Http\\Middleware\\TransformsRequest->handle()
#34 /var/www/SAAFCECEYT/vendor/laravel/framework/src/Illuminate/Pipeline/Pipeline.php(183): Illuminate\\Foundation\\Http\\Middleware\\TrimStrings->handle()
#35 /var/www/SAAFCECEYT/vendor/laravel/framework/src/Illuminate/Http/Middleware/ValidatePostSize.php(27): Illuminate\\Pipeline\\Pipeline->Illuminate\\Pipeline\\{closure}()
#36 /var/www/SAAFCECEYT/vendor/laravel/framework/src/Illuminate/Pipeline/Pipeline.php(183): Illuminate\\Http\\Middleware\\ValidatePostSize->handle()
#37 /var/www/SAAFCECEYT/vendor/laravel/framework/src/Illuminate/Foundation/Http/Middleware/PreventRequestsDuringMaintenance.php(110): Illuminate\\Pipeline\\Pipeline->Illuminate\\Pipeline\\{closure}()
#38 /var/www/SAAFCECEYT/vendor/laravel/framework/src/Illuminate/Pipeline/Pipeline.php(183): Illuminate\\Foundation\\Http\\Middleware\\PreventRequestsDuringMaintenance->handle()
#39 /var/www/SAAFCECEYT/vendor/laravel/framework/src/Illuminate/Http/Middleware/HandleCors.php(49): Illuminate\\Pipeline\\Pipeline->Illuminate\\Pipeline\\{closure}()
#40 /var/www/SAAFCECEYT/vendor/laravel/framework/src/Illuminate/Pipeline/Pipeline.php(183): Illuminate\\Http\\Middleware\\HandleCors->handle()
#41 /var/www/SAAFCECEYT/vendor/laravel/framework/src/Illuminate/Http/Middleware/TrustProxies.php(58): Illuminate\\Pipeline\\Pipeline->Illuminate\\Pipeline\\{closure}()
#42 /var/www/SAAFCECEYT/vendor/laravel/framework/src/Illuminate/Pipeline/Pipeline.php(183): Illuminate\\Http\\Middleware\\TrustProxies->handle()
#43 /var/www/SAAFCECEYT/vendor/laravel/framework/src/Illuminate/Foundation/Http/Middleware/InvokeDeferredCallbacks.php(22): Illuminate\\Pipeline\\Pipeline->Illuminate\\Pipeline\\{closure}()
#44 /var/www/SAAFCECEYT/vendor/laravel/framework/src/Illuminate/Pipeline/Pipeline.php(183): Illuminate\\Foundation\\Http\\Middleware\\InvokeDeferredCallbacks->handle()
#45 /var/www/SAAFCECEYT/vendor/laravel/framework/src/Illuminate/Pipeline/Pipeline.php(119): Illuminate\\Pipeline\\Pipeline->Illuminate\\Pipeline\\{closure}()
#46 /var/www/SAAFCECEYT/vendor/laravel/framework/src/Illuminate/Foundation/Http/Kernel.php(176): Illuminate\\Pipeline\\Pipeline->then()
#47 /var/www/SAAFCECEYT/vendor/laravel/framework/src/Illuminate/Foundation/Http/Kernel.php(145): Illuminate\\Foundation\\Http\\Kernel->sendRequestThroughRouter()
#48 /var/www/SAAFCECEYT/vendor/laravel/framework/src/Illuminate/Foundation/Application.php(1190): Illuminate\\Foundation\\Http\\Kernel->handle()
#49 /var/www/SAAFCECEYT/public/index.php(17): Illuminate\\Foundation\\Application->handleRequest()
#50 {main}

[previous exception] [object] (PDOException(code: 1045): SQLSTATE[HY000] [1045] Access denied for user 'root'@'localhost' (using password: NO) at /var/www/SAAFCECEYT/vendor/laravel/framework/src/Illuminate/Database/Connectors/Connector.php:66)
[stacktrace]
#0 /var/www/SAAFCECEYT/vendor/laravel/framework/src/Illuminate/Database/Connectors/Connector.php(66): PDO->__construct()
#1 /var/www/SAAFCECEYT/vendor/laravel/framework/src/Illuminate/Database/Connectors/Connector.php(44): Illuminate\\Database\\Connectors\\Connector->createPdoConnection()
#2 /var/www/SAAFCECEYT/vendor/laravel/framework/src/Illuminate/Database/Connectors/MySqlConnector.php(24): Illuminate\\Database\\Connectors\\Connector->createConnection()
#3 /var/www/SAAFCECEYT/vendor/laravel/framework/src/Illuminate/Database/Connectors/ConnectionFactory.php(185): Illuminate\\Database\\Connectors\\MySqlConnector->connect()
#4 [internal function]: Illuminate\\Database\\Connectors\\ConnectionFactory->Illuminate\\Database\\Connectors\\{closure}()
#5 /var/www/SAAFCECEYT/vendor/laravel/framework/src/Illuminate/Database/Connection.php(1231): call_user_func()
#6 /var/www/SAAFCECEYT/vendor/laravel/framework/src/Illuminate/Database/Connection.php(1267): Illuminate\\Database\\Connection->getPdo()
#7 /var/www/SAAFCECEYT/vendor/laravel/framework/src/Illuminate/Database/Connection.php(512): Illuminate\\Database\\Connection->getReadPdo()
#8 /var/www/SAAFCECEYT/vendor/laravel/framework/src/Illuminate/Database/Connection.php(407): Illuminate\\Database\\Connection->getPdoForSelect()
#9 /var/www/SAAFCECEYT/vendor/laravel/framework/src/Illuminate/Database/Connection.php(812): Illuminate\\Database\\Connection->Illuminate\\Database\\{closure}()
#10 /var/www/SAAFCECEYT/vendor/laravel/framework/src/Illuminate/Database/Connection.php(779): Illuminate\\Database\\Connection->runQueryCallback()
#11 /var/www/SAAFCECEYT/vendor/laravel/framework/src/Illuminate/Database/Connection.php(398): Illuminate\\Database\\Connection->run()
#12 /var/www/SAAFCECEYT/vendor/laravel/framework/src/Illuminate/Database/Query/Builder.php(3133): Illuminate\\Database\\Connection->select()
#13 /var/www/SAAFCECEYT/vendor/laravel/framework/src/Illuminate/Database/Query/Builder.php(3118): Illuminate\\Database\\Query\\Builder->runSelect()
#14 /var/www/SAAFCECEYT/vendor/laravel/framework/src/Illuminate/Database/Query/Builder.php(3706): Illuminate\\Database\\Query\\Builder->Illuminate\\Database\\Query\\{closure}()
#15 /var/www/SAAFCECEYT/vendor/laravel/framework/src/Illuminate/Database/Query/Builder.php(3117): Illuminate\\Database\\Query\\Builder->onceWithColumns()
#16 /var/www/SAAFCECEYT/vendor/laravel/framework/src/Illuminate/Database/Concerns/BuildsQueries.php(344): Illuminate\\Database\\Query\\Builder->get()
#17 /var/www/SAAFCECEYT/vendor/laravel/framework/src/Illuminate/Database/Query/Builder.php(3038): Illuminate\\Database\\Query\\Builder->first()
#18 /var/www/SAAFCECEYT/vendor/laravel/framework/src/Illuminate/Session/DatabaseSessionHandler.php(97): Illuminate\\Database\\Query\\Builder->find()
#19 /var/www/SAAFCECEYT/vendor/laravel/framework/src/Illuminate/Session/Store.php(113): Illuminate\\Session\\DatabaseSessionHandler->read()
#20 /var/www/SAAFCECEYT/vendor/laravel/framework/src/Illuminate/Session/Store.php(101): Illuminate\\Session\\Store->readFromHandler()
#21 /var/www/SAAFCECEYT/vendor/laravel/framework/src/Illuminate/Session/Store.php(85): Illuminate\\Session\\Store->loadSession()
#22 /var/www/SAAFCECEYT/vendor/laravel/framework/src/Illuminate/Session/Middleware/StartSession.php(147): Illuminate\\Session\\Store->start()
#23 /var/www/SAAFCECEYT/vendor/laravel/framework/src/Illuminate/Support/helpers.php(393): Illuminate\\Session\\Middleware\\StartSession->Illuminate\\Session\\Middleware\\{closure}()
#24 /var/www/SAAFCECEYT/vendor/laravel/framework/src/Illuminate/Session/Middleware/StartSession.php(144): tap()
#25 /var/www/SAAFCECEYT/vendor/laravel/framework/src/Illuminate/Session/Middleware/StartSession.php(116): Illuminate\\Session\\Middleware\\StartSession->startSession()
#26 /var/www/SAAFCECEYT/vendor/laravel/framework/src/Illuminate/Session/Middleware/StartSession.php(64): Illuminate\\Session\\Middleware\\StartSession->handleStatefulRequest()
#27 /var/www/SAAFCECEYT/vendor/laravel/framework/src/Illuminate/Pipeline/Pipeline.php(183): Illuminate\\Session\\Middleware\\StartSession->handle()
#28 /var/www/SAAFCECEYT/vendor/laravel/framework/src/Illuminate/Cookie/Middleware/AddQueuedCookiesToResponse.php(37): Illuminate\\Pipeline\\Pipeline->Illuminate\\Pipeline\\{closure}()
#29 /var/www/SAAFCECEYT/vendor/laravel/framework/src/Illuminate/Pipeline/Pipeline.php(183): Illuminate\\Cookie\\Middleware\\AddQueuedCookiesToResponse->handle()
#30 /var/www/SAAFCECEYT/vendor/laravel/framework/src/Illuminate/Cookie/Middleware/EncryptCookies.php(75): Illuminate\\Pipeline\\Pipeline->Illuminate\\Pipeline\\{closure}()
#31 /var/www/SAAFCECEYT/vendor/laravel/framework/src/Illuminate/Pipeline/Pipeline.php(183): Illuminate\\Cookie\\Middleware\\EncryptCookies->handle()
#32 /var/www/SAAFCECEYT/vendor/laravel/framework/src/Illuminate/Pipeline/Pipeline.php(119): Illuminate\\Pipeline\\Pipeline->Illuminate\\Pipeline\\{closure}()
#33 /var/www/SAAFCECEYT/vendor/laravel/framework/src/Illuminate/Routing/Router.php(807): Illuminate\\Pipeline\\Pipeline->then()
#34 /var/www/SAAFCECEYT/vendor/laravel/framework/src/Illuminate/Routing/Router.php(786): Illuminate\\Routing\\Router->runRouteWithinStack()
#35 /var/www/SAAFCECEYT/vendor/laravel/framework/src/Illuminate/Routing/Router.php(750): Illuminate\\Routing\\Router->runRoute()
#36 /var/www/SAAFCECEYT/vendor/laravel/framework/src/Illuminate/Routing/Router.php(739): Illuminate\\Routing\\Router->dispatchToRoute()
#37 /var/www/SAAFCECEYT/vendor/laravel/framework/src/Illuminate/Foundation/Http/Kernel.php(201): Illuminate\\Routing\\Router->dispatch()
#38 /var/www/SAAFCECEYT/vendor/laravel/framework/src/Illuminate/Pipeline/Pipeline.php(144): Illuminate\\Foundation\\Http\\Kernel->Illuminate\\Foundation\\Http\\{closure}()
#39 /var/www/SAAFCECEYT/vendor/laravel/framework/src/Illuminate/Foundation/Http/Middleware/TransformsRequest.php(21): Illuminate\\Pipeline\\Pipeline->Illuminate\\Pipeline\\{closure}()
#40 /var/www/SAAFCECEYT/vendor/laravel/framework/src/Illuminate/Foundation/Http/Middleware/ConvertEmptyStringsToNull.php(31): Illuminate\\Foundation\\Http\\Middleware\\TransformsRequest->handle()
#41 /var/www/SAAFCECEYT/vendor/laravel/framework/src/Illuminate/Pipeline/Pipeline.php(183): Illuminate\\Foundation\\Http\\Middleware\\ConvertEmptyStringsToNull->handle()
#42 /var/www/SAAFCECEYT/vendor/laravel/framework/src/Illuminate/Foundation/Http/Middleware/TransformsRequest.php(21): Illuminate\\Pipeline\\Pipeline->Illuminate\\Pipeline\\{closure}()
#43 /var/www/SAAFCECEYT/vendor/laravel/framework/src/Illuminate/Foundation/Http/Middleware/TrimStrings.php(51): Illuminate\\Foundation\\Http\\Middleware\\TransformsRequest->handle()
#44 /var/www/SAAFCECEYT/vendor/laravel/framework/src/Illuminate/Pipeline/Pipeline.php(183): Illuminate\\Foundation\\Http\\Middleware\\TrimStrings->handle()
#45 /var/www/SAAFCECEYT/vendor/laravel/framework/src/Illuminate/Http/Middleware/ValidatePostSize.php(27): Illuminate\\Pipeline\\Pipeline->Illuminate\\Pipeline\\{closure}()
#46 /var/www/SAAFCECEYT/vendor/laravel/framework/src/Illuminate/Pipeline/Pipeline.php(183): Illuminate\\Http\\Middleware\\ValidatePostSize->handle()
#47 /var/www/SAAFCECEYT/vendor/laravel/framework/src/Illuminate/Foundation/Http/Middleware/PreventRequestsDuringMaintenance.php(110): Illuminate\\Pipeline\\Pipeline->Illuminate\\Pipeline\\{closure}()
#48 /var/www/SAAFCECEYT/vendor/laravel/framework/src/Illuminate/Pipeline/Pipeline.php(183): Illuminate\\Foundation\\Http\\Middleware\\PreventRequestsDuringMaintenance->handle()
#49 /var/www/SAAFCECEYT/vendor/laravel/framework/src/Illuminate/Http/Middleware/HandleCors.php(49): Illuminate\\Pipeline\\Pipeline->Illuminate\\Pipeline\\{closure}()
#50 /var/www/SAAFCECEYT/vendor/laravel/framework/src/Illuminate/Pipeline/Pipeline.php(183): Illuminate\\Http\\Middleware\\HandleCors->handle()
#51 /var/www/SAAFCECEYT/vendor/laravel/framework/src/Illuminate/Http/Middleware/TrustProxies.php(58): Illuminate\\Pipeline\\Pipeline->Illuminate\\Pipeline\\{closure}()
#52 /var/www/SAAFCECEYT/vendor/laravel/framework/src/Illuminate/Pipeline/Pipeline.php(183): Illuminate\\Http\\Middleware\\TrustProxies->handle()
#53 /var/www/SAAFCECEYT/vendor/laravel/framework/src/Illuminate/Foundation/Http/Middleware/InvokeDeferredCallbacks.php(22): Illuminate\\Pipeline\\Pipeline->Illuminate\\Pipeline\\{closure}()
#54 /var/www/SAAFCECEYT/vendor/laravel/framework/src/Illuminate/Pipeline/Pipeline.php(183): Illuminate\\Foundation\\Http\\Middleware\\InvokeDeferredCallbacks->handle()
#55 /var/www/SAAFCECEYT/vendor/laravel/framework/src/Illuminate/Pipeline/Pipeline.php(119): Illuminate\\Pipeline\\Pipeline->Illuminate\\Pipeline\\{closure}()
#56 /var/www/SAAFCECEYT/vendor/laravel/framework/src/Illuminate/Foundation/Http/Kernel.php(176): Illuminate\\Pipeline\\Pipeline->then()
#57 /var/www/SAAFCECEYT/vendor/laravel/framework/src/Illuminate/Foundation/Http/Kernel.php(145): Illuminate\\Foundation\\Http\\Kernel->sendRequestThroughRouter()
#58 /var/www/SAAFCECEYT/vendor/laravel/framework/src/Illuminate/Foundation/Application.php(1190): Illuminate\\Foundation\\Http\\Kernel->handle()
#59 /var/www/SAAFCECEYT/public/index.php(17): Illuminate\\Foundation\\Application->handleRequest()
#60 {main}
"} 
[2025-08-23 18:26:19] local.ERROR: SQLSTATE[HY000] [1045] Access denied for user 'root'@'localhost' (using password: NO) (Connection: mysql, SQL: select * from `sessions` where `id` = uDvsBg3kJwz4Cjcc8atsb227h8YS89v0ohLVZSzk limit 1) {"exception":"[object] (Illuminate\\Database\\QueryException(code: 1045): SQLSTATE[HY000] [1045] Access denied for user 'root'@'localhost' (using password: NO) (Connection: mysql, SQL: select * from `sessions` where `id` = uDvsBg3kJwz4Cjcc8atsb227h8YS89v0ohLVZSzk limit 1) at /var/www/SAAFCECEYT/vendor/laravel/framework/src/Illuminate/Database/Connection.php:825)
[stacktrace]
#0 /var/www/SAAFCECEYT/vendor/laravel/framework/src/Illuminate/Database/Connection.php(779): Illuminate\\Database\\Connection->runQueryCallback()
#1 /var/www/SAAFCECEYT/vendor/laravel/framework/src/Illuminate/Database/Connection.php(398): Illuminate\\Database\\Connection->run()
#2 /var/www/SAAFCECEYT/vendor/laravel/framework/src/Illuminate/Database/Query/Builder.php(3133): Illuminate\\Database\\Connection->select()
#3 /var/www/SAAFCECEYT/vendor/laravel/framework/src/Illuminate/Database/Query/Builder.php(3118): Illuminate\\Database\\Query\\Builder->runSelect()
#4 /var/www/SAAFCECEYT/vendor/laravel/framework/src/Illuminate/Database/Query/Builder.php(3706): Illuminate\\Database\\Query\\Builder->Illuminate\\Database\\Query\\{closure}()
#5 /var/www/SAAFCECEYT/vendor/laravel/framework/src/Illuminate/Database/Query/Builder.php(3117): Illuminate\\Database\\Query\\Builder->onceWithColumns()
#6 /var/www/SAAFCECEYT/vendor/laravel/framework/src/Illuminate/Database/Concerns/BuildsQueries.php(344): Illuminate\\Database\\Query\\Builder->get()
#7 /var/www/SAAFCECEYT/vendor/laravel/framework/src/Illuminate/Database/Query/Builder.php(3038): Illuminate\\Database\\Query\\Builder->first()
#8 /var/www/SAAFCECEYT/vendor/laravel/framework/src/Illuminate/Session/DatabaseSessionHandler.php(97): Illuminate\\Database\\Query\\Builder->find()
#9 /var/www/SAAFCECEYT/vendor/laravel/framework/src/Illuminate/Session/Store.php(113): Illuminate\\Session\\DatabaseSessionHandler->read()
#10 /var/www/SAAFCECEYT/vendor/laravel/framework/src/Illuminate/Session/Store.php(101): Illuminate\\Session\\Store->readFromHandler()
#11 /var/www/SAAFCECEYT/vendor/laravel/framework/src/Illuminate/Session/Store.php(85): Illuminate\\Session\\Store->loadSession()
#12 /var/www/SAAFCECEYT/vendor/laravel/framework/src/Illuminate/Session/Middleware/StartSession.php(147): Illuminate\\Session\\Store->start()
#13 /var/www/SAAFCECEYT/vendor/laravel/framework/src/Illuminate/Support/helpers.php(393): Illuminate\\Session\\Middleware\\StartSession->Illuminate\\Session\\Middleware\\{closure}()
#14 /var/www/SAAFCECEYT/vendor/laravel/framework/src/Illuminate/Session/Middleware/StartSession.php(144): tap()
#15 /var/www/SAAFCECEYT/vendor/laravel/framework/src/Illuminate/Session/Middleware/StartSession.php(116): Illuminate\\Session\\Middleware\\StartSession->startSession()
#16 /var/www/SAAFCECEYT/vendor/laravel/framework/src/Illuminate/Session/Middleware/StartSession.php(64): Illuminate\\Session\\Middleware\\StartSession->handleStatefulRequest()
#17 /var/www/SAAFCECEYT/vendor/laravel/framework/src/Illuminate/Pipeline/Pipeline.php(183): Illuminate\\Session\\Middleware\\StartSession->handle()
#18 /var/www/SAAFCECEYT/vendor/laravel/framework/src/Illuminate/Cookie/Middleware/AddQueuedCookiesToResponse.php(37): Illuminate\\Pipeline\\Pipeline->Illuminate\\Pipeline\\{closure}()
#19 /var/www/SAAFCECEYT/vendor/laravel/framework/src/Illuminate/Pipeline/Pipeline.php(183): Illuminate\\Cookie\\Middleware\\AddQueuedCookiesToResponse->handle()
#20 /var/www/SAAFCECEYT/vendor/laravel/framework/src/Illuminate/Cookie/Middleware/EncryptCookies.php(75): Illuminate\\Pipeline\\Pipeline->Illuminate\\Pipeline\\{closure}()
#21 /var/www/SAAFCECEYT/vendor/laravel/framework/src/Illuminate/Pipeline/Pipeline.php(183): Illuminate\\Cookie\\Middleware\\EncryptCookies->handle()
#22 /var/www/SAAFCECEYT/vendor/laravel/framework/src/Illuminate/Pipeline/Pipeline.php(119): Illuminate\\Pipeline\\Pipeline->Illuminate\\Pipeline\\{closure}()
#23 /var/www/SAAFCECEYT/vendor/laravel/framework/src/Illuminate/Routing/Router.php(807): Illuminate\\Pipeline\\Pipeline->then()
#24 /var/www/SAAFCECEYT/vendor/laravel/framework/src/Illuminate/Routing/Router.php(786): Illuminate\\Routing\\Router->runRouteWithinStack()
#25 /var/www/SAAFCECEYT/vendor/laravel/framework/src/Illuminate/Routing/Router.php(750): Illuminate\\Routing\\Router->runRoute()
#26 /var/www/SAAFCECEYT/vendor/laravel/framework/src/Illuminate/Routing/Router.php(739): Illuminate\\Routing\\Router->dispatchToRoute()
#27 /var/www/SAAFCECEYT/vendor/laravel/framework/src/Illuminate/Foundation/Http/Kernel.php(201): Illuminate\\Routing\\Router->dispatch()
#28 /var/www/SAAFCECEYT/vendor/laravel/framework/src/Illuminate/Pipeline/Pipeline.php(144): Illuminate\\Foundation\\Http\\Kernel->Illuminate\\Foundation\\Http\\{closure}()
#29 /var/www/SAAFCECEYT/vendor/laravel/framework/src/Illuminate/Foundation/Http/Middleware/TransformsRequest.php(21): Illuminate\\Pipeline\\Pipeline->Illuminate\\Pipeline\\{closure}()
#30 /var/www/SAAFCECEYT/vendor/laravel/framework/src/Illuminate/Foundation/Http/Middleware/ConvertEmptyStringsToNull.php(31): Illuminate\\Foundation\\Http\\Middleware\\TransformsRequest->handle()
#31 /var/www/SAAFCECEYT/vendor/laravel/framework/src/Illuminate/Pipeline/Pipeline.php(183): Illuminate\\Foundation\\Http\\Middleware\\ConvertEmptyStringsToNull->handle()
#32 /var/www/SAAFCECEYT/vendor/laravel/framework/src/Illuminate/Foundation/Http/Middleware/TransformsRequest.php(21): Illuminate\\Pipeline\\Pipeline->Illuminate\\Pipeline\\{closure}()
#33 /var/www/SAAFCECEYT/vendor/laravel/framework/src/Illuminate/Foundation/Http/Middleware/TrimStrings.php(51): Illuminate\\Foundation\\Http\\Middleware\\TransformsRequest->handle()
#34 /var/www/SAAFCECEYT/vendor/laravel/framework/src/Illuminate/Pipeline/Pipeline.php(183): Illuminate\\Foundation\\Http\\Middleware\\TrimStrings->handle()
#35 /var/www/SAAFCECEYT/vendor/laravel/framework/src/Illuminate/Http/Middleware/ValidatePostSize.php(27): Illuminate\\Pipeline\\Pipeline->Illuminate\\Pipeline\\{closure}()
#36 /var/www/SAAFCECEYT/vendor/laravel/framework/src/Illuminate/Pipeline/Pipeline.php(183): Illuminate\\Http\\Middleware\\ValidatePostSize->handle()
#37 /var/www/SAAFCECEYT/vendor/laravel/framework/src/Illuminate/Foundation/Http/Middleware/PreventRequestsDuringMaintenance.php(110): Illuminate\\Pipeline\\Pipeline->Illuminate\\Pipeline\\{closure}()
#38 /var/www/SAAFCECEYT/vendor/laravel/framework/src/Illuminate/Pipeline/Pipeline.php(183): Illuminate\\Foundation\\Http\\Middleware\\PreventRequestsDuringMaintenance->handle()
#39 /var/www/SAAFCECEYT/vendor/laravel/framework/src/Illuminate/Http/Middleware/HandleCors.php(49): Illuminate\\Pipeline\\Pipeline->Illuminate\\Pipeline\\{closure}()
#40 /var/www/SAAFCECEYT/vendor/laravel/framework/src/Illuminate/Pipeline/Pipeline.php(183): Illuminate\\Http\\Middleware\\HandleCors->handle()
#41 /var/www/SAAFCECEYT/vendor/laravel/framework/src/Illuminate/Http/Middleware/TrustProxies.php(58): Illuminate\\Pipeline\\Pipeline->Illuminate\\Pipeline\\{closure}()
#42 /var/www/SAAFCECEYT/vendor/laravel/framework/src/Illuminate/Pipeline/Pipeline.php(183): Illuminate\\Http\\Middleware\\TrustProxies->handle()
#43 /var/www/SAAFCECEYT/vendor/laravel/framework/src/Illuminate/Foundation/Http/Middleware/InvokeDeferredCallbacks.php(22): Illuminate\\Pipeline\\Pipeline->Illuminate\\Pipeline\\{closure}()
#44 /var/www/SAAFCECEYT/vendor/laravel/framework/src/Illuminate/Pipeline/Pipeline.php(183): Illuminate\\Foundation\\Http\\Middleware\\InvokeDeferredCallbacks->handle()
#45 /var/www/SAAFCECEYT/vendor/laravel/framework/src/Illuminate/Pipeline/Pipeline.php(119): Illuminate\\Pipeline\\Pipeline->Illuminate\\Pipeline\\{closure}()
#46 /var/www/SAAFCECEYT/vendor/laravel/framework/src/Illuminate/Foundation/Http/Kernel.php(176): Illuminate\\Pipeline\\Pipeline->then()
#47 /var/www/SAAFCECEYT/vendor/laravel/framework/src/Illuminate/Foundation/Http/Kernel.php(145): Illuminate\\Foundation\\Http\\Kernel->sendRequestThroughRouter()
#48 /var/www/SAAFCECEYT/vendor/laravel/framework/src/Illuminate/Foundation/Application.php(1190): Illuminate\\Foundation\\Http\\Kernel->handle()
#49 /var/www/SAAFCECEYT/public/index.php(17): Illuminate\\Foundation\\Application->handleRequest()
#50 {main}

[previous exception] [object] (PDOException(code: 1045): SQLSTATE[HY000] [1045] Access denied for user 'root'@'localhost' (using password: NO) at /var/www/SAAFCECEYT/vendor/laravel/framework/src/Illuminate/Database/Connectors/Connector.php:66)
[stacktrace]
#0 /var/www/SAAFCECEYT/vendor/laravel/framework/src/Illuminate/Database/Connectors/Connector.php(66): PDO->__construct()
#1 /var/www/SAAFCECEYT/vendor/laravel/framework/src/Illuminate/Database/Connectors/Connector.php(44): Illuminate\\Database\\Connectors\\Connector->createPdoConnection()
#2 /var/www/SAAFCECEYT/vendor/laravel/framework/src/Illuminate/Database/Connectors/MySqlConnector.php(24): Illuminate\\Database\\Connectors\\Connector->createConnection()
#3 /var/www/SAAFCECEYT/vendor/laravel/framework/src/Illuminate/Database/Connectors/ConnectionFactory.php(185): Illuminate\\Database\\Connectors\\MySqlConnector->connect()
#4 [internal function]: Illuminate\\Database\\Connectors\\ConnectionFactory->Illuminate\\Database\\Connectors\\{closure}()
#5 /var/www/SAAFCECEYT/vendor/laravel/framework/src/Illuminate/Database/Connection.php(1231): call_user_func()
#6 /var/www/SAAFCECEYT/vendor/laravel/framework/src/Illuminate/Database/Connection.php(1267): Illuminate\\Database\\Connection->getPdo()
#7 /var/www/SAAFCECEYT/vendor/laravel/framework/src/Illuminate/Database/Connection.php(512): Illuminate\\Database\\Connection->getReadPdo()
#8 /var/www/SAAFCECEYT/vendor/laravel/framework/src/Illuminate/Database/Connection.php(407): Illuminate\\Database\\Connection->getPdoForSelect()
#9 /var/www/SAAFCECEYT/vendor/laravel/framework/src/Illuminate/Database/Connection.php(812): Illuminate\\Database\\Connection->Illuminate\\Database\\{closure}()
#10 /var/www/SAAFCECEYT/vendor/laravel/framework/src/Illuminate/Database/Connection.php(779): Illuminate\\Database\\Connection->runQueryCallback()
#11 /var/www/SAAFCECEYT/vendor/laravel/framework/src/Illuminate/Database/Connection.php(398): Illuminate\\Database\\Connection->run()
#12 /var/www/SAAFCECEYT/vendor/laravel/framework/src/Illuminate/Database/Query/Builder.php(3133): Illuminate\\Database\\Connection->select()
#13 /var/www/SAAFCECEYT/vendor/laravel/framework/src/Illuminate/Database/Query/Builder.php(3118): Illuminate\\Database\\Query\\Builder->runSelect()
#14 /var/www/SAAFCECEYT/vendor/laravel/framework/src/Illuminate/Database/Query/Builder.php(3706): Illuminate\\Database\\Query\\Builder->Illuminate\\Database\\Query\\{closure}()
#15 /var/www/SAAFCECEYT/vendor/laravel/framework/src/Illuminate/Database/Query/Builder.php(3117): Illuminate\\Database\\Query\\Builder->onceWithColumns()
#16 /var/www/SAAFCECEYT/vendor/laravel/framework/src/Illuminate/Database/Concerns/BuildsQueries.php(344): Illuminate\\Database\\Query\\Builder->get()
#17 /var/www/SAAFCECEYT/vendor/laravel/framework/src/Illuminate/Database/Query/Builder.php(3038): Illuminate\\Database\\Query\\Builder->first()
#18 /var/www/SAAFCECEYT/vendor/laravel/framework/src/Illuminate/Session/DatabaseSessionHandler.php(97): Illuminate\\Database\\Query\\Builder->find()
#19 /var/www/SAAFCECEYT/vendor/laravel/framework/src/Illuminate/Session/Store.php(113): Illuminate\\Session\\DatabaseSessionHandler->read()
#20 /var/www/SAAFCECEYT/vendor/laravel/framework/src/Illuminate/Session/Store.php(101): Illuminate\\Session\\Store->readFromHandler()
#21 /var/www/SAAFCECEYT/vendor/laravel/framework/src/Illuminate/Session/Store.php(85): Illuminate\\Session\\Store->loadSession()
#22 /var/www/SAAFCECEYT/vendor/laravel/framework/src/Illuminate/Session/Middleware/StartSession.php(147): Illuminate\\Session\\Store->start()
#23 /var/www/SAAFCECEYT/vendor/laravel/framework/src/Illuminate/Support/helpers.php(393): Illuminate\\Session\\Middleware\\StartSession->Illuminate\\Session\\Middleware\\{closure}()
#24 /var/www/SAAFCECEYT/vendor/laravel/framework/src/Illuminate/Session/Middleware/StartSession.php(144): tap()
#25 /var/www/SAAFCECEYT/vendor/laravel/framework/src/Illuminate/Session/Middleware/StartSession.php(116): Illuminate\\Session\\Middleware\\StartSession->startSession()
#26 /var/www/SAAFCECEYT/vendor/laravel/framework/src/Illuminate/Session/Middleware/StartSession.php(64): Illuminate\\Session\\Middleware\\StartSession->handleStatefulRequest()
#27 /var/www/SAAFCECEYT/vendor/laravel/framework/src/Illuminate/Pipeline/Pipeline.php(183): Illuminate\\Session\\Middleware\\StartSession->handle()
#28 /var/www/SAAFCECEYT/vendor/laravel/framework/src/Illuminate/Cookie/Middleware/AddQueuedCookiesToResponse.php(37): Illuminate\\Pipeline\\Pipeline->Illuminate\\Pipeline\\{closure}()
#29 /var/www/SAAFCECEYT/vendor/laravel/framework/src/Illuminate/Pipeline/Pipeline.php(183): Illuminate\\Cookie\\Middleware\\AddQueuedCookiesToResponse->handle()
#30 /var/www/SAAFCECEYT/vendor/laravel/framework/src/Illuminate/Cookie/Middleware/EncryptCookies.php(75): Illuminate\\Pipeline\\Pipeline->Illuminate\\Pipeline\\{closure}()
#31 /var/www/SAAFCECEYT/vendor/laravel/framework/src/Illuminate/Pipeline/Pipeline.php(183): Illuminate\\Cookie\\Middleware\\EncryptCookies->handle()
#32 /var/www/SAAFCECEYT/vendor/laravel/framework/src/Illuminate/Pipeline/Pipeline.php(119): Illuminate\\Pipeline\\Pipeline->Illuminate\\Pipeline\\{closure}()
#33 /var/www/SAAFCECEYT/vendor/laravel/framework/src/Illuminate/Routing/Router.php(807): Illuminate\\Pipeline\\Pipeline->then()
#34 /var/www/SAAFCECEYT/vendor/laravel/framework/src/Illuminate/Routing/Router.php(786): Illuminate\\Routing\\Router->runRouteWithinStack()
#35 /var/www/SAAFCECEYT/vendor/laravel/framework/src/Illuminate/Routing/Router.php(750): Illuminate\\Routing\\Router->runRoute()
#36 /var/www/SAAFCECEYT/vendor/laravel/framework/src/Illuminate/Routing/Router.php(739): Illuminate\\Routing\\Router->dispatchToRoute()
#37 /var/www/SAAFCECEYT/vendor/laravel/framework/src/Illuminate/Foundation/Http/Kernel.php(201): Illuminate\\Routing\\Router->dispatch()
#38 /var/www/SAAFCECEYT/vendor/laravel/framework/src/Illuminate/Pipeline/Pipeline.php(144): Illuminate\\Foundation\\Http\\Kernel->Illuminate\\Foundation\\Http\\{closure}()
#39 /var/www/SAAFCECEYT/vendor/laravel/framework/src/Illuminate/Foundation/Http/Middleware/TransformsRequest.php(21): Illuminate\\Pipeline\\Pipeline->Illuminate\\Pipeline\\{closure}()
#40 /var/www/SAAFCECEYT/vendor/laravel/framework/src/Illuminate/Foundation/Http/Middleware/ConvertEmptyStringsToNull.php(31): Illuminate\\Foundation\\Http\\Middleware\\TransformsRequest->handle()
#41 /var/www/SAAFCECEYT/vendor/laravel/framework/src/Illuminate/Pipeline/Pipeline.php(183): Illuminate\\Foundation\\Http\\Middleware\\ConvertEmptyStringsToNull->handle()
#42 /var/www/SAAFCECEYT/vendor/laravel/framework/src/Illuminate/Foundation/Http/Middleware/TransformsRequest.php(21): Illuminate\\Pipeline\\Pipeline->Illuminate\\Pipeline\\{closure}()
#43 /var/www/SAAFCECEYT/vendor/laravel/framework/src/Illuminate/Foundation/Http/Middleware/TrimStrings.php(51): Illuminate\\Foundation\\Http\\Middleware\\TransformsRequest->handle()
#44 /var/www/SAAFCECEYT/vendor/laravel/framework/src/Illuminate/Pipeline/Pipeline.php(183): Illuminate\\Foundation\\Http\\Middleware\\TrimStrings->handle()
#45 /var/www/SAAFCECEYT/vendor/laravel/framework/src/Illuminate/Http/Middleware/ValidatePostSize.php(27): Illuminate\\Pipeline\\Pipeline->Illuminate\\Pipeline\\{closure}()
#46 /var/www/SAAFCECEYT/vendor/laravel/framework/src/Illuminate/Pipeline/Pipeline.php(183): Illuminate\\Http\\Middleware\\ValidatePostSize->handle()
#47 /var/www/SAAFCECEYT/vendor/laravel/framework/src/Illuminate/Foundation/Http/Middleware/PreventRequestsDuringMaintenance.php(110): Illuminate\\Pipeline\\Pipeline->Illuminate\\Pipeline\\{closure}()
#48 /var/www/SAAFCECEYT/vendor/laravel/framework/src/Illuminate/Pipeline/Pipeline.php(183): Illuminate\\Foundation\\Http\\Middleware\\PreventRequestsDuringMaintenance->handle()
#49 /var/www/SAAFCECEYT/vendor/laravel/framework/src/Illuminate/Http/Middleware/HandleCors.php(49): Illuminate\\Pipeline\\Pipeline->Illuminate\\Pipeline\\{closure}()
#50 /var/www/SAAFCECEYT/vendor/laravel/framework/src/Illuminate/Pipeline/Pipeline.php(183): Illuminate\\Http\\Middleware\\HandleCors->handle()
#51 /var/www/SAAFCECEYT/vendor/laravel/framework/src/Illuminate/Http/Middleware/TrustProxies.php(58): Illuminate\\Pipeline\\Pipeline->Illuminate\\Pipeline\\{closure}()
#52 /var/www/SAAFCECEYT/vendor/laravel/framework/src/Illuminate/Pipeline/Pipeline.php(183): Illuminate\\Http\\Middleware\\TrustProxies->handle()
#53 /var/www/SAAFCECEYT/vendor/laravel/framework/src/Illuminate/Foundation/Http/Middleware/InvokeDeferredCallbacks.php(22): Illuminate\\Pipeline\\Pipeline->Illuminate\\Pipeline\\{closure}()
#54 /var/www/SAAFCECEYT/vendor/laravel/framework/src/Illuminate/Pipeline/Pipeline.php(183): Illuminate\\Foundation\\Http\\Middleware\\InvokeDeferredCallbacks->handle()
#55 /var/www/SAAFCECEYT/vendor/laravel/framework/src/Illuminate/Pipeline/Pipeline.php(119): Illuminate\\Pipeline\\Pipeline->Illuminate\\Pipeline\\{closure}()
#56 /var/www/SAAFCECEYT/vendor/laravel/framework/src/Illuminate/Foundation/Http/Kernel.php(176): Illuminate\\Pipeline\\Pipeline->then()
#57 /var/www/SAAFCECEYT/vendor/laravel/framework/src/Illuminate/Foundation/Http/Kernel.php(145): Illuminate\\Foundation\\Http\\Kernel->sendRequestThroughRouter()
#58 /var/www/SAAFCECEYT/vendor/laravel/framework/src/Illuminate/Foundation/Application.php(1190): Illuminate\\Foundation\\Http\\Kernel->handle()
#59 /var/www/SAAFCECEYT/public/index.php(17): Illuminate\\Foundation\\Application->handleRequest()
#60 {main}
"} 
[2025-08-23 18:26:47] local.ERROR: SQLSTATE[HY000] [1045] Access denied for user 'root'@'localhost' (using password: NO) (Connection: mysql, SQL: select * from `sessions` where `id` = 7zY0p2tOLqnyJuDXHZVfrCAKGKQxObTrach5pJ8c limit 1) {"exception":"[object] (Illuminate\\Database\\QueryException(code: 1045): SQLSTATE[HY000] [1045] Access denied for user 'root'@'localhost' (using password: NO) (Connection: mysql, SQL: select * from `sessions` where `id` = 7zY0p2tOLqnyJuDXHZVfrCAKGKQxObTrach5pJ8c limit 1) at /var/www/SAAFCECEYT/vendor/laravel/framework/src/Illuminate/Database/Connection.php:825)
[stacktrace]
#0 /var/www/SAAFCECEYT/vendor/laravel/framework/src/Illuminate/Database/Connection.php(779): Illuminate\\Database\\Connection->runQueryCallback()
#1 /var/www/SAAFCECEYT/vendor/laravel/framework/src/Illuminate/Database/Connection.php(398): Illuminate\\Database\\Connection->run()
#2 /var/www/SAAFCECEYT/vendor/laravel/framework/src/Illuminate/Database/Query/Builder.php(3133): Illuminate\\Database\\Connection->select()
#3 /var/www/SAAFCECEYT/vendor/laravel/framework/src/Illuminate/Database/Query/Builder.php(3118): Illuminate\\Database\\Query\\Builder->runSelect()
#4 /var/www/SAAFCECEYT/vendor/laravel/framework/src/Illuminate/Database/Query/Builder.php(3706): Illuminate\\Database\\Query\\Builder->Illuminate\\Database\\Query\\{closure}()
#5 /var/www/SAAFCECEYT/vendor/laravel/framework/src/Illuminate/Database/Query/Builder.php(3117): Illuminate\\Database\\Query\\Builder->onceWithColumns()
#6 /var/www/SAAFCECEYT/vendor/laravel/framework/src/Illuminate/Database/Concerns/BuildsQueries.php(344): Illuminate\\Database\\Query\\Builder->get()
#7 /var/www/SAAFCECEYT/vendor/laravel/framework/src/Illuminate/Database/Query/Builder.php(3038): Illuminate\\Database\\Query\\Builder->first()
#8 /var/www/SAAFCECEYT/vendor/laravel/framework/src/Illuminate/Session/DatabaseSessionHandler.php(97): Illuminate\\Database\\Query\\Builder->find()
#9 /var/www/SAAFCECEYT/vendor/laravel/framework/src/Illuminate/Session/Store.php(113): Illuminate\\Session\\DatabaseSessionHandler->read()
#10 /var/www/SAAFCECEYT/vendor/laravel/framework/src/Illuminate/Session/Store.php(101): Illuminate\\Session\\Store->readFromHandler()
#11 /var/www/SAAFCECEYT/vendor/laravel/framework/src/Illuminate/Session/Store.php(85): Illuminate\\Session\\Store->loadSession()
#12 /var/www/SAAFCECEYT/vendor/laravel/framework/src/Illuminate/Session/Middleware/StartSession.php(147): Illuminate\\Session\\Store->start()
#13 /var/www/SAAFCECEYT/vendor/laravel/framework/src/Illuminate/Support/helpers.php(393): Illuminate\\Session\\Middleware\\StartSession->Illuminate\\Session\\Middleware\\{closure}()
#14 /var/www/SAAFCECEYT/vendor/laravel/framework/src/Illuminate/Session/Middleware/StartSession.php(144): tap()
#15 /var/www/SAAFCECEYT/vendor/laravel/framework/src/Illuminate/Session/Middleware/StartSession.php(116): Illuminate\\Session\\Middleware\\StartSession->startSession()
#16 /var/www/SAAFCECEYT/vendor/laravel/framework/src/Illuminate/Session/Middleware/StartSession.php(64): Illuminate\\Session\\Middleware\\StartSession->handleStatefulRequest()
#17 /var/www/SAAFCECEYT/vendor/laravel/framework/src/Illuminate/Pipeline/Pipeline.php(183): Illuminate\\Session\\Middleware\\StartSession->handle()
#18 /var/www/SAAFCECEYT/vendor/laravel/framework/src/Illuminate/Cookie/Middleware/AddQueuedCookiesToResponse.php(37): Illuminate\\Pipeline\\Pipeline->Illuminate\\Pipeline\\{closure}()
#19 /var/www/SAAFCECEYT/vendor/laravel/framework/src/Illuminate/Pipeline/Pipeline.php(183): Illuminate\\Cookie\\Middleware\\AddQueuedCookiesToResponse->handle()
#20 /var/www/SAAFCECEYT/vendor/laravel/framework/src/Illuminate/Cookie/Middleware/EncryptCookies.php(75): Illuminate\\Pipeline\\Pipeline->Illuminate\\Pipeline\\{closure}()
#21 /var/www/SAAFCECEYT/vendor/laravel/framework/src/Illuminate/Pipeline/Pipeline.php(183): Illuminate\\Cookie\\Middleware\\EncryptCookies->handle()
#22 /var/www/SAAFCECEYT/vendor/laravel/framework/src/Illuminate/Pipeline/Pipeline.php(119): Illuminate\\Pipeline\\Pipeline->Illuminate\\Pipeline\\{closure}()
#23 /var/www/SAAFCECEYT/vendor/laravel/framework/src/Illuminate/Routing/Router.php(807): Illuminate\\Pipeline\\Pipeline->then()
#24 /var/www/SAAFCECEYT/vendor/laravel/framework/src/Illuminate/Routing/Router.php(786): Illuminate\\Routing\\Router->runRouteWithinStack()
#25 /var/www/SAAFCECEYT/vendor/laravel/framework/src/Illuminate/Routing/Router.php(750): Illuminate\\Routing\\Router->runRoute()
#26 /var/www/SAAFCECEYT/vendor/laravel/framework/src/Illuminate/Routing/Router.php(739): Illuminate\\Routing\\Router->dispatchToRoute()
#27 /var/www/SAAFCECEYT/vendor/laravel/framework/src/Illuminate/Foundation/Http/Kernel.php(201): Illuminate\\Routing\\Router->dispatch()
#28 /var/www/SAAFCECEYT/vendor/laravel/framework/src/Illuminate/Pipeline/Pipeline.php(144): Illuminate\\Foundation\\Http\\Kernel->Illuminate\\Foundation\\Http\\{closure}()
#29 /var/www/SAAFCECEYT/vendor/laravel/framework/src/Illuminate/Foundation/Http/Middleware/TransformsRequest.php(21): Illuminate\\Pipeline\\Pipeline->Illuminate\\Pipeline\\{closure}()
#30 /var/www/SAAFCECEYT/vendor/laravel/framework/src/Illuminate/Foundation/Http/Middleware/ConvertEmptyStringsToNull.php(31): Illuminate\\Foundation\\Http\\Middleware\\TransformsRequest->handle()
#31 /var/www/SAAFCECEYT/vendor/laravel/framework/src/Illuminate/Pipeline/Pipeline.php(183): Illuminate\\Foundation\\Http\\Middleware\\ConvertEmptyStringsToNull->handle()
#32 /var/www/SAAFCECEYT/vendor/laravel/framework/src/Illuminate/Foundation/Http/Middleware/TransformsRequest.php(21): Illuminate\\Pipeline\\Pipeline->Illuminate\\Pipeline\\{closure}()
#33 /var/www/SAAFCECEYT/vendor/laravel/framework/src/Illuminate/Foundation/Http/Middleware/TrimStrings.php(51): Illuminate\\Foundation\\Http\\Middleware\\TransformsRequest->handle()
#34 /var/www/SAAFCECEYT/vendor/laravel/framework/src/Illuminate/Pipeline/Pipeline.php(183): Illuminate\\Foundation\\Http\\Middleware\\TrimStrings->handle()
#35 /var/www/SAAFCECEYT/vendor/laravel/framework/src/Illuminate/Http/Middleware/ValidatePostSize.php(27): Illuminate\\Pipeline\\Pipeline->Illuminate\\Pipeline\\{closure}()
#36 /var/www/SAAFCECEYT/vendor/laravel/framework/src/Illuminate/Pipeline/Pipeline.php(183): Illuminate\\Http\\Middleware\\ValidatePostSize->handle()
#37 /var/www/SAAFCECEYT/vendor/laravel/framework/src/Illuminate/Foundation/Http/Middleware/PreventRequestsDuringMaintenance.php(110): Illuminate\\Pipeline\\Pipeline->Illuminate\\Pipeline\\{closure}()
#38 /var/www/SAAFCECEYT/vendor/laravel/framework/src/Illuminate/Pipeline/Pipeline.php(183): Illuminate\\Foundation\\Http\\Middleware\\PreventRequestsDuringMaintenance->handle()
#39 /var/www/SAAFCECEYT/vendor/laravel/framework/src/Illuminate/Http/Middleware/HandleCors.php(49): Illuminate\\Pipeline\\Pipeline->Illuminate\\Pipeline\\{closure}()
#40 /var/www/SAAFCECEYT/vendor/laravel/framework/src/Illuminate/Pipeline/Pipeline.php(183): Illuminate\\Http\\Middleware\\HandleCors->handle()
#41 /var/www/SAAFCECEYT/vendor/laravel/framework/src/Illuminate/Http/Middleware/TrustProxies.php(58): Illuminate\\Pipeline\\Pipeline->Illuminate\\Pipeline\\{closure}()
#42 /var/www/SAAFCECEYT/vendor/laravel/framework/src/Illuminate/Pipeline/Pipeline.php(183): Illuminate\\Http\\Middleware\\TrustProxies->handle()
#43 /var/www/SAAFCECEYT/vendor/laravel/framework/src/Illuminate/Foundation/Http/Middleware/InvokeDeferredCallbacks.php(22): Illuminate\\Pipeline\\Pipeline->Illuminate\\Pipeline\\{closure}()
#44 /var/www/SAAFCECEYT/vendor/laravel/framework/src/Illuminate/Pipeline/Pipeline.php(183): Illuminate\\Foundation\\Http\\Middleware\\InvokeDeferredCallbacks->handle()
#45 /var/www/SAAFCECEYT/vendor/laravel/framework/src/Illuminate/Pipeline/Pipeline.php(119): Illuminate\\Pipeline\\Pipeline->Illuminate\\Pipeline\\{closure}()
#46 /var/www/SAAFCECEYT/vendor/laravel/framework/src/Illuminate/Foundation/Http/Kernel.php(176): Illuminate\\Pipeline\\Pipeline->then()
#47 /var/www/SAAFCECEYT/vendor/laravel/framework/src/Illuminate/Foundation/Http/Kernel.php(145): Illuminate\\Foundation\\Http\\Kernel->sendRequestThroughRouter()
#48 /var/www/SAAFCECEYT/vendor/laravel/framework/src/Illuminate/Foundation/Application.php(1190): Illuminate\\Foundation\\Http\\Kernel->handle()
#49 /var/www/SAAFCECEYT/public/index.php(17): Illuminate\\Foundation\\Application->handleRequest()
#50 {main}

[previous exception] [object] (PDOException(code: 1045): SQLSTATE[HY000] [1045] Access denied for user 'root'@'localhost' (using password: NO) at /var/www/SAAFCECEYT/vendor/laravel/framework/src/Illuminate/Database/Connectors/Connector.php:66)
[stacktrace]
#0 /var/www/SAAFCECEYT/vendor/laravel/framework/src/Illuminate/Database/Connectors/Connector.php(66): PDO->__construct()
#1 /var/www/SAAFCECEYT/vendor/laravel/framework/src/Illuminate/Database/Connectors/Connector.php(44): Illuminate\\Database\\Connectors\\Connector->createPdoConnection()
#2 /var/www/SAAFCECEYT/vendor/laravel/framework/src/Illuminate/Database/Connectors/MySqlConnector.php(24): Illuminate\\Database\\Connectors\\Connector->createConnection()
#3 /var/www/SAAFCECEYT/vendor/laravel/framework/src/Illuminate/Database/Connectors/ConnectionFactory.php(185): Illuminate\\Database\\Connectors\\MySqlConnector->connect()
#4 [internal function]: Illuminate\\Database\\Connectors\\ConnectionFactory->Illuminate\\Database\\Connectors\\{closure}()
#5 /var/www/SAAFCECEYT/vendor/laravel/framework/src/Illuminate/Database/Connection.php(1231): call_user_func()
#6 /var/www/SAAFCECEYT/vendor/laravel/framework/src/Illuminate/Database/Connection.php(1267): Illuminate\\Database\\Connection->getPdo()
#7 /var/www/SAAFCECEYT/vendor/laravel/framework/src/Illuminate/Database/Connection.php(512): Illuminate\\Database\\Connection->getReadPdo()
#8 /var/www/SAAFCECEYT/vendor/laravel/framework/src/Illuminate/Database/Connection.php(407): Illuminate\\Database\\Connection->getPdoForSelect()
#9 /var/www/SAAFCECEYT/vendor/laravel/framework/src/Illuminate/Database/Connection.php(812): Illuminate\\Database\\Connection->Illuminate\\Database\\{closure}()
#10 /var/www/SAAFCECEYT/vendor/laravel/framework/src/Illuminate/Database/Connection.php(779): Illuminate\\Database\\Connection->runQueryCallback()
#11 /var/www/SAAFCECEYT/vendor/laravel/framework/src/Illuminate/Database/Connection.php(398): Illuminate\\Database\\Connection->run()
#12 /var/www/SAAFCECEYT/vendor/laravel/framework/src/Illuminate/Database/Query/Builder.php(3133): Illuminate\\Database\\Connection->select()
#13 /var/www/SAAFCECEYT/vendor/laravel/framework/src/Illuminate/Database/Query/Builder.php(3118): Illuminate\\Database\\Query\\Builder->runSelect()
#14 /var/www/SAAFCECEYT/vendor/laravel/framework/src/Illuminate/Database/Query/Builder.php(3706): Illuminate\\Database\\Query\\Builder->Illuminate\\Database\\Query\\{closure}()
#15 /var/www/SAAFCECEYT/vendor/laravel/framework/src/Illuminate/Database/Query/Builder.php(3117): Illuminate\\Database\\Query\\Builder->onceWithColumns()
#16 /var/www/SAAFCECEYT/vendor/laravel/framework/src/Illuminate/Database/Concerns/BuildsQueries.php(344): Illuminate\\Database\\Query\\Builder->get()
#17 /var/www/SAAFCECEYT/vendor/laravel/framework/src/Illuminate/Database/Query/Builder.php(3038): Illuminate\\Database\\Query\\Builder->first()
#18 /var/www/SAAFCECEYT/vendor/laravel/framework/src/Illuminate/Session/DatabaseSessionHandler.php(97): Illuminate\\Database\\Query\\Builder->find()
#19 /var/www/SAAFCECEYT/vendor/laravel/framework/src/Illuminate/Session/Store.php(113): Illuminate\\Session\\DatabaseSessionHandler->read()
#20 /var/www/SAAFCECEYT/vendor/laravel/framework/src/Illuminate/Session/Store.php(101): Illuminate\\Session\\Store->readFromHandler()
#21 /var/www/SAAFCECEYT/vendor/laravel/framework/src/Illuminate/Session/Store.php(85): Illuminate\\Session\\Store->loadSession()
#22 /var/www/SAAFCECEYT/vendor/laravel/framework/src/Illuminate/Session/Middleware/StartSession.php(147): Illuminate\\Session\\Store->start()
#23 /var/www/SAAFCECEYT/vendor/laravel/framework/src/Illuminate/Support/helpers.php(393): Illuminate\\Session\\Middleware\\StartSession->Illuminate\\Session\\Middleware\\{closure}()
#24 /var/www/SAAFCECEYT/vendor/laravel/framework/src/Illuminate/Session/Middleware/StartSession.php(144): tap()
#25 /var/www/SAAFCECEYT/vendor/laravel/framework/src/Illuminate/Session/Middleware/StartSession.php(116): Illuminate\\Session\\Middleware\\StartSession->startSession()
#26 /var/www/SAAFCECEYT/vendor/laravel/framework/src/Illuminate/Session/Middleware/StartSession.php(64): Illuminate\\Session\\Middleware\\StartSession->handleStatefulRequest()
#27 /var/www/SAAFCECEYT/vendor/laravel/framework/src/Illuminate/Pipeline/Pipeline.php(183): Illuminate\\Session\\Middleware\\StartSession->handle()
#28 /var/www/SAAFCECEYT/vendor/laravel/framework/src/Illuminate/Cookie/Middleware/AddQueuedCookiesToResponse.php(37): Illuminate\\Pipeline\\Pipeline->Illuminate\\Pipeline\\{closure}()
#29 /var/www/SAAFCECEYT/vendor/laravel/framework/src/Illuminate/Pipeline/Pipeline.php(183): Illuminate\\Cookie\\Middleware\\AddQueuedCookiesToResponse->handle()
#30 /var/www/SAAFCECEYT/vendor/laravel/framework/src/Illuminate/Cookie/Middleware/EncryptCookies.php(75): Illuminate\\Pipeline\\Pipeline->Illuminate\\Pipeline\\{closure}()
#31 /var/www/SAAFCECEYT/vendor/laravel/framework/src/Illuminate/Pipeline/Pipeline.php(183): Illuminate\\Cookie\\Middleware\\EncryptCookies->handle()
#32 /var/www/SAAFCECEYT/vendor/laravel/framework/src/Illuminate/Pipeline/Pipeline.php(119): Illuminate\\Pipeline\\Pipeline->Illuminate\\Pipeline\\{closure}()
#33 /var/www/SAAFCECEYT/vendor/laravel/framework/src/Illuminate/Routing/Router.php(807): Illuminate\\Pipeline\\Pipeline->then()
#34 /var/www/SAAFCECEYT/vendor/laravel/framework/src/Illuminate/Routing/Router.php(786): Illuminate\\Routing\\Router->runRouteWithinStack()
#35 /var/www/SAAFCECEYT/vendor/laravel/framework/src/Illuminate/Routing/Router.php(750): Illuminate\\Routing\\Router->runRoute()
#36 /var/www/SAAFCECEYT/vendor/laravel/framework/src/Illuminate/Routing/Router.php(739): Illuminate\\Routing\\Router->dispatchToRoute()
#37 /var/www/SAAFCECEYT/vendor/laravel/framework/src/Illuminate/Foundation/Http/Kernel.php(201): Illuminate\\Routing\\Router->dispatch()
#38 /var/www/SAAFCECEYT/vendor/laravel/framework/src/Illuminate/Pipeline/Pipeline.php(144): Illuminate\\Foundation\\Http\\Kernel->Illuminate\\Foundation\\Http\\{closure}()
#39 /var/www/SAAFCECEYT/vendor/laravel/framework/src/Illuminate/Foundation/Http/Middleware/TransformsRequest.php(21): Illuminate\\Pipeline\\Pipeline->Illuminate\\Pipeline\\{closure}()
#40 /var/www/SAAFCECEYT/vendor/laravel/framework/src/Illuminate/Foundation/Http/Middleware/ConvertEmptyStringsToNull.php(31): Illuminate\\Foundation\\Http\\Middleware\\TransformsRequest->handle()
#41 /var/www/SAAFCECEYT/vendor/laravel/framework/src/Illuminate/Pipeline/Pipeline.php(183): Illuminate\\Foundation\\Http\\Middleware\\ConvertEmptyStringsToNull->handle()
#42 /var/www/SAAFCECEYT/vendor/laravel/framework/src/Illuminate/Foundation/Http/Middleware/TransformsRequest.php(21): Illuminate\\Pipeline\\Pipeline->Illuminate\\Pipeline\\{closure}()
#43 /var/www/SAAFCECEYT/vendor/laravel/framework/src/Illuminate/Foundation/Http/Middleware/TrimStrings.php(51): Illuminate\\Foundation\\Http\\Middleware\\TransformsRequest->handle()
#44 /var/www/SAAFCECEYT/vendor/laravel/framework/src/Illuminate/Pipeline/Pipeline.php(183): Illuminate\\Foundation\\Http\\Middleware\\TrimStrings->handle()
#45 /var/www/SAAFCECEYT/vendor/laravel/framework/src/Illuminate/Http/Middleware/ValidatePostSize.php(27): Illuminate\\Pipeline\\Pipeline->Illuminate\\Pipeline\\{closure}()
#46 /var/www/SAAFCECEYT/vendor/laravel/framework/src/Illuminate/Pipeline/Pipeline.php(183): Illuminate\\Http\\Middleware\\ValidatePostSize->handle()
#47 /var/www/SAAFCECEYT/vendor/laravel/framework/src/Illuminate/Foundation/Http/Middleware/PreventRequestsDuringMaintenance.php(110): Illuminate\\Pipeline\\Pipeline->Illuminate\\Pipeline\\{closure}()
#48 /var/www/SAAFCECEYT/vendor/laravel/framework/src/Illuminate/Pipeline/Pipeline.php(183): Illuminate\\Foundation\\Http\\Middleware\\PreventRequestsDuringMaintenance->handle()
#49 /var/www/SAAFCECEYT/vendor/laravel/framework/src/Illuminate/Http/Middleware/HandleCors.php(49): Illuminate\\Pipeline\\Pipeline->Illuminate\\Pipeline\\{closure}()
#50 /var/www/SAAFCECEYT/vendor/laravel/framework/src/Illuminate/Pipeline/Pipeline.php(183): Illuminate\\Http\\Middleware\\HandleCors->handle()
#51 /var/www/SAAFCECEYT/vendor/laravel/framework/src/Illuminate/Http/Middleware/TrustProxies.php(58): Illuminate\\Pipeline\\Pipeline->Illuminate\\Pipeline\\{closure}()
#52 /var/www/SAAFCECEYT/vendor/laravel/framework/src/Illuminate/Pipeline/Pipeline.php(183): Illuminate\\Http\\Middleware\\TrustProxies->handle()
#53 /var/www/SAAFCECEYT/vendor/laravel/framework/src/Illuminate/Foundation/Http/Middleware/InvokeDeferredCallbacks.php(22): Illuminate\\Pipeline\\Pipeline->Illuminate\\Pipeline\\{closure}()
#54 /var/www/SAAFCECEYT/vendor/laravel/framework/src/Illuminate/Pipeline/Pipeline.php(183): Illuminate\\Foundation\\Http\\Middleware\\InvokeDeferredCallbacks->handle()
#55 /var/www/SAAFCECEYT/vendor/laravel/framework/src/Illuminate/Pipeline/Pipeline.php(119): Illuminate\\Pipeline\\Pipeline->Illuminate\\Pipeline\\{closure}()
#56 /var/www/SAAFCECEYT/vendor/laravel/framework/src/Illuminate/Foundation/Http/Kernel.php(176): Illuminate\\Pipeline\\Pipeline->then()
#57 /var/www/SAAFCECEYT/vendor/laravel/framework/src/Illuminate/Foundation/Http/Kernel.php(145): Illuminate\\Foundation\\Http\\Kernel->sendRequestThroughRouter()
#58 /var/www/SAAFCECEYT/vendor/laravel/framework/src/Illuminate/Foundation/Application.php(1190): Illuminate\\Foundation\\Http\\Kernel->handle()
#59 /var/www/SAAFCECEYT/public/index.php(17): Illuminate\\Foundation\\Application->handleRequest()
#60 {main}
"} 
[2025-08-23 18:32:33] local.ERROR: SQLSTATE[HY000] [1045] Access denied for user 'root'@'localhost' (using password: NO) (Connection: mysql, SQL: select * from `sessions` where `id` = GNpkorBkWRJGvfzVcXCaCRGe95QzktaxFiDbcH4J limit 1) {"exception":"[object] (Illuminate\\Database\\QueryException(code: 1045): SQLSTATE[HY000] [1045] Access denied for user 'root'@'localhost' (using password: NO) (Connection: mysql, SQL: select * from `sessions` where `id` = GNpkorBkWRJGvfzVcXCaCRGe95QzktaxFiDbcH4J limit 1) at /var/www/SAAFCECEYT/vendor/laravel/framework/src/Illuminate/Database/Connection.php:825)
[stacktrace]
#0 /var/www/SAAFCECEYT/vendor/laravel/framework/src/Illuminate/Database/Connection.php(779): Illuminate\\Database\\Connection->runQueryCallback()
#1 /var/www/SAAFCECEYT/vendor/laravel/framework/src/Illuminate/Database/Connection.php(398): Illuminate\\Database\\Connection->run()
#2 /var/www/SAAFCECEYT/vendor/laravel/framework/src/Illuminate/Database/Query/Builder.php(3133): Illuminate\\Database\\Connection->select()
#3 /var/www/SAAFCECEYT/vendor/laravel/framework/src/Illuminate/Database/Query/Builder.php(3118): Illuminate\\Database\\Query\\Builder->runSelect()
#4 /var/www/SAAFCECEYT/vendor/laravel/framework/src/Illuminate/Database/Query/Builder.php(3706): Illuminate\\Database\\Query\\Builder->Illuminate\\Database\\Query\\{closure}()
#5 /var/www/SAAFCECEYT/vendor/laravel/framework/src/Illuminate/Database/Query/Builder.php(3117): Illuminate\\Database\\Query\\Builder->onceWithColumns()
#6 /var/www/SAAFCECEYT/vendor/laravel/framework/src/Illuminate/Database/Concerns/BuildsQueries.php(344): Illuminate\\Database\\Query\\Builder->get()
#7 /var/www/SAAFCECEYT/vendor/laravel/framework/src/Illuminate/Database/Query/Builder.php(3038): Illuminate\\Database\\Query\\Builder->first()
#8 /var/www/SAAFCECEYT/vendor/laravel/framework/src/Illuminate/Session/DatabaseSessionHandler.php(97): Illuminate\\Database\\Query\\Builder->find()
#9 /var/www/SAAFCECEYT/vendor/laravel/framework/src/Illuminate/Session/Store.php(113): Illuminate\\Session\\DatabaseSessionHandler->read()
#10 /var/www/SAAFCECEYT/vendor/laravel/framework/src/Illuminate/Session/Store.php(101): Illuminate\\Session\\Store->readFromHandler()
#11 /var/www/SAAFCECEYT/vendor/laravel/framework/src/Illuminate/Session/Store.php(85): Illuminate\\Session\\Store->loadSession()
#12 /var/www/SAAFCECEYT/vendor/laravel/framework/src/Illuminate/Session/Middleware/StartSession.php(147): Illuminate\\Session\\Store->start()
#13 /var/www/SAAFCECEYT/vendor/laravel/framework/src/Illuminate/Support/helpers.php(393): Illuminate\\Session\\Middleware\\StartSession->Illuminate\\Session\\Middleware\\{closure}()
#14 /var/www/SAAFCECEYT/vendor/laravel/framework/src/Illuminate/Session/Middleware/StartSession.php(144): tap()
#15 /var/www/SAAFCECEYT/vendor/laravel/framework/src/Illuminate/Session/Middleware/StartSession.php(116): Illuminate\\Session\\Middleware\\StartSession->startSession()
#16 /var/www/SAAFCECEYT/vendor/laravel/framework/src/Illuminate/Session/Middleware/StartSession.php(64): Illuminate\\Session\\Middleware\\StartSession->handleStatefulRequest()
#17 /var/www/SAAFCECEYT/vendor/laravel/framework/src/Illuminate/Pipeline/Pipeline.php(183): Illuminate\\Session\\Middleware\\StartSession->handle()
#18 /var/www/SAAFCECEYT/vendor/laravel/framework/src/Illuminate/Cookie/Middleware/AddQueuedCookiesToResponse.php(37): Illuminate\\Pipeline\\Pipeline->Illuminate\\Pipeline\\{closure}()
#19 /var/www/SAAFCECEYT/vendor/laravel/framework/src/Illuminate/Pipeline/Pipeline.php(183): Illuminate\\Cookie\\Middleware\\AddQueuedCookiesToResponse->handle()
#20 /var/www/SAAFCECEYT/vendor/laravel/framework/src/Illuminate/Cookie/Middleware/EncryptCookies.php(75): Illuminate\\Pipeline\\Pipeline->Illuminate\\Pipeline\\{closure}()
#21 /var/www/SAAFCECEYT/vendor/laravel/framework/src/Illuminate/Pipeline/Pipeline.php(183): Illuminate\\Cookie\\Middleware\\EncryptCookies->handle()
#22 /var/www/SAAFCECEYT/vendor/laravel/framework/src/Illuminate/Pipeline/Pipeline.php(119): Illuminate\\Pipeline\\Pipeline->Illuminate\\Pipeline\\{closure}()
#23 /var/www/SAAFCECEYT/vendor/laravel/framework/src/Illuminate/Routing/Router.php(807): Illuminate\\Pipeline\\Pipeline->then()
#24 /var/www/SAAFCECEYT/vendor/laravel/framework/src/Illuminate/Routing/Router.php(786): Illuminate\\Routing\\Router->runRouteWithinStack()
#25 /var/www/SAAFCECEYT/vendor/laravel/framework/src/Illuminate/Routing/Router.php(750): Illuminate\\Routing\\Router->runRoute()
#26 /var/www/SAAFCECEYT/vendor/laravel/framework/src/Illuminate/Routing/Router.php(739): Illuminate\\Routing\\Router->dispatchToRoute()
#27 /var/www/SAAFCECEYT/vendor/laravel/framework/src/Illuminate/Foundation/Http/Kernel.php(201): Illuminate\\Routing\\Router->dispatch()
#28 /var/www/SAAFCECEYT/vendor/laravel/framework/src/Illuminate/Pipeline/Pipeline.php(144): Illuminate\\Foundation\\Http\\Kernel->Illuminate\\Foundation\\Http\\{closure}()
#29 /var/www/SAAFCECEYT/vendor/laravel/framework/src/Illuminate/Foundation/Http/Middleware/TransformsRequest.php(21): Illuminate\\Pipeline\\Pipeline->Illuminate\\Pipeline\\{closure}()
#30 /var/www/SAAFCECEYT/vendor/laravel/framework/src/Illuminate/Foundation/Http/Middleware/ConvertEmptyStringsToNull.php(31): Illuminate\\Foundation\\Http\\Middleware\\TransformsRequest->handle()
#31 /var/www/SAAFCECEYT/vendor/laravel/framework/src/Illuminate/Pipeline/Pipeline.php(183): Illuminate\\Foundation\\Http\\Middleware\\ConvertEmptyStringsToNull->handle()
#32 /var/www/SAAFCECEYT/vendor/laravel/framework/src/Illuminate/Foundation/Http/Middleware/TransformsRequest.php(21): Illuminate\\Pipeline\\Pipeline->Illuminate\\Pipeline\\{closure}()
#33 /var/www/SAAFCECEYT/vendor/laravel/framework/src/Illuminate/Foundation/Http/Middleware/TrimStrings.php(51): Illuminate\\Foundation\\Http\\Middleware\\TransformsRequest->handle()
#34 /var/www/SAAFCECEYT/vendor/laravel/framework/src/Illuminate/Pipeline/Pipeline.php(183): Illuminate\\Foundation\\Http\\Middleware\\TrimStrings->handle()
#35 /var/www/SAAFCECEYT/vendor/laravel/framework/src/Illuminate/Http/Middleware/ValidatePostSize.php(27): Illuminate\\Pipeline\\Pipeline->Illuminate\\Pipeline\\{closure}()
#36 /var/www/SAAFCECEYT/vendor/laravel/framework/src/Illuminate/Pipeline/Pipeline.php(183): Illuminate\\Http\\Middleware\\ValidatePostSize->handle()
#37 /var/www/SAAFCECEYT/vendor/laravel/framework/src/Illuminate/Foundation/Http/Middleware/PreventRequestsDuringMaintenance.php(110): Illuminate\\Pipeline\\Pipeline->Illuminate\\Pipeline\\{closure}()
#38 /var/www/SAAFCECEYT/vendor/laravel/framework/src/Illuminate/Pipeline/Pipeline.php(183): Illuminate\\Foundation\\Http\\Middleware\\PreventRequestsDuringMaintenance->handle()
#39 /var/www/SAAFCECEYT/vendor/laravel/framework/src/Illuminate/Http/Middleware/HandleCors.php(49): Illuminate\\Pipeline\\Pipeline->Illuminate\\Pipeline\\{closure}()
#40 /var/www/SAAFCECEYT/vendor/laravel/framework/src/Illuminate/Pipeline/Pipeline.php(183): Illuminate\\Http\\Middleware\\HandleCors->handle()
#41 /var/www/SAAFCECEYT/vendor/laravel/framework/src/Illuminate/Http/Middleware/TrustProxies.php(58): Illuminate\\Pipeline\\Pipeline->Illuminate\\Pipeline\\{closure}()
#42 /var/www/SAAFCECEYT/vendor/laravel/framework/src/Illuminate/Pipeline/Pipeline.php(183): Illuminate\\Http\\Middleware\\TrustProxies->handle()
#43 /var/www/SAAFCECEYT/vendor/laravel/framework/src/Illuminate/Foundation/Http/Middleware/InvokeDeferredCallbacks.php(22): Illuminate\\Pipeline\\Pipeline->Illuminate\\Pipeline\\{closure}()
#44 /var/www/SAAFCECEYT/vendor/laravel/framework/src/Illuminate/Pipeline/Pipeline.php(183): Illuminate\\Foundation\\Http\\Middleware\\InvokeDeferredCallbacks->handle()
#45 /var/www/SAAFCECEYT/vendor/laravel/framework/src/Illuminate/Pipeline/Pipeline.php(119): Illuminate\\Pipeline\\Pipeline->Illuminate\\Pipeline\\{closure}()
#46 /var/www/SAAFCECEYT/vendor/laravel/framework/src/Illuminate/Foundation/Http/Kernel.php(176): Illuminate\\Pipeline\\Pipeline->then()
#47 /var/www/SAAFCECEYT/vendor/laravel/framework/src/Illuminate/Foundation/Http/Kernel.php(145): Illuminate\\Foundation\\Http\\Kernel->sendRequestThroughRouter()
#48 /var/www/SAAFCECEYT/vendor/laravel/framework/src/Illuminate/Foundation/Application.php(1190): Illuminate\\Foundation\\Http\\Kernel->handle()
#49 /var/www/SAAFCECEYT/public/index.php(17): Illuminate\\Foundation\\Application->handleRequest()
#50 {main}

[previous exception] [object] (PDOException(code: 1045): SQLSTATE[HY000] [1045] Access denied for user 'root'@'localhost' (using password: NO) at /var/www/SAAFCECEYT/vendor/laravel/framework/src/Illuminate/Database/Connectors/Connector.php:66)
[stacktrace]
#0 /var/www/SAAFCECEYT/vendor/laravel/framework/src/Illuminate/Database/Connectors/Connector.php(66): PDO->__construct()
#1 /var/www/SAAFCECEYT/vendor/laravel/framework/src/Illuminate/Database/Connectors/Connector.php(44): Illuminate\\Database\\Connectors\\Connector->createPdoConnection()
#2 /var/www/SAAFCECEYT/vendor/laravel/framework/src/Illuminate/Database/Connectors/MySqlConnector.php(24): Illuminate\\Database\\Connectors\\Connector->createConnection()
#3 /var/www/SAAFCECEYT/vendor/laravel/framework/src/Illuminate/Database/Connectors/ConnectionFactory.php(185): Illuminate\\Database\\Connectors\\MySqlConnector->connect()
#4 [internal function]: Illuminate\\Database\\Connectors\\ConnectionFactory->Illuminate\\Database\\Connectors\\{closure}()
#5 /var/www/SAAFCECEYT/vendor/laravel/framework/src/Illuminate/Database/Connection.php(1231): call_user_func()
#6 /var/www/SAAFCECEYT/vendor/laravel/framework/src/Illuminate/Database/Connection.php(1267): Illuminate\\Database\\Connection->getPdo()
#7 /var/www/SAAFCECEYT/vendor/laravel/framework/src/Illuminate/Database/Connection.php(512): Illuminate\\Database\\Connection->getReadPdo()
#8 /var/www/SAAFCECEYT/vendor/laravel/framework/src/Illuminate/Database/Connection.php(407): Illuminate\\Database\\Connection->getPdoForSelect()
#9 /var/www/SAAFCECEYT/vendor/laravel/framework/src/Illuminate/Database/Connection.php(812): Illuminate\\Database\\Connection->Illuminate\\Database\\{closure}()
#10 /var/www/SAAFCECEYT/vendor/laravel/framework/src/Illuminate/Database/Connection.php(779): Illuminate\\Database\\Connection->runQueryCallback()
#11 /var/www/SAAFCECEYT/vendor/laravel/framework/src/Illuminate/Database/Connection.php(398): Illuminate\\Database\\Connection->run()
#12 /var/www/SAAFCECEYT/vendor/laravel/framework/src/Illuminate/Database/Query/Builder.php(3133): Illuminate\\Database\\Connection->select()
#13 /var/www/SAAFCECEYT/vendor/laravel/framework/src/Illuminate/Database/Query/Builder.php(3118): Illuminate\\Database\\Query\\Builder->runSelect()
#14 /var/www/SAAFCECEYT/vendor/laravel/framework/src/Illuminate/Database/Query/Builder.php(3706): Illuminate\\Database\\Query\\Builder->Illuminate\\Database\\Query\\{closure}()
#15 /var/www/SAAFCECEYT/vendor/laravel/framework/src/Illuminate/Database/Query/Builder.php(3117): Illuminate\\Database\\Query\\Builder->onceWithColumns()
#16 /var/www/SAAFCECEYT/vendor/laravel/framework/src/Illuminate/Database/Concerns/BuildsQueries.php(344): Illuminate\\Database\\Query\\Builder->get()
#17 /var/www/SAAFCECEYT/vendor/laravel/framework/src/Illuminate/Database/Query/Builder.php(3038): Illuminate\\Database\\Query\\Builder->first()
#18 /var/www/SAAFCECEYT/vendor/laravel/framework/src/Illuminate/Session/DatabaseSessionHandler.php(97): Illuminate\\Database\\Query\\Builder->find()
#19 /var/www/SAAFCECEYT/vendor/laravel/framework/src/Illuminate/Session/Store.php(113): Illuminate\\Session\\DatabaseSessionHandler->read()
#20 /var/www/SAAFCECEYT/vendor/laravel/framework/src/Illuminate/Session/Store.php(101): Illuminate\\Session\\Store->readFromHandler()
#21 /var/www/SAAFCECEYT/vendor/laravel/framework/src/Illuminate/Session/Store.php(85): Illuminate\\Session\\Store->loadSession()
#22 /var/www/SAAFCECEYT/vendor/laravel/framework/src/Illuminate/Session/Middleware/StartSession.php(147): Illuminate\\Session\\Store->start()
#23 /var/www/SAAFCECEYT/vendor/laravel/framework/src/Illuminate/Support/helpers.php(393): Illuminate\\Session\\Middleware\\StartSession->Illuminate\\Session\\Middleware\\{closure}()
#24 /var/www/SAAFCECEYT/vendor/laravel/framework/src/Illuminate/Session/Middleware/StartSession.php(144): tap()
#25 /var/www/SAAFCECEYT/vendor/laravel/framework/src/Illuminate/Session/Middleware/StartSession.php(116): Illuminate\\Session\\Middleware\\StartSession->startSession()
#26 /var/www/SAAFCECEYT/vendor/laravel/framework/src/Illuminate/Session/Middleware/StartSession.php(64): Illuminate\\Session\\Middleware\\StartSession->handleStatefulRequest()
#27 /var/www/SAAFCECEYT/vendor/laravel/framework/src/Illuminate/Pipeline/Pipeline.php(183): Illuminate\\Session\\Middleware\\StartSession->handle()
#28 /var/www/SAAFCECEYT/vendor/laravel/framework/src/Illuminate/Cookie/Middleware/AddQueuedCookiesToResponse.php(37): Illuminate\\Pipeline\\Pipeline->Illuminate\\Pipeline\\{closure}()
#29 /var/www/SAAFCECEYT/vendor/laravel/framework/src/Illuminate/Pipeline/Pipeline.php(183): Illuminate\\Cookie\\Middleware\\AddQueuedCookiesToResponse->handle()
#30 /var/www/SAAFCECEYT/vendor/laravel/framework/src/Illuminate/Cookie/Middleware/EncryptCookies.php(75): Illuminate\\Pipeline\\Pipeline->Illuminate\\Pipeline\\{closure}()
#31 /var/www/SAAFCECEYT/vendor/laravel/framework/src/Illuminate/Pipeline/Pipeline.php(183): Illuminate\\Cookie\\Middleware\\EncryptCookies->handle()
#32 /var/www/SAAFCECEYT/vendor/laravel/framework/src/Illuminate/Pipeline/Pipeline.php(119): Illuminate\\Pipeline\\Pipeline->Illuminate\\Pipeline\\{closure}()
#33 /var/www/SAAFCECEYT/vendor/laravel/framework/src/Illuminate/Routing/Router.php(807): Illuminate\\Pipeline\\Pipeline->then()
#34 /var/www/SAAFCECEYT/vendor/laravel/framework/src/Illuminate/Routing/Router.php(786): Illuminate\\Routing\\Router->runRouteWithinStack()
#35 /var/www/SAAFCECEYT/vendor/laravel/framework/src/Illuminate/Routing/Router.php(750): Illuminate\\Routing\\Router->runRoute()
#36 /var/www/SAAFCECEYT/vendor/laravel/framework/src/Illuminate/Routing/Router.php(739): Illuminate\\Routing\\Router->dispatchToRoute()
#37 /var/www/SAAFCECEYT/vendor/laravel/framework/src/Illuminate/Foundation/Http/Kernel.php(201): Illuminate\\Routing\\Router->dispatch()
#38 /var/www/SAAFCECEYT/vendor/laravel/framework/src/Illuminate/Pipeline/Pipeline.php(144): Illuminate\\Foundation\\Http\\Kernel->Illuminate\\Foundation\\Http\\{closure}()
#39 /var/www/SAAFCECEYT/vendor/laravel/framework/src/Illuminate/Foundation/Http/Middleware/TransformsRequest.php(21): Illuminate\\Pipeline\\Pipeline->Illuminate\\Pipeline\\{closure}()
#40 /var/www/SAAFCECEYT/vendor/laravel/framework/src/Illuminate/Foundation/Http/Middleware/ConvertEmptyStringsToNull.php(31): Illuminate\\Foundation\\Http\\Middleware\\TransformsRequest->handle()
#41 /var/www/SAAFCECEYT/vendor/laravel/framework/src/Illuminate/Pipeline/Pipeline.php(183): Illuminate\\Foundation\\Http\\Middleware\\ConvertEmptyStringsToNull->handle()
#42 /var/www/SAAFCECEYT/vendor/laravel/framework/src/Illuminate/Foundation/Http/Middleware/TransformsRequest.php(21): Illuminate\\Pipeline\\Pipeline->Illuminate\\Pipeline\\{closure}()
#43 /var/www/SAAFCECEYT/vendor/laravel/framework/src/Illuminate/Foundation/Http/Middleware/TrimStrings.php(51): Illuminate\\Foundation\\Http\\Middleware\\TransformsRequest->handle()
#44 /var/www/SAAFCECEYT/vendor/laravel/framework/src/Illuminate/Pipeline/Pipeline.php(183): Illuminate\\Foundation\\Http\\Middleware\\TrimStrings->handle()
#45 /var/www/SAAFCECEYT/vendor/laravel/framework/src/Illuminate/Http/Middleware/ValidatePostSize.php(27): Illuminate\\Pipeline\\Pipeline->Illuminate\\Pipeline\\{closure}()
#46 /var/www/SAAFCECEYT/vendor/laravel/framework/src/Illuminate/Pipeline/Pipeline.php(183): Illuminate\\Http\\Middleware\\ValidatePostSize->handle()
#47 /var/www/SAAFCECEYT/vendor/laravel/framework/src/Illuminate/Foundation/Http/Middleware/PreventRequestsDuringMaintenance.php(110): Illuminate\\Pipeline\\Pipeline->Illuminate\\Pipeline\\{closure}()
#48 /var/www/SAAFCECEYT/vendor/laravel/framework/src/Illuminate/Pipeline/Pipeline.php(183): Illuminate\\Foundation\\Http\\Middleware\\PreventRequestsDuringMaintenance->handle()
#49 /var/www/SAAFCECEYT/vendor/laravel/framework/src/Illuminate/Http/Middleware/HandleCors.php(49): Illuminate\\Pipeline\\Pipeline->Illuminate\\Pipeline\\{closure}()
#50 /var/www/SAAFCECEYT/vendor/laravel/framework/src/Illuminate/Pipeline/Pipeline.php(183): Illuminate\\Http\\Middleware\\HandleCors->handle()
#51 /var/www/SAAFCECEYT/vendor/laravel/framework/src/Illuminate/Http/Middleware/TrustProxies.php(58): Illuminate\\Pipeline\\Pipeline->Illuminate\\Pipeline\\{closure}()
#52 /var/www/SAAFCECEYT/vendor/laravel/framework/src/Illuminate/Pipeline/Pipeline.php(183): Illuminate\\Http\\Middleware\\TrustProxies->handle()
#53 /var/www/SAAFCECEYT/vendor/laravel/framework/src/Illuminate/Foundation/Http/Middleware/InvokeDeferredCallbacks.php(22): Illuminate\\Pipeline\\Pipeline->Illuminate\\Pipeline\\{closure}()
#54 /var/www/SAAFCECEYT/vendor/laravel/framework/src/Illuminate/Pipeline/Pipeline.php(183): Illuminate\\Foundation\\Http\\Middleware\\InvokeDeferredCallbacks->handle()
#55 /var/www/SAAFCECEYT/vendor/laravel/framework/src/Illuminate/Pipeline/Pipeline.php(119): Illuminate\\Pipeline\\Pipeline->Illuminate\\Pipeline\\{closure}()
#56 /var/www/SAAFCECEYT/vendor/laravel/framework/src/Illuminate/Foundation/Http/Kernel.php(176): Illuminate\\Pipeline\\Pipeline->then()
#57 /var/www/SAAFCECEYT/vendor/laravel/framework/src/Illuminate/Foundation/Http/Kernel.php(145): Illuminate\\Foundation\\Http\\Kernel->sendRequestThroughRouter()
#58 /var/www/SAAFCECEYT/vendor/laravel/framework/src/Illuminate/Foundation/Application.php(1190): Illuminate\\Foundation\\Http\\Kernel->handle()
#59 /var/www/SAAFCECEYT/public/index.php(17): Illuminate\\Foundation\\Application->handleRequest()
#60 {main}
"} 
[2025-08-23 18:32:37] local.ERROR: SQLSTATE[HY000] [1045] Access denied for user 'root'@'localhost' (using password: NO) (Connection: mysql, SQL: select * from `sessions` where `id` = V3I9rx7mUSLLuwIKv0SWgWEoVuEXiaS4xQ62zhAw limit 1) {"exception":"[object] (Illuminate\\Database\\QueryException(code: 1045): SQLSTATE[HY000] [1045] Access denied for user 'root'@'localhost' (using password: NO) (Connection: mysql, SQL: select * from `sessions` where `id` = V3I9rx7mUSLLuwIKv0SWgWEoVuEXiaS4xQ62zhAw limit 1) at /var/www/SAAFCECEYT/vendor/laravel/framework/src/Illuminate/Database/Connection.php:825)
[stacktrace]
#0 /var/www/SAAFCECEYT/vendor/laravel/framework/src/Illuminate/Database/Connection.php(779): Illuminate\\Database\\Connection->runQueryCallback()
#1 /var/www/SAAFCECEYT/vendor/laravel/framework/src/Illuminate/Database/Connection.php(398): Illuminate\\Database\\Connection->run()
#2 /var/www/SAAFCECEYT/vendor/laravel/framework/src/Illuminate/Database/Query/Builder.php(3133): Illuminate\\Database\\Connection->select()
#3 /var/www/SAAFCECEYT/vendor/laravel/framework/src/Illuminate/Database/Query/Builder.php(3118): Illuminate\\Database\\Query\\Builder->runSelect()
#4 /var/www/SAAFCECEYT/vendor/laravel/framework/src/Illuminate/Database/Query/Builder.php(3706): Illuminate\\Database\\Query\\Builder->Illuminate\\Database\\Query\\{closure}()
#5 /var/www/SAAFCECEYT/vendor/laravel/framework/src/Illuminate/Database/Query/Builder.php(3117): Illuminate\\Database\\Query\\Builder->onceWithColumns()
#6 /var/www/SAAFCECEYT/vendor/laravel/framework/src/Illuminate/Database/Concerns/BuildsQueries.php(344): Illuminate\\Database\\Query\\Builder->get()
#7 /var/www/SAAFCECEYT/vendor/laravel/framework/src/Illuminate/Database/Query/Builder.php(3038): Illuminate\\Database\\Query\\Builder->first()
#8 /var/www/SAAFCECEYT/vendor/laravel/framework/src/Illuminate/Session/DatabaseSessionHandler.php(97): Illuminate\\Database\\Query\\Builder->find()
#9 /var/www/SAAFCECEYT/vendor/laravel/framework/src/Illuminate/Session/Store.php(113): Illuminate\\Session\\DatabaseSessionHandler->read()
#10 /var/www/SAAFCECEYT/vendor/laravel/framework/src/Illuminate/Session/Store.php(101): Illuminate\\Session\\Store->readFromHandler()
#11 /var/www/SAAFCECEYT/vendor/laravel/framework/src/Illuminate/Session/Store.php(85): Illuminate\\Session\\Store->loadSession()
#12 /var/www/SAAFCECEYT/vendor/laravel/framework/src/Illuminate/Session/Middleware/StartSession.php(147): Illuminate\\Session\\Store->start()
#13 /var/www/SAAFCECEYT/vendor/laravel/framework/src/Illuminate/Support/helpers.php(393): Illuminate\\Session\\Middleware\\StartSession->Illuminate\\Session\\Middleware\\{closure}()
#14 /var/www/SAAFCECEYT/vendor/laravel/framework/src/Illuminate/Session/Middleware/StartSession.php(144): tap()
#15 /var/www/SAAFCECEYT/vendor/laravel/framework/src/Illuminate/Session/Middleware/StartSession.php(116): Illuminate\\Session\\Middleware\\StartSession->startSession()
#16 /var/www/SAAFCECEYT/vendor/laravel/framework/src/Illuminate/Session/Middleware/StartSession.php(64): Illuminate\\Session\\Middleware\\StartSession->handleStatefulRequest()
#17 /var/www/SAAFCECEYT/vendor/laravel/framework/src/Illuminate/Pipeline/Pipeline.php(183): Illuminate\\Session\\Middleware\\StartSession->handle()
#18 /var/www/SAAFCECEYT/vendor/laravel/framework/src/Illuminate/Cookie/Middleware/AddQueuedCookiesToResponse.php(37): Illuminate\\Pipeline\\Pipeline->Illuminate\\Pipeline\\{closure}()
#19 /var/www/SAAFCECEYT/vendor/laravel/framework/src/Illuminate/Pipeline/Pipeline.php(183): Illuminate\\Cookie\\Middleware\\AddQueuedCookiesToResponse->handle()
#20 /var/www/SAAFCECEYT/vendor/laravel/framework/src/Illuminate/Cookie/Middleware/EncryptCookies.php(75): Illuminate\\Pipeline\\Pipeline->Illuminate\\Pipeline\\{closure}()
#21 /var/www/SAAFCECEYT/vendor/laravel/framework/src/Illuminate/Pipeline/Pipeline.php(183): Illuminate\\Cookie\\Middleware\\EncryptCookies->handle()
#22 /var/www/SAAFCECEYT/vendor/laravel/framework/src/Illuminate/Pipeline/Pipeline.php(119): Illuminate\\Pipeline\\Pipeline->Illuminate\\Pipeline\\{closure}()
#23 /var/www/SAAFCECEYT/vendor/laravel/framework/src/Illuminate/Routing/Router.php(807): Illuminate\\Pipeline\\Pipeline->then()
#24 /var/www/SAAFCECEYT/vendor/laravel/framework/src/Illuminate/Routing/Router.php(786): Illuminate\\Routing\\Router->runRouteWithinStack()
#25 /var/www/SAAFCECEYT/vendor/laravel/framework/src/Illuminate/Routing/Router.php(750): Illuminate\\Routing\\Router->runRoute()
#26 /var/www/SAAFCECEYT/vendor/laravel/framework/src/Illuminate/Routing/Router.php(739): Illuminate\\Routing\\Router->dispatchToRoute()
#27 /var/www/SAAFCECEYT/vendor/laravel/framework/src/Illuminate/Foundation/Http/Kernel.php(201): Illuminate\\Routing\\Router->dispatch()
#28 /var/www/SAAFCECEYT/vendor/laravel/framework/src/Illuminate/Pipeline/Pipeline.php(144): Illuminate\\Foundation\\Http\\Kernel->Illuminate\\Foundation\\Http\\{closure}()
#29 /var/www/SAAFCECEYT/vendor/laravel/framework/src/Illuminate/Foundation/Http/Middleware/TransformsRequest.php(21): Illuminate\\Pipeline\\Pipeline->Illuminate\\Pipeline\\{closure}()
#30 /var/www/SAAFCECEYT/vendor/laravel/framework/src/Illuminate/Foundation/Http/Middleware/ConvertEmptyStringsToNull.php(31): Illuminate\\Foundation\\Http\\Middleware\\TransformsRequest->handle()
#31 /var/www/SAAFCECEYT/vendor/laravel/framework/src/Illuminate/Pipeline/Pipeline.php(183): Illuminate\\Foundation\\Http\\Middleware\\ConvertEmptyStringsToNull->handle()
#32 /var/www/SAAFCECEYT/vendor/laravel/framework/src/Illuminate/Foundation/Http/Middleware/TransformsRequest.php(21): Illuminate\\Pipeline\\Pipeline->Illuminate\\Pipeline\\{closure}()
#33 /var/www/SAAFCECEYT/vendor/laravel/framework/src/Illuminate/Foundation/Http/Middleware/TrimStrings.php(51): Illuminate\\Foundation\\Http\\Middleware\\TransformsRequest->handle()
#34 /var/www/SAAFCECEYT/vendor/laravel/framework/src/Illuminate/Pipeline/Pipeline.php(183): Illuminate\\Foundation\\Http\\Middleware\\TrimStrings->handle()
#35 /var/www/SAAFCECEYT/vendor/laravel/framework/src/Illuminate/Http/Middleware/ValidatePostSize.php(27): Illuminate\\Pipeline\\Pipeline->Illuminate\\Pipeline\\{closure}()
#36 /var/www/SAAFCECEYT/vendor/laravel/framework/src/Illuminate/Pipeline/Pipeline.php(183): Illuminate\\Http\\Middleware\\ValidatePostSize->handle()
#37 /var/www/SAAFCECEYT/vendor/laravel/framework/src/Illuminate/Foundation/Http/Middleware/PreventRequestsDuringMaintenance.php(110): Illuminate\\Pipeline\\Pipeline->Illuminate\\Pipeline\\{closure}()
#38 /var/www/SAAFCECEYT/vendor/laravel/framework/src/Illuminate/Pipeline/Pipeline.php(183): Illuminate\\Foundation\\Http\\Middleware\\PreventRequestsDuringMaintenance->handle()
#39 /var/www/SAAFCECEYT/vendor/laravel/framework/src/Illuminate/Http/Middleware/HandleCors.php(49): Illuminate\\Pipeline\\Pipeline->Illuminate\\Pipeline\\{closure}()
#40 /var/www/SAAFCECEYT/vendor/laravel/framework/src/Illuminate/Pipeline/Pipeline.php(183): Illuminate\\Http\\Middleware\\HandleCors->handle()
#41 /var/www/SAAFCECEYT/vendor/laravel/framework/src/Illuminate/Http/Middleware/TrustProxies.php(58): Illuminate\\Pipeline\\Pipeline->Illuminate\\Pipeline\\{closure}()
#42 /var/www/SAAFCECEYT/vendor/laravel/framework/src/Illuminate/Pipeline/Pipeline.php(183): Illuminate\\Http\\Middleware\\TrustProxies->handle()
#43 /var/www/SAAFCECEYT/vendor/laravel/framework/src/Illuminate/Foundation/Http/Middleware/InvokeDeferredCallbacks.php(22): Illuminate\\Pipeline\\Pipeline->Illuminate\\Pipeline\\{closure}()
#44 /var/www/SAAFCECEYT/vendor/laravel/framework/src/Illuminate/Pipeline/Pipeline.php(183): Illuminate\\Foundation\\Http\\Middleware\\InvokeDeferredCallbacks->handle()
#45 /var/www/SAAFCECEYT/vendor/laravel/framework/src/Illuminate/Pipeline/Pipeline.php(119): Illuminate\\Pipeline\\Pipeline->Illuminate\\Pipeline\\{closure}()
#46 /var/www/SAAFCECEYT/vendor/laravel/framework/src/Illuminate/Foundation/Http/Kernel.php(176): Illuminate\\Pipeline\\Pipeline->then()
#47 /var/www/SAAFCECEYT/vendor/laravel/framework/src/Illuminate/Foundation/Http/Kernel.php(145): Illuminate\\Foundation\\Http\\Kernel->sendRequestThroughRouter()
#48 /var/www/SAAFCECEYT/vendor/laravel/framework/src/Illuminate/Foundation/Application.php(1190): Illuminate\\Foundation\\Http\\Kernel->handle()
#49 /var/www/SAAFCECEYT/public/index.php(17): Illuminate\\Foundation\\Application->handleRequest()
#50 {main}

[previous exception] [object] (PDOException(code: 1045): SQLSTATE[HY000] [1045] Access denied for user 'root'@'localhost' (using password: NO) at /var/www/SAAFCECEYT/vendor/laravel/framework/src/Illuminate/Database/Connectors/Connector.php:66)
[stacktrace]
#0 /var/www/SAAFCECEYT/vendor/laravel/framework/src/Illuminate/Database/Connectors/Connector.php(66): PDO->__construct()
#1 /var/www/SAAFCECEYT/vendor/laravel/framework/src/Illuminate/Database/Connectors/Connector.php(44): Illuminate\\Database\\Connectors\\Connector->createPdoConnection()
#2 /var/www/SAAFCECEYT/vendor/laravel/framework/src/Illuminate/Database/Connectors/MySqlConnector.php(24): Illuminate\\Database\\Connectors\\Connector->createConnection()
#3 /var/www/SAAFCECEYT/vendor/laravel/framework/src/Illuminate/Database/Connectors/ConnectionFactory.php(185): Illuminate\\Database\\Connectors\\MySqlConnector->connect()
#4 [internal function]: Illuminate\\Database\\Connectors\\ConnectionFactory->Illuminate\\Database\\Connectors\\{closure}()
#5 /var/www/SAAFCECEYT/vendor/laravel/framework/src/Illuminate/Database/Connection.php(1231): call_user_func()
#6 /var/www/SAAFCECEYT/vendor/laravel/framework/src/Illuminate/Database/Connection.php(1267): Illuminate\\Database\\Connection->getPdo()
#7 /var/www/SAAFCECEYT/vendor/laravel/framework/src/Illuminate/Database/Connection.php(512): Illuminate\\Database\\Connection->getReadPdo()
#8 /var/www/SAAFCECEYT/vendor/laravel/framework/src/Illuminate/Database/Connection.php(407): Illuminate\\Database\\Connection->getPdoForSelect()
#9 /var/www/SAAFCECEYT/vendor/laravel/framework/src/Illuminate/Database/Connection.php(812): Illuminate\\Database\\Connection->Illuminate\\Database\\{closure}()
#10 /var/www/SAAFCECEYT/vendor/laravel/framework/src/Illuminate/Database/Connection.php(779): Illuminate\\Database\\Connection->runQueryCallback()
#11 /var/www/SAAFCECEYT/vendor/laravel/framework/src/Illuminate/Database/Connection.php(398): Illuminate\\Database\\Connection->run()
#12 /var/www/SAAFCECEYT/vendor/laravel/framework/src/Illuminate/Database/Query/Builder.php(3133): Illuminate\\Database\\Connection->select()
#13 /var/www/SAAFCECEYT/vendor/laravel/framework/src/Illuminate/Database/Query/Builder.php(3118): Illuminate\\Database\\Query\\Builder->runSelect()
#14 /var/www/SAAFCECEYT/vendor/laravel/framework/src/Illuminate/Database/Query/Builder.php(3706): Illuminate\\Database\\Query\\Builder->Illuminate\\Database\\Query\\{closure}()
#15 /var/www/SAAFCECEYT/vendor/laravel/framework/src/Illuminate/Database/Query/Builder.php(3117): Illuminate\\Database\\Query\\Builder->onceWithColumns()
#16 /var/www/SAAFCECEYT/vendor/laravel/framework/src/Illuminate/Database/Concerns/BuildsQueries.php(344): Illuminate\\Database\\Query\\Builder->get()
#17 /var/www/SAAFCECEYT/vendor/laravel/framework/src/Illuminate/Database/Query/Builder.php(3038): Illuminate\\Database\\Query\\Builder->first()
#18 /var/www/SAAFCECEYT/vendor/laravel/framework/src/Illuminate/Session/DatabaseSessionHandler.php(97): Illuminate\\Database\\Query\\Builder->find()
#19 /var/www/SAAFCECEYT/vendor/laravel/framework/src/Illuminate/Session/Store.php(113): Illuminate\\Session\\DatabaseSessionHandler->read()
#20 /var/www/SAAFCECEYT/vendor/laravel/framework/src/Illuminate/Session/Store.php(101): Illuminate\\Session\\Store->readFromHandler()
#21 /var/www/SAAFCECEYT/vendor/laravel/framework/src/Illuminate/Session/Store.php(85): Illuminate\\Session\\Store->loadSession()
#22 /var/www/SAAFCECEYT/vendor/laravel/framework/src/Illuminate/Session/Middleware/StartSession.php(147): Illuminate\\Session\\Store->start()
#23 /var/www/SAAFCECEYT/vendor/laravel/framework/src/Illuminate/Support/helpers.php(393): Illuminate\\Session\\Middleware\\StartSession->Illuminate\\Session\\Middleware\\{closure}()
#24 /var/www/SAAFCECEYT/vendor/laravel/framework/src/Illuminate/Session/Middleware/StartSession.php(144): tap()
#25 /var/www/SAAFCECEYT/vendor/laravel/framework/src/Illuminate/Session/Middleware/StartSession.php(116): Illuminate\\Session\\Middleware\\StartSession->startSession()
#26 /var/www/SAAFCECEYT/vendor/laravel/framework/src/Illuminate/Session/Middleware/StartSession.php(64): Illuminate\\Session\\Middleware\\StartSession->handleStatefulRequest()
#27 /var/www/SAAFCECEYT/vendor/laravel/framework/src/Illuminate/Pipeline/Pipeline.php(183): Illuminate\\Session\\Middleware\\StartSession->handle()
#28 /var/www/SAAFCECEYT/vendor/laravel/framework/src/Illuminate/Cookie/Middleware/AddQueuedCookiesToResponse.php(37): Illuminate\\Pipeline\\Pipeline->Illuminate\\Pipeline\\{closure}()
#29 /var/www/SAAFCECEYT/vendor/laravel/framework/src/Illuminate/Pipeline/Pipeline.php(183): Illuminate\\Cookie\\Middleware\\AddQueuedCookiesToResponse->handle()
#30 /var/www/SAAFCECEYT/vendor/laravel/framework/src/Illuminate/Cookie/Middleware/EncryptCookies.php(75): Illuminate\\Pipeline\\Pipeline->Illuminate\\Pipeline\\{closure}()
#31 /var/www/SAAFCECEYT/vendor/laravel/framework/src/Illuminate/Pipeline/Pipeline.php(183): Illuminate\\Cookie\\Middleware\\EncryptCookies->handle()
#32 /var/www/SAAFCECEYT/vendor/laravel/framework/src/Illuminate/Pipeline/Pipeline.php(119): Illuminate\\Pipeline\\Pipeline->Illuminate\\Pipeline\\{closure}()
#33 /var/www/SAAFCECEYT/vendor/laravel/framework/src/Illuminate/Routing/Router.php(807): Illuminate\\Pipeline\\Pipeline->then()
#34 /var/www/SAAFCECEYT/vendor/laravel/framework/src/Illuminate/Routing/Router.php(786): Illuminate\\Routing\\Router->runRouteWithinStack()
#35 /var/www/SAAFCECEYT/vendor/laravel/framework/src/Illuminate/Routing/Router.php(750): Illuminate\\Routing\\Router->runRoute()
#36 /var/www/SAAFCECEYT/vendor/laravel/framework/src/Illuminate/Routing/Router.php(739): Illuminate\\Routing\\Router->dispatchToRoute()
#37 /var/www/SAAFCECEYT/vendor/laravel/framework/src/Illuminate/Foundation/Http/Kernel.php(201): Illuminate\\Routing\\Router->dispatch()
#38 /var/www/SAAFCECEYT/vendor/laravel/framework/src/Illuminate/Pipeline/Pipeline.php(144): Illuminate\\Foundation\\Http\\Kernel->Illuminate\\Foundation\\Http\\{closure}()
#39 /var/www/SAAFCECEYT/vendor/laravel/framework/src/Illuminate/Foundation/Http/Middleware/TransformsRequest.php(21): Illuminate\\Pipeline\\Pipeline->Illuminate\\Pipeline\\{closure}()
#40 /var/www/SAAFCECEYT/vendor/laravel/framework/src/Illuminate/Foundation/Http/Middleware/ConvertEmptyStringsToNull.php(31): Illuminate\\Foundation\\Http\\Middleware\\TransformsRequest->handle()
#41 /var/www/SAAFCECEYT/vendor/laravel/framework/src/Illuminate/Pipeline/Pipeline.php(183): Illuminate\\Foundation\\Http\\Middleware\\ConvertEmptyStringsToNull->handle()
#42 /var/www/SAAFCECEYT/vendor/laravel/framework/src/Illuminate/Foundation/Http/Middleware/TransformsRequest.php(21): Illuminate\\Pipeline\\Pipeline->Illuminate\\Pipeline\\{closure}()
#43 /var/www/SAAFCECEYT/vendor/laravel/framework/src/Illuminate/Foundation/Http/Middleware/TrimStrings.php(51): Illuminate\\Foundation\\Http\\Middleware\\TransformsRequest->handle()
#44 /var/www/SAAFCECEYT/vendor/laravel/framework/src/Illuminate/Pipeline/Pipeline.php(183): Illuminate\\Foundation\\Http\\Middleware\\TrimStrings->handle()
#45 /var/www/SAAFCECEYT/vendor/laravel/framework/src/Illuminate/Http/Middleware/ValidatePostSize.php(27): Illuminate\\Pipeline\\Pipeline->Illuminate\\Pipeline\\{closure}()
#46 /var/www/SAAFCECEYT/vendor/laravel/framework/src/Illuminate/Pipeline/Pipeline.php(183): Illuminate\\Http\\Middleware\\ValidatePostSize->handle()
#47 /var/www/SAAFCECEYT/vendor/laravel/framework/src/Illuminate/Foundation/Http/Middleware/PreventRequestsDuringMaintenance.php(110): Illuminate\\Pipeline\\Pipeline->Illuminate\\Pipeline\\{closure}()
#48 /var/www/SAAFCECEYT/vendor/laravel/framework/src/Illuminate/Pipeline/Pipeline.php(183): Illuminate\\Foundation\\Http\\Middleware\\PreventRequestsDuringMaintenance->handle()
#49 /var/www/SAAFCECEYT/vendor/laravel/framework/src/Illuminate/Http/Middleware/HandleCors.php(49): Illuminate\\Pipeline\\Pipeline->Illuminate\\Pipeline\\{closure}()
#50 /var/www/SAAFCECEYT/vendor/laravel/framework/src/Illuminate/Pipeline/Pipeline.php(183): Illuminate\\Http\\Middleware\\HandleCors->handle()
#51 /var/www/SAAFCECEYT/vendor/laravel/framework/src/Illuminate/Http/Middleware/TrustProxies.php(58): Illuminate\\Pipeline\\Pipeline->Illuminate\\Pipeline\\{closure}()
#52 /var/www/SAAFCECEYT/vendor/laravel/framework/src/Illuminate/Pipeline/Pipeline.php(183): Illuminate\\Http\\Middleware\\TrustProxies->handle()
#53 /var/www/SAAFCECEYT/vendor/laravel/framework/src/Illuminate/Foundation/Http/Middleware/InvokeDeferredCallbacks.php(22): Illuminate\\Pipeline\\Pipeline->Illuminate\\Pipeline\\{closure}()
#54 /var/www/SAAFCECEYT/vendor/laravel/framework/src/Illuminate/Pipeline/Pipeline.php(183): Illuminate\\Foundation\\Http\\Middleware\\InvokeDeferredCallbacks->handle()
#55 /var/www/SAAFCECEYT/vendor/laravel/framework/src/Illuminate/Pipeline/Pipeline.php(119): Illuminate\\Pipeline\\Pipeline->Illuminate\\Pipeline\\{closure}()
#56 /var/www/SAAFCECEYT/vendor/laravel/framework/src/Illuminate/Foundation/Http/Kernel.php(176): Illuminate\\Pipeline\\Pipeline->then()
#57 /var/www/SAAFCECEYT/vendor/laravel/framework/src/Illuminate/Foundation/Http/Kernel.php(145): Illuminate\\Foundation\\Http\\Kernel->sendRequestThroughRouter()
#58 /var/www/SAAFCECEYT/vendor/laravel/framework/src/Illuminate/Foundation/Application.php(1190): Illuminate\\Foundation\\Http\\Kernel->handle()
#59 /var/www/SAAFCECEYT/public/index.php(17): Illuminate\\Foundation\\Application->handleRequest()
#60 {main}
"} 
[2025-08-23 18:33:20] local.ERROR: SQLSTATE[HY000] [1045] Access denied for user 'root'@'localhost' (using password: NO) (Connection: mysql, SQL: select * from `sessions` where `id` = xbcJd3fLKWU7W9mWVJSdmZOu5GIk9ezH9Sss6abJ limit 1) {"exception":"[object] (Illuminate\\Database\\QueryException(code: 1045): SQLSTATE[HY000] [1045] Access denied for user 'root'@'localhost' (using password: NO) (Connection: mysql, SQL: select * from `sessions` where `id` = xbcJd3fLKWU7W9mWVJSdmZOu5GIk9ezH9Sss6abJ limit 1) at /var/www/SAAFCECEYT/vendor/laravel/framework/src/Illuminate/Database/Connection.php:825)
[stacktrace]
#0 /var/www/SAAFCECEYT/vendor/laravel/framework/src/Illuminate/Database/Connection.php(779): Illuminate\\Database\\Connection->runQueryCallback()
#1 /var/www/SAAFCECEYT/vendor/laravel/framework/src/Illuminate/Database/Connection.php(398): Illuminate\\Database\\Connection->run()
#2 /var/www/SAAFCECEYT/vendor/laravel/framework/src/Illuminate/Database/Query/Builder.php(3133): Illuminate\\Database\\Connection->select()
#3 /var/www/SAAFCECEYT/vendor/laravel/framework/src/Illuminate/Database/Query/Builder.php(3118): Illuminate\\Database\\Query\\Builder->runSelect()
#4 /var/www/SAAFCECEYT/vendor/laravel/framework/src/Illuminate/Database/Query/Builder.php(3706): Illuminate\\Database\\Query\\Builder->Illuminate\\Database\\Query\\{closure}()
#5 /var/www/SAAFCECEYT/vendor/laravel/framework/src/Illuminate/Database/Query/Builder.php(3117): Illuminate\\Database\\Query\\Builder->onceWithColumns()
#6 /var/www/SAAFCECEYT/vendor/laravel/framework/src/Illuminate/Database/Concerns/BuildsQueries.php(344): Illuminate\\Database\\Query\\Builder->get()
#7 /var/www/SAAFCECEYT/vendor/laravel/framework/src/Illuminate/Database/Query/Builder.php(3038): Illuminate\\Database\\Query\\Builder->first()
#8 /var/www/SAAFCECEYT/vendor/laravel/framework/src/Illuminate/Session/DatabaseSessionHandler.php(97): Illuminate\\Database\\Query\\Builder->find()
#9 /var/www/SAAFCECEYT/vendor/laravel/framework/src/Illuminate/Session/Store.php(113): Illuminate\\Session\\DatabaseSessionHandler->read()
#10 /var/www/SAAFCECEYT/vendor/laravel/framework/src/Illuminate/Session/Store.php(101): Illuminate\\Session\\Store->readFromHandler()
#11 /var/www/SAAFCECEYT/vendor/laravel/framework/src/Illuminate/Session/Store.php(85): Illuminate\\Session\\Store->loadSession()
#12 /var/www/SAAFCECEYT/vendor/laravel/framework/src/Illuminate/Session/Middleware/StartSession.php(147): Illuminate\\Session\\Store->start()
#13 /var/www/SAAFCECEYT/vendor/laravel/framework/src/Illuminate/Support/helpers.php(393): Illuminate\\Session\\Middleware\\StartSession->Illuminate\\Session\\Middleware\\{closure}()
#14 /var/www/SAAFCECEYT/vendor/laravel/framework/src/Illuminate/Session/Middleware/StartSession.php(144): tap()
#15 /var/www/SAAFCECEYT/vendor/laravel/framework/src/Illuminate/Session/Middleware/StartSession.php(116): Illuminate\\Session\\Middleware\\StartSession->startSession()
#16 /var/www/SAAFCECEYT/vendor/laravel/framework/src/Illuminate/Session/Middleware/StartSession.php(64): Illuminate\\Session\\Middleware\\StartSession->handleStatefulRequest()
#17 /var/www/SAAFCECEYT/vendor/laravel/framework/src/Illuminate/Pipeline/Pipeline.php(183): Illuminate\\Session\\Middleware\\StartSession->handle()
#18 /var/www/SAAFCECEYT/vendor/laravel/framework/src/Illuminate/Cookie/Middleware/AddQueuedCookiesToResponse.php(37): Illuminate\\Pipeline\\Pipeline->Illuminate\\Pipeline\\{closure}()
#19 /var/www/SAAFCECEYT/vendor/laravel/framework/src/Illuminate/Pipeline/Pipeline.php(183): Illuminate\\Cookie\\Middleware\\AddQueuedCookiesToResponse->handle()
#20 /var/www/SAAFCECEYT/vendor/laravel/framework/src/Illuminate/Cookie/Middleware/EncryptCookies.php(75): Illuminate\\Pipeline\\Pipeline->Illuminate\\Pipeline\\{closure}()
#21 /var/www/SAAFCECEYT/vendor/laravel/framework/src/Illuminate/Pipeline/Pipeline.php(183): Illuminate\\Cookie\\Middleware\\EncryptCookies->handle()
#22 /var/www/SAAFCECEYT/vendor/laravel/framework/src/Illuminate/Pipeline/Pipeline.php(119): Illuminate\\Pipeline\\Pipeline->Illuminate\\Pipeline\\{closure}()
#23 /var/www/SAAFCECEYT/vendor/laravel/framework/src/Illuminate/Routing/Router.php(807): Illuminate\\Pipeline\\Pipeline->then()
#24 /var/www/SAAFCECEYT/vendor/laravel/framework/src/Illuminate/Routing/Router.php(786): Illuminate\\Routing\\Router->runRouteWithinStack()
#25 /var/www/SAAFCECEYT/vendor/laravel/framework/src/Illuminate/Routing/Router.php(750): Illuminate\\Routing\\Router->runRoute()
#26 /var/www/SAAFCECEYT/vendor/laravel/framework/src/Illuminate/Routing/Router.php(739): Illuminate\\Routing\\Router->dispatchToRoute()
#27 /var/www/SAAFCECEYT/vendor/laravel/framework/src/Illuminate/Foundation/Http/Kernel.php(201): Illuminate\\Routing\\Router->dispatch()
#28 /var/www/SAAFCECEYT/vendor/laravel/framework/src/Illuminate/Pipeline/Pipeline.php(144): Illuminate\\Foundation\\Http\\Kernel->Illuminate\\Foundation\\Http\\{closure}()
#29 /var/www/SAAFCECEYT/vendor/laravel/framework/src/Illuminate/Foundation/Http/Middleware/TransformsRequest.php(21): Illuminate\\Pipeline\\Pipeline->Illuminate\\Pipeline\\{closure}()
#30 /var/www/SAAFCECEYT/vendor/laravel/framework/src/Illuminate/Foundation/Http/Middleware/ConvertEmptyStringsToNull.php(31): Illuminate\\Foundation\\Http\\Middleware\\TransformsRequest->handle()
#31 /var/www/SAAFCECEYT/vendor/laravel/framework/src/Illuminate/Pipeline/Pipeline.php(183): Illuminate\\Foundation\\Http\\Middleware\\ConvertEmptyStringsToNull->handle()
#32 /var/www/SAAFCECEYT/vendor/laravel/framework/src/Illuminate/Foundation/Http/Middleware/TransformsRequest.php(21): Illuminate\\Pipeline\\Pipeline->Illuminate\\Pipeline\\{closure}()
#33 /var/www/SAAFCECEYT/vendor/laravel/framework/src/Illuminate/Foundation/Http/Middleware/TrimStrings.php(51): Illuminate\\Foundation\\Http\\Middleware\\TransformsRequest->handle()
#34 /var/www/SAAFCECEYT/vendor/laravel/framework/src/Illuminate/Pipeline/Pipeline.php(183): Illuminate\\Foundation\\Http\\Middleware\\TrimStrings->handle()
#35 /var/www/SAAFCECEYT/vendor/laravel/framework/src/Illuminate/Http/Middleware/ValidatePostSize.php(27): Illuminate\\Pipeline\\Pipeline->Illuminate\\Pipeline\\{closure}()
#36 /var/www/SAAFCECEYT/vendor/laravel/framework/src/Illuminate/Pipeline/Pipeline.php(183): Illuminate\\Http\\Middleware\\ValidatePostSize->handle()
#37 /var/www/SAAFCECEYT/vendor/laravel/framework/src/Illuminate/Foundation/Http/Middleware/PreventRequestsDuringMaintenance.php(110): Illuminate\\Pipeline\\Pipeline->Illuminate\\Pipeline\\{closure}()
#38 /var/www/SAAFCECEYT/vendor/laravel/framework/src/Illuminate/Pipeline/Pipeline.php(183): Illuminate\\Foundation\\Http\\Middleware\\PreventRequestsDuringMaintenance->handle()
#39 /var/www/SAAFCECEYT/vendor/laravel/framework/src/Illuminate/Http/Middleware/HandleCors.php(49): Illuminate\\Pipeline\\Pipeline->Illuminate\\Pipeline\\{closure}()
#40 /var/www/SAAFCECEYT/vendor/laravel/framework/src/Illuminate/Pipeline/Pipeline.php(183): Illuminate\\Http\\Middleware\\HandleCors->handle()
#41 /var/www/SAAFCECEYT/vendor/laravel/framework/src/Illuminate/Http/Middleware/TrustProxies.php(58): Illuminate\\Pipeline\\Pipeline->Illuminate\\Pipeline\\{closure}()
#42 /var/www/SAAFCECEYT/vendor/laravel/framework/src/Illuminate/Pipeline/Pipeline.php(183): Illuminate\\Http\\Middleware\\TrustProxies->handle()
#43 /var/www/SAAFCECEYT/vendor/laravel/framework/src/Illuminate/Foundation/Http/Middleware/InvokeDeferredCallbacks.php(22): Illuminate\\Pipeline\\Pipeline->Illuminate\\Pipeline\\{closure}()
#44 /var/www/SAAFCECEYT/vendor/laravel/framework/src/Illuminate/Pipeline/Pipeline.php(183): Illuminate\\Foundation\\Http\\Middleware\\InvokeDeferredCallbacks->handle()
#45 /var/www/SAAFCECEYT/vendor/laravel/framework/src/Illuminate/Pipeline/Pipeline.php(119): Illuminate\\Pipeline\\Pipeline->Illuminate\\Pipeline\\{closure}()
#46 /var/www/SAAFCECEYT/vendor/laravel/framework/src/Illuminate/Foundation/Http/Kernel.php(176): Illuminate\\Pipeline\\Pipeline->then()
#47 /var/www/SAAFCECEYT/vendor/laravel/framework/src/Illuminate/Foundation/Http/Kernel.php(145): Illuminate\\Foundation\\Http\\Kernel->sendRequestThroughRouter()
#48 /var/www/SAAFCECEYT/vendor/laravel/framework/src/Illuminate/Foundation/Application.php(1190): Illuminate\\Foundation\\Http\\Kernel->handle()
#49 /var/www/SAAFCECEYT/public/index.php(17): Illuminate\\Foundation\\Application->handleRequest()
#50 {main}

[previous exception] [object] (PDOException(code: 1045): SQLSTATE[HY000] [1045] Access denied for user 'root'@'localhost' (using password: NO) at /var/www/SAAFCECEYT/vendor/laravel/framework/src/Illuminate/Database/Connectors/Connector.php:66)
[stacktrace]
#0 /var/www/SAAFCECEYT/vendor/laravel/framework/src/Illuminate/Database/Connectors/Connector.php(66): PDO->__construct()
#1 /var/www/SAAFCECEYT/vendor/laravel/framework/src/Illuminate/Database/Connectors/Connector.php(44): Illuminate\\Database\\Connectors\\Connector->createPdoConnection()
#2 /var/www/SAAFCECEYT/vendor/laravel/framework/src/Illuminate/Database/Connectors/MySqlConnector.php(24): Illuminate\\Database\\Connectors\\Connector->createConnection()
#3 /var/www/SAAFCECEYT/vendor/laravel/framework/src/Illuminate/Database/Connectors/ConnectionFactory.php(185): Illuminate\\Database\\Connectors\\MySqlConnector->connect()
#4 [internal function]: Illuminate\\Database\\Connectors\\ConnectionFactory->Illuminate\\Database\\Connectors\\{closure}()
#5 /var/www/SAAFCECEYT/vendor/laravel/framework/src/Illuminate/Database/Connection.php(1231): call_user_func()
#6 /var/www/SAAFCECEYT/vendor/laravel/framework/src/Illuminate/Database/Connection.php(1267): Illuminate\\Database\\Connection->getPdo()
#7 /var/www/SAAFCECEYT/vendor/laravel/framework/src/Illuminate/Database/Connection.php(512): Illuminate\\Database\\Connection->getReadPdo()
#8 /var/www/SAAFCECEYT/vendor/laravel/framework/src/Illuminate/Database/Connection.php(407): Illuminate\\Database\\Connection->getPdoForSelect()
#9 /var/www/SAAFCECEYT/vendor/laravel/framework/src/Illuminate/Database/Connection.php(812): Illuminate\\Database\\Connection->Illuminate\\Database\\{closure}()
#10 /var/www/SAAFCECEYT/vendor/laravel/framework/src/Illuminate/Database/Connection.php(779): Illuminate\\Database\\Connection->runQueryCallback()
#11 /var/www/SAAFCECEYT/vendor/laravel/framework/src/Illuminate/Database/Connection.php(398): Illuminate\\Database\\Connection->run()
#12 /var/www/SAAFCECEYT/vendor/laravel/framework/src/Illuminate/Database/Query/Builder.php(3133): Illuminate\\Database\\Connection->select()
#13 /var/www/SAAFCECEYT/vendor/laravel/framework/src/Illuminate/Database/Query/Builder.php(3118): Illuminate\\Database\\Query\\Builder->runSelect()
#14 /var/www/SAAFCECEYT/vendor/laravel/framework/src/Illuminate/Database/Query/Builder.php(3706): Illuminate\\Database\\Query\\Builder->Illuminate\\Database\\Query\\{closure}()
#15 /var/www/SAAFCECEYT/vendor/laravel/framework/src/Illuminate/Database/Query/Builder.php(3117): Illuminate\\Database\\Query\\Builder->onceWithColumns()
#16 /var/www/SAAFCECEYT/vendor/laravel/framework/src/Illuminate/Database/Concerns/BuildsQueries.php(344): Illuminate\\Database\\Query\\Builder->get()
#17 /var/www/SAAFCECEYT/vendor/laravel/framework/src/Illuminate/Database/Query/Builder.php(3038): Illuminate\\Database\\Query\\Builder->first()
#18 /var/www/SAAFCECEYT/vendor/laravel/framework/src/Illuminate/Session/DatabaseSessionHandler.php(97): Illuminate\\Database\\Query\\Builder->find()
#19 /var/www/SAAFCECEYT/vendor/laravel/framework/src/Illuminate/Session/Store.php(113): Illuminate\\Session\\DatabaseSessionHandler->read()
#20 /var/www/SAAFCECEYT/vendor/laravel/framework/src/Illuminate/Session/Store.php(101): Illuminate\\Session\\Store->readFromHandler()
#21 /var/www/SAAFCECEYT/vendor/laravel/framework/src/Illuminate/Session/Store.php(85): Illuminate\\Session\\Store->loadSession()
#22 /var/www/SAAFCECEYT/vendor/laravel/framework/src/Illuminate/Session/Middleware/StartSession.php(147): Illuminate\\Session\\Store->start()
#23 /var/www/SAAFCECEYT/vendor/laravel/framework/src/Illuminate/Support/helpers.php(393): Illuminate\\Session\\Middleware\\StartSession->Illuminate\\Session\\Middleware\\{closure}()
#24 /var/www/SAAFCECEYT/vendor/laravel/framework/src/Illuminate/Session/Middleware/StartSession.php(144): tap()
#25 /var/www/SAAFCECEYT/vendor/laravel/framework/src/Illuminate/Session/Middleware/StartSession.php(116): Illuminate\\Session\\Middleware\\StartSession->startSession()
#26 /var/www/SAAFCECEYT/vendor/laravel/framework/src/Illuminate/Session/Middleware/StartSession.php(64): Illuminate\\Session\\Middleware\\StartSession->handleStatefulRequest()
#27 /var/www/SAAFCECEYT/vendor/laravel/framework/src/Illuminate/Pipeline/Pipeline.php(183): Illuminate\\Session\\Middleware\\StartSession->handle()
#28 /var/www/SAAFCECEYT/vendor/laravel/framework/src/Illuminate/Cookie/Middleware/AddQueuedCookiesToResponse.php(37): Illuminate\\Pipeline\\Pipeline->Illuminate\\Pipeline\\{closure}()
#29 /var/www/SAAFCECEYT/vendor/laravel/framework/src/Illuminate/Pipeline/Pipeline.php(183): Illuminate\\Cookie\\Middleware\\AddQueuedCookiesToResponse->handle()
#30 /var/www/SAAFCECEYT/vendor/laravel/framework/src/Illuminate/Cookie/Middleware/EncryptCookies.php(75): Illuminate\\Pipeline\\Pipeline->Illuminate\\Pipeline\\{closure}()
#31 /var/www/SAAFCECEYT/vendor/laravel/framework/src/Illuminate/Pipeline/Pipeline.php(183): Illuminate\\Cookie\\Middleware\\EncryptCookies->handle()
#32 /var/www/SAAFCECEYT/vendor/laravel/framework/src/Illuminate/Pipeline/Pipeline.php(119): Illuminate\\Pipeline\\Pipeline->Illuminate\\Pipeline\\{closure}()
#33 /var/www/SAAFCECEYT/vendor/laravel/framework/src/Illuminate/Routing/Router.php(807): Illuminate\\Pipeline\\Pipeline->then()
#34 /var/www/SAAFCECEYT/vendor/laravel/framework/src/Illuminate/Routing/Router.php(786): Illuminate\\Routing\\Router->runRouteWithinStack()
#35 /var/www/SAAFCECEYT/vendor/laravel/framework/src/Illuminate/Routing/Router.php(750): Illuminate\\Routing\\Router->runRoute()
#36 /var/www/SAAFCECEYT/vendor/laravel/framework/src/Illuminate/Routing/Router.php(739): Illuminate\\Routing\\Router->dispatchToRoute()
#37 /var/www/SAAFCECEYT/vendor/laravel/framework/src/Illuminate/Foundation/Http/Kernel.php(201): Illuminate\\Routing\\Router->dispatch()
#38 /var/www/SAAFCECEYT/vendor/laravel/framework/src/Illuminate/Pipeline/Pipeline.php(144): Illuminate\\Foundation\\Http\\Kernel->Illuminate\\Foundation\\Http\\{closure}()
#39 /var/www/SAAFCECEYT/vendor/laravel/framework/src/Illuminate/Foundation/Http/Middleware/TransformsRequest.php(21): Illuminate\\Pipeline\\Pipeline->Illuminate\\Pipeline\\{closure}()
#40 /var/www/SAAFCECEYT/vendor/laravel/framework/src/Illuminate/Foundation/Http/Middleware/ConvertEmptyStringsToNull.php(31): Illuminate\\Foundation\\Http\\Middleware\\TransformsRequest->handle()
#41 /var/www/SAAFCECEYT/vendor/laravel/framework/src/Illuminate/Pipeline/Pipeline.php(183): Illuminate\\Foundation\\Http\\Middleware\\ConvertEmptyStringsToNull->handle()
#42 /var/www/SAAFCECEYT/vendor/laravel/framework/src/Illuminate/Foundation/Http/Middleware/TransformsRequest.php(21): Illuminate\\Pipeline\\Pipeline->Illuminate\\Pipeline\\{closure}()
#43 /var/www/SAAFCECEYT/vendor/laravel/framework/src/Illuminate/Foundation/Http/Middleware/TrimStrings.php(51): Illuminate\\Foundation\\Http\\Middleware\\TransformsRequest->handle()
#44 /var/www/SAAFCECEYT/vendor/laravel/framework/src/Illuminate/Pipeline/Pipeline.php(183): Illuminate\\Foundation\\Http\\Middleware\\TrimStrings->handle()
#45 /var/www/SAAFCECEYT/vendor/laravel/framework/src/Illuminate/Http/Middleware/ValidatePostSize.php(27): Illuminate\\Pipeline\\Pipeline->Illuminate\\Pipeline\\{closure}()
#46 /var/www/SAAFCECEYT/vendor/laravel/framework/src/Illuminate/Pipeline/Pipeline.php(183): Illuminate\\Http\\Middleware\\ValidatePostSize->handle()
#47 /var/www/SAAFCECEYT/vendor/laravel/framework/src/Illuminate/Foundation/Http/Middleware/PreventRequestsDuringMaintenance.php(110): Illuminate\\Pipeline\\Pipeline->Illuminate\\Pipeline\\{closure}()
#48 /var/www/SAAFCECEYT/vendor/laravel/framework/src/Illuminate/Pipeline/Pipeline.php(183): Illuminate\\Foundation\\Http\\Middleware\\PreventRequestsDuringMaintenance->handle()
#49 /var/www/SAAFCECEYT/vendor/laravel/framework/src/Illuminate/Http/Middleware/HandleCors.php(49): Illuminate\\Pipeline\\Pipeline->Illuminate\\Pipeline\\{closure}()
#50 /var/www/SAAFCECEYT/vendor/laravel/framework/src/Illuminate/Pipeline/Pipeline.php(183): Illuminate\\Http\\Middleware\\HandleCors->handle()
#51 /var/www/SAAFCECEYT/vendor/laravel/framework/src/Illuminate/Http/Middleware/TrustProxies.php(58): Illuminate\\Pipeline\\Pipeline->Illuminate\\Pipeline\\{closure}()
#52 /var/www/SAAFCECEYT/vendor/laravel/framework/src/Illuminate/Pipeline/Pipeline.php(183): Illuminate\\Http\\Middleware\\TrustProxies->handle()
#53 /var/www/SAAFCECEYT/vendor/laravel/framework/src/Illuminate/Foundation/Http/Middleware/InvokeDeferredCallbacks.php(22): Illuminate\\Pipeline\\Pipeline->Illuminate\\Pipeline\\{closure}()
#54 /var/www/SAAFCECEYT/vendor/laravel/framework/src/Illuminate/Pipeline/Pipeline.php(183): Illuminate\\Foundation\\Http\\Middleware\\InvokeDeferredCallbacks->handle()
#55 /var/www/SAAFCECEYT/vendor/laravel/framework/src/Illuminate/Pipeline/Pipeline.php(119): Illuminate\\Pipeline\\Pipeline->Illuminate\\Pipeline\\{closure}()
#56 /var/www/SAAFCECEYT/vendor/laravel/framework/src/Illuminate/Foundation/Http/Kernel.php(176): Illuminate\\Pipeline\\Pipeline->then()
#57 /var/www/SAAFCECEYT/vendor/laravel/framework/src/Illuminate/Foundation/Http/Kernel.php(145): Illuminate\\Foundation\\Http\\Kernel->sendRequestThroughRouter()
#58 /var/www/SAAFCECEYT/vendor/laravel/framework/src/Illuminate/Foundation/Application.php(1190): Illuminate\\Foundation\\Http\\Kernel->handle()
#59 /var/www/SAAFCECEYT/public/index.php(17): Illuminate\\Foundation\\Application->handleRequest()
#60 {main}
"} 
[2025-08-23 18:38:12] local.ERROR: SQLSTATE[HY000] [1045] Access denied for user 'root'@'localhost' (using password: NO) (Connection: mysql, SQL: select * from `sessions` where `id` = SRO9gKCCU33DOZ1Xzge1gJcZjanocmL0VguOe7dI limit 1) {"exception":"[object] (Illuminate\\Database\\QueryException(code: 1045): SQLSTATE[HY000] [1045] Access denied for user 'root'@'localhost' (using password: NO) (Connection: mysql, SQL: select * from `sessions` where `id` = SRO9gKCCU33DOZ1Xzge1gJcZjanocmL0VguOe7dI limit 1) at /var/www/SAAFCECEYT/vendor/laravel/framework/src/Illuminate/Database/Connection.php:825)
[stacktrace]
#0 /var/www/SAAFCECEYT/vendor/laravel/framework/src/Illuminate/Database/Connection.php(779): Illuminate\\Database\\Connection->runQueryCallback()
#1 /var/www/SAAFCECEYT/vendor/laravel/framework/src/Illuminate/Database/Connection.php(398): Illuminate\\Database\\Connection->run()
#2 /var/www/SAAFCECEYT/vendor/laravel/framework/src/Illuminate/Database/Query/Builder.php(3133): Illuminate\\Database\\Connection->select()
#3 /var/www/SAAFCECEYT/vendor/laravel/framework/src/Illuminate/Database/Query/Builder.php(3118): Illuminate\\Database\\Query\\Builder->runSelect()
#4 /var/www/SAAFCECEYT/vendor/laravel/framework/src/Illuminate/Database/Query/Builder.php(3706): Illuminate\\Database\\Query\\Builder->Illuminate\\Database\\Query\\{closure}()
#5 /var/www/SAAFCECEYT/vendor/laravel/framework/src/Illuminate/Database/Query/Builder.php(3117): Illuminate\\Database\\Query\\Builder->onceWithColumns()
#6 /var/www/SAAFCECEYT/vendor/laravel/framework/src/Illuminate/Database/Concerns/BuildsQueries.php(344): Illuminate\\Database\\Query\\Builder->get()
#7 /var/www/SAAFCECEYT/vendor/laravel/framework/src/Illuminate/Database/Query/Builder.php(3038): Illuminate\\Database\\Query\\Builder->first()
#8 /var/www/SAAFCECEYT/vendor/laravel/framework/src/Illuminate/Session/DatabaseSessionHandler.php(97): Illuminate\\Database\\Query\\Builder->find()
#9 /var/www/SAAFCECEYT/vendor/laravel/framework/src/Illuminate/Session/Store.php(113): Illuminate\\Session\\DatabaseSessionHandler->read()
#10 /var/www/SAAFCECEYT/vendor/laravel/framework/src/Illuminate/Session/Store.php(101): Illuminate\\Session\\Store->readFromHandler()
#11 /var/www/SAAFCECEYT/vendor/laravel/framework/src/Illuminate/Session/Store.php(85): Illuminate\\Session\\Store->loadSession()
#12 /var/www/SAAFCECEYT/vendor/laravel/framework/src/Illuminate/Session/Middleware/StartSession.php(147): Illuminate\\Session\\Store->start()
#13 /var/www/SAAFCECEYT/vendor/laravel/framework/src/Illuminate/Support/helpers.php(393): Illuminate\\Session\\Middleware\\StartSession->Illuminate\\Session\\Middleware\\{closure}()
#14 /var/www/SAAFCECEYT/vendor/laravel/framework/src/Illuminate/Session/Middleware/StartSession.php(144): tap()
#15 /var/www/SAAFCECEYT/vendor/laravel/framework/src/Illuminate/Session/Middleware/StartSession.php(116): Illuminate\\Session\\Middleware\\StartSession->startSession()
#16 /var/www/SAAFCECEYT/vendor/laravel/framework/src/Illuminate/Session/Middleware/StartSession.php(64): Illuminate\\Session\\Middleware\\StartSession->handleStatefulRequest()
#17 /var/www/SAAFCECEYT/vendor/laravel/framework/src/Illuminate/Pipeline/Pipeline.php(183): Illuminate\\Session\\Middleware\\StartSession->handle()
#18 /var/www/SAAFCECEYT/vendor/laravel/framework/src/Illuminate/Cookie/Middleware/AddQueuedCookiesToResponse.php(37): Illuminate\\Pipeline\\Pipeline->Illuminate\\Pipeline\\{closure}()
#19 /var/www/SAAFCECEYT/vendor/laravel/framework/src/Illuminate/Pipeline/Pipeline.php(183): Illuminate\\Cookie\\Middleware\\AddQueuedCookiesToResponse->handle()
#20 /var/www/SAAFCECEYT/vendor/laravel/framework/src/Illuminate/Cookie/Middleware/EncryptCookies.php(75): Illuminate\\Pipeline\\Pipeline->Illuminate\\Pipeline\\{closure}()
#21 /var/www/SAAFCECEYT/vendor/laravel/framework/src/Illuminate/Pipeline/Pipeline.php(183): Illuminate\\Cookie\\Middleware\\EncryptCookies->handle()
#22 /var/www/SAAFCECEYT/vendor/laravel/framework/src/Illuminate/Pipeline/Pipeline.php(119): Illuminate\\Pipeline\\Pipeline->Illuminate\\Pipeline\\{closure}()
#23 /var/www/SAAFCECEYT/vendor/laravel/framework/src/Illuminate/Routing/Router.php(807): Illuminate\\Pipeline\\Pipeline->then()
#24 /var/www/SAAFCECEYT/vendor/laravel/framework/src/Illuminate/Routing/Router.php(786): Illuminate\\Routing\\Router->runRouteWithinStack()
#25 /var/www/SAAFCECEYT/vendor/laravel/framework/src/Illuminate/Routing/Router.php(750): Illuminate\\Routing\\Router->runRoute()
#26 /var/www/SAAFCECEYT/vendor/laravel/framework/src/Illuminate/Routing/Router.php(739): Illuminate\\Routing\\Router->dispatchToRoute()
#27 /var/www/SAAFCECEYT/vendor/laravel/framework/src/Illuminate/Foundation/Http/Kernel.php(201): Illuminate\\Routing\\Router->dispatch()
#28 /var/www/SAAFCECEYT/vendor/laravel/framework/src/Illuminate/Pipeline/Pipeline.php(144): Illuminate\\Foundation\\Http\\Kernel->Illuminate\\Foundation\\Http\\{closure}()
#29 /var/www/SAAFCECEYT/vendor/laravel/framework/src/Illuminate/Foundation/Http/Middleware/TransformsRequest.php(21): Illuminate\\Pipeline\\Pipeline->Illuminate\\Pipeline\\{closure}()
#30 /var/www/SAAFCECEYT/vendor/laravel/framework/src/Illuminate/Foundation/Http/Middleware/ConvertEmptyStringsToNull.php(31): Illuminate\\Foundation\\Http\\Middleware\\TransformsRequest->handle()
#31 /var/www/SAAFCECEYT/vendor/laravel/framework/src/Illuminate/Pipeline/Pipeline.php(183): Illuminate\\Foundation\\Http\\Middleware\\ConvertEmptyStringsToNull->handle()
#32 /var/www/SAAFCECEYT/vendor/laravel/framework/src/Illuminate/Foundation/Http/Middleware/TransformsRequest.php(21): Illuminate\\Pipeline\\Pipeline->Illuminate\\Pipeline\\{closure}()
#33 /var/www/SAAFCECEYT/vendor/laravel/framework/src/Illuminate/Foundation/Http/Middleware/TrimStrings.php(51): Illuminate\\Foundation\\Http\\Middleware\\TransformsRequest->handle()
#34 /var/www/SAAFCECEYT/vendor/laravel/framework/src/Illuminate/Pipeline/Pipeline.php(183): Illuminate\\Foundation\\Http\\Middleware\\TrimStrings->handle()
#35 /var/www/SAAFCECEYT/vendor/laravel/framework/src/Illuminate/Http/Middleware/ValidatePostSize.php(27): Illuminate\\Pipeline\\Pipeline->Illuminate\\Pipeline\\{closure}()
#36 /var/www/SAAFCECEYT/vendor/laravel/framework/src/Illuminate/Pipeline/Pipeline.php(183): Illuminate\\Http\\Middleware\\ValidatePostSize->handle()
#37 /var/www/SAAFCECEYT/vendor/laravel/framework/src/Illuminate/Foundation/Http/Middleware/PreventRequestsDuringMaintenance.php(110): Illuminate\\Pipeline\\Pipeline->Illuminate\\Pipeline\\{closure}()
#38 /var/www/SAAFCECEYT/vendor/laravel/framework/src/Illuminate/Pipeline/Pipeline.php(183): Illuminate\\Foundation\\Http\\Middleware\\PreventRequestsDuringMaintenance->handle()
#39 /var/www/SAAFCECEYT/vendor/laravel/framework/src/Illuminate/Http/Middleware/HandleCors.php(49): Illuminate\\Pipeline\\Pipeline->Illuminate\\Pipeline\\{closure}()
#40 /var/www/SAAFCECEYT/vendor/laravel/framework/src/Illuminate/Pipeline/Pipeline.php(183): Illuminate\\Http\\Middleware\\HandleCors->handle()
#41 /var/www/SAAFCECEYT/vendor/laravel/framework/src/Illuminate/Http/Middleware/TrustProxies.php(58): Illuminate\\Pipeline\\Pipeline->Illuminate\\Pipeline\\{closure}()
#42 /var/www/SAAFCECEYT/vendor/laravel/framework/src/Illuminate/Pipeline/Pipeline.php(183): Illuminate\\Http\\Middleware\\TrustProxies->handle()
#43 /var/www/SAAFCECEYT/vendor/laravel/framework/src/Illuminate/Foundation/Http/Middleware/InvokeDeferredCallbacks.php(22): Illuminate\\Pipeline\\Pipeline->Illuminate\\Pipeline\\{closure}()
#44 /var/www/SAAFCECEYT/vendor/laravel/framework/src/Illuminate/Pipeline/Pipeline.php(183): Illuminate\\Foundation\\Http\\Middleware\\InvokeDeferredCallbacks->handle()
#45 /var/www/SAAFCECEYT/vendor/laravel/framework/src/Illuminate/Pipeline/Pipeline.php(119): Illuminate\\Pipeline\\Pipeline->Illuminate\\Pipeline\\{closure}()
#46 /var/www/SAAFCECEYT/vendor/laravel/framework/src/Illuminate/Foundation/Http/Kernel.php(176): Illuminate\\Pipeline\\Pipeline->then()
#47 /var/www/SAAFCECEYT/vendor/laravel/framework/src/Illuminate/Foundation/Http/Kernel.php(145): Illuminate\\Foundation\\Http\\Kernel->sendRequestThroughRouter()
#48 /var/www/SAAFCECEYT/vendor/laravel/framework/src/Illuminate/Foundation/Application.php(1190): Illuminate\\Foundation\\Http\\Kernel->handle()
#49 /var/www/SAAFCECEYT/public/index.php(17): Illuminate\\Foundation\\Application->handleRequest()
#50 {main}

[previous exception] [object] (PDOException(code: 1045): SQLSTATE[HY000] [1045] Access denied for user 'root'@'localhost' (using password: NO) at /var/www/SAAFCECEYT/vendor/laravel/framework/src/Illuminate/Database/Connectors/Connector.php:66)
[stacktrace]
#0 /var/www/SAAFCECEYT/vendor/laravel/framework/src/Illuminate/Database/Connectors/Connector.php(66): PDO->__construct()
#1 /var/www/SAAFCECEYT/vendor/laravel/framework/src/Illuminate/Database/Connectors/Connector.php(44): Illuminate\\Database\\Connectors\\Connector->createPdoConnection()
#2 /var/www/SAAFCECEYT/vendor/laravel/framework/src/Illuminate/Database/Connectors/MySqlConnector.php(24): Illuminate\\Database\\Connectors\\Connector->createConnection()
#3 /var/www/SAAFCECEYT/vendor/laravel/framework/src/Illuminate/Database/Connectors/ConnectionFactory.php(185): Illuminate\\Database\\Connectors\\MySqlConnector->connect()
#4 [internal function]: Illuminate\\Database\\Connectors\\ConnectionFactory->Illuminate\\Database\\Connectors\\{closure}()
#5 /var/www/SAAFCECEYT/vendor/laravel/framework/src/Illuminate/Database/Connection.php(1231): call_user_func()
#6 /var/www/SAAFCECEYT/vendor/laravel/framework/src/Illuminate/Database/Connection.php(1267): Illuminate\\Database\\Connection->getPdo()
#7 /var/www/SAAFCECEYT/vendor/laravel/framework/src/Illuminate/Database/Connection.php(512): Illuminate\\Database\\Connection->getReadPdo()
#8 /var/www/SAAFCECEYT/vendor/laravel/framework/src/Illuminate/Database/Connection.php(407): Illuminate\\Database\\Connection->getPdoForSelect()
#9 /var/www/SAAFCECEYT/vendor/laravel/framework/src/Illuminate/Database/Connection.php(812): Illuminate\\Database\\Connection->Illuminate\\Database\\{closure}()
#10 /var/www/SAAFCECEYT/vendor/laravel/framework/src/Illuminate/Database/Connection.php(779): Illuminate\\Database\\Connection->runQueryCallback()
#11 /var/www/SAAFCECEYT/vendor/laravel/framework/src/Illuminate/Database/Connection.php(398): Illuminate\\Database\\Connection->run()
#12 /var/www/SAAFCECEYT/vendor/laravel/framework/src/Illuminate/Database/Query/Builder.php(3133): Illuminate\\Database\\Connection->select()
#13 /var/www/SAAFCECEYT/vendor/laravel/framework/src/Illuminate/Database/Query/Builder.php(3118): Illuminate\\Database\\Query\\Builder->runSelect()
#14 /var/www/SAAFCECEYT/vendor/laravel/framework/src/Illuminate/Database/Query/Builder.php(3706): Illuminate\\Database\\Query\\Builder->Illuminate\\Database\\Query\\{closure}()
#15 /var/www/SAAFCECEYT/vendor/laravel/framework/src/Illuminate/Database/Query/Builder.php(3117): Illuminate\\Database\\Query\\Builder->onceWithColumns()
#16 /var/www/SAAFCECEYT/vendor/laravel/framework/src/Illuminate/Database/Concerns/BuildsQueries.php(344): Illuminate\\Database\\Query\\Builder->get()
#17 /var/www/SAAFCECEYT/vendor/laravel/framework/src/Illuminate/Database/Query/Builder.php(3038): Illuminate\\Database\\Query\\Builder->first()
#18 /var/www/SAAFCECEYT/vendor/laravel/framework/src/Illuminate/Session/DatabaseSessionHandler.php(97): Illuminate\\Database\\Query\\Builder->find()
#19 /var/www/SAAFCECEYT/vendor/laravel/framework/src/Illuminate/Session/Store.php(113): Illuminate\\Session\\DatabaseSessionHandler->read()
#20 /var/www/SAAFCECEYT/vendor/laravel/framework/src/Illuminate/Session/Store.php(101): Illuminate\\Session\\Store->readFromHandler()
#21 /var/www/SAAFCECEYT/vendor/laravel/framework/src/Illuminate/Session/Store.php(85): Illuminate\\Session\\Store->loadSession()
#22 /var/www/SAAFCECEYT/vendor/laravel/framework/src/Illuminate/Session/Middleware/StartSession.php(147): Illuminate\\Session\\Store->start()
#23 /var/www/SAAFCECEYT/vendor/laravel/framework/src/Illuminate/Support/helpers.php(393): Illuminate\\Session\\Middleware\\StartSession->Illuminate\\Session\\Middleware\\{closure}()
#24 /var/www/SAAFCECEYT/vendor/laravel/framework/src/Illuminate/Session/Middleware/StartSession.php(144): tap()
#25 /var/www/SAAFCECEYT/vendor/laravel/framework/src/Illuminate/Session/Middleware/StartSession.php(116): Illuminate\\Session\\Middleware\\StartSession->startSession()
#26 /var/www/SAAFCECEYT/vendor/laravel/framework/src/Illuminate/Session/Middleware/StartSession.php(64): Illuminate\\Session\\Middleware\\StartSession->handleStatefulRequest()
#27 /var/www/SAAFCECEYT/vendor/laravel/framework/src/Illuminate/Pipeline/Pipeline.php(183): Illuminate\\Session\\Middleware\\StartSession->handle()
#28 /var/www/SAAFCECEYT/vendor/laravel/framework/src/Illuminate/Cookie/Middleware/AddQueuedCookiesToResponse.php(37): Illuminate\\Pipeline\\Pipeline->Illuminate\\Pipeline\\{closure}()
#29 /var/www/SAAFCECEYT/vendor/laravel/framework/src/Illuminate/Pipeline/Pipeline.php(183): Illuminate\\Cookie\\Middleware\\AddQueuedCookiesToResponse->handle()
#30 /var/www/SAAFCECEYT/vendor/laravel/framework/src/Illuminate/Cookie/Middleware/EncryptCookies.php(75): Illuminate\\Pipeline\\Pipeline->Illuminate\\Pipeline\\{closure}()
#31 /var/www/SAAFCECEYT/vendor/laravel/framework/src/Illuminate/Pipeline/Pipeline.php(183): Illuminate\\Cookie\\Middleware\\EncryptCookies->handle()
#32 /var/www/SAAFCECEYT/vendor/laravel/framework/src/Illuminate/Pipeline/Pipeline.php(119): Illuminate\\Pipeline\\Pipeline->Illuminate\\Pipeline\\{closure}()
#33 /var/www/SAAFCECEYT/vendor/laravel/framework/src/Illuminate/Routing/Router.php(807): Illuminate\\Pipeline\\Pipeline->then()
#34 /var/www/SAAFCECEYT/vendor/laravel/framework/src/Illuminate/Routing/Router.php(786): Illuminate\\Routing\\Router->runRouteWithinStack()
#35 /var/www/SAAFCECEYT/vendor/laravel/framework/src/Illuminate/Routing/Router.php(750): Illuminate\\Routing\\Router->runRoute()
#36 /var/www/SAAFCECEYT/vendor/laravel/framework/src/Illuminate/Routing/Router.php(739): Illuminate\\Routing\\Router->dispatchToRoute()
#37 /var/www/SAAFCECEYT/vendor/laravel/framework/src/Illuminate/Foundation/Http/Kernel.php(201): Illuminate\\Routing\\Router->dispatch()
#38 /var/www/SAAFCECEYT/vendor/laravel/framework/src/Illuminate/Pipeline/Pipeline.php(144): Illuminate\\Foundation\\Http\\Kernel->Illuminate\\Foundation\\Http\\{closure}()
#39 /var/www/SAAFCECEYT/vendor/laravel/framework/src/Illuminate/Foundation/Http/Middleware/TransformsRequest.php(21): Illuminate\\Pipeline\\Pipeline->Illuminate\\Pipeline\\{closure}()
#40 /var/www/SAAFCECEYT/vendor/laravel/framework/src/Illuminate/Foundation/Http/Middleware/ConvertEmptyStringsToNull.php(31): Illuminate\\Foundation\\Http\\Middleware\\TransformsRequest->handle()
#41 /var/www/SAAFCECEYT/vendor/laravel/framework/src/Illuminate/Pipeline/Pipeline.php(183): Illuminate\\Foundation\\Http\\Middleware\\ConvertEmptyStringsToNull->handle()
#42 /var/www/SAAFCECEYT/vendor/laravel/framework/src/Illuminate/Foundation/Http/Middleware/TransformsRequest.php(21): Illuminate\\Pipeline\\Pipeline->Illuminate\\Pipeline\\{closure}()
#43 /var/www/SAAFCECEYT/vendor/laravel/framework/src/Illuminate/Foundation/Http/Middleware/TrimStrings.php(51): Illuminate\\Foundation\\Http\\Middleware\\TransformsRequest->handle()
#44 /var/www/SAAFCECEYT/vendor/laravel/framework/src/Illuminate/Pipeline/Pipeline.php(183): Illuminate\\Foundation\\Http\\Middleware\\TrimStrings->handle()
#45 /var/www/SAAFCECEYT/vendor/laravel/framework/src/Illuminate/Http/Middleware/ValidatePostSize.php(27): Illuminate\\Pipeline\\Pipeline->Illuminate\\Pipeline\\{closure}()
#46 /var/www/SAAFCECEYT/vendor/laravel/framework/src/Illuminate/Pipeline/Pipeline.php(183): Illuminate\\Http\\Middleware\\ValidatePostSize->handle()
#47 /var/www/SAAFCECEYT/vendor/laravel/framework/src/Illuminate/Foundation/Http/Middleware/PreventRequestsDuringMaintenance.php(110): Illuminate\\Pipeline\\Pipeline->Illuminate\\Pipeline\\{closure}()
#48 /var/www/SAAFCECEYT/vendor/laravel/framework/src/Illuminate/Pipeline/Pipeline.php(183): Illuminate\\Foundation\\Http\\Middleware\\PreventRequestsDuringMaintenance->handle()
#49 /var/www/SAAFCECEYT/vendor/laravel/framework/src/Illuminate/Http/Middleware/HandleCors.php(49): Illuminate\\Pipeline\\Pipeline->Illuminate\\Pipeline\\{closure}()
#50 /var/www/SAAFCECEYT/vendor/laravel/framework/src/Illuminate/Pipeline/Pipeline.php(183): Illuminate\\Http\\Middleware\\HandleCors->handle()
#51 /var/www/SAAFCECEYT/vendor/laravel/framework/src/Illuminate/Http/Middleware/TrustProxies.php(58): Illuminate\\Pipeline\\Pipeline->Illuminate\\Pipeline\\{closure}()
#52 /var/www/SAAFCECEYT/vendor/laravel/framework/src/Illuminate/Pipeline/Pipeline.php(183): Illuminate\\Http\\Middleware\\TrustProxies->handle()
#53 /var/www/SAAFCECEYT/vendor/laravel/framework/src/Illuminate/Foundation/Http/Middleware/InvokeDeferredCallbacks.php(22): Illuminate\\Pipeline\\Pipeline->Illuminate\\Pipeline\\{closure}()
#54 /var/www/SAAFCECEYT/vendor/laravel/framework/src/Illuminate/Pipeline/Pipeline.php(183): Illuminate\\Foundation\\Http\\Middleware\\InvokeDeferredCallbacks->handle()
#55 /var/www/SAAFCECEYT/vendor/laravel/framework/src/Illuminate/Pipeline/Pipeline.php(119): Illuminate\\Pipeline\\Pipeline->Illuminate\\Pipeline\\{closure}()
#56 /var/www/SAAFCECEYT/vendor/laravel/framework/src/Illuminate/Foundation/Http/Kernel.php(176): Illuminate\\Pipeline\\Pipeline->then()
#57 /var/www/SAAFCECEYT/vendor/laravel/framework/src/Illuminate/Foundation/Http/Kernel.php(145): Illuminate\\Foundation\\Http\\Kernel->sendRequestThroughRouter()
#58 /var/www/SAAFCECEYT/vendor/laravel/framework/src/Illuminate/Foundation/Application.php(1190): Illuminate\\Foundation\\Http\\Kernel->handle()
#59 /var/www/SAAFCECEYT/public/index.php(17): Illuminate\\Foundation\\Application->handleRequest()
#60 {main}
"} 
[2025-08-23 18:42:25] local.ERROR: SQLSTATE[HY000] [1045] Access denied for user 'root'@'localhost' (using password: NO) (Connection: mysql, SQL: select * from `sessions` where `id` = 3sYIhO54vejdo0envbRPwRuNZO21TBXc1M79UTeM limit 1) {"exception":"[object] (Illuminate\\Database\\QueryException(code: 1045): SQLSTATE[HY000] [1045] Access denied for user 'root'@'localhost' (using password: NO) (Connection: mysql, SQL: select * from `sessions` where `id` = 3sYIhO54vejdo0envbRPwRuNZO21TBXc1M79UTeM limit 1) at /var/www/SAAFCECEYT/vendor/laravel/framework/src/Illuminate/Database/Connection.php:825)
[stacktrace]
#0 /var/www/SAAFCECEYT/vendor/laravel/framework/src/Illuminate/Database/Connection.php(779): Illuminate\\Database\\Connection->runQueryCallback()
#1 /var/www/SAAFCECEYT/vendor/laravel/framework/src/Illuminate/Database/Connection.php(398): Illuminate\\Database\\Connection->run()
#2 /var/www/SAAFCECEYT/vendor/laravel/framework/src/Illuminate/Database/Query/Builder.php(3133): Illuminate\\Database\\Connection->select()
#3 /var/www/SAAFCECEYT/vendor/laravel/framework/src/Illuminate/Database/Query/Builder.php(3118): Illuminate\\Database\\Query\\Builder->runSelect()
#4 /var/www/SAAFCECEYT/vendor/laravel/framework/src/Illuminate/Database/Query/Builder.php(3706): Illuminate\\Database\\Query\\Builder->Illuminate\\Database\\Query\\{closure}()
#5 /var/www/SAAFCECEYT/vendor/laravel/framework/src/Illuminate/Database/Query/Builder.php(3117): Illuminate\\Database\\Query\\Builder->onceWithColumns()
#6 /var/www/SAAFCECEYT/vendor/laravel/framework/src/Illuminate/Database/Concerns/BuildsQueries.php(344): Illuminate\\Database\\Query\\Builder->get()
#7 /var/www/SAAFCECEYT/vendor/laravel/framework/src/Illuminate/Database/Query/Builder.php(3038): Illuminate\\Database\\Query\\Builder->first()
#8 /var/www/SAAFCECEYT/vendor/laravel/framework/src/Illuminate/Session/DatabaseSessionHandler.php(97): Illuminate\\Database\\Query\\Builder->find()
#9 /var/www/SAAFCECEYT/vendor/laravel/framework/src/Illuminate/Session/Store.php(113): Illuminate\\Session\\DatabaseSessionHandler->read()
#10 /var/www/SAAFCECEYT/vendor/laravel/framework/src/Illuminate/Session/Store.php(101): Illuminate\\Session\\Store->readFromHandler()
#11 /var/www/SAAFCECEYT/vendor/laravel/framework/src/Illuminate/Session/Store.php(85): Illuminate\\Session\\Store->loadSession()
#12 /var/www/SAAFCECEYT/vendor/laravel/framework/src/Illuminate/Session/Middleware/StartSession.php(147): Illuminate\\Session\\Store->start()
#13 /var/www/SAAFCECEYT/vendor/laravel/framework/src/Illuminate/Support/helpers.php(393): Illuminate\\Session\\Middleware\\StartSession->Illuminate\\Session\\Middleware\\{closure}()
#14 /var/www/SAAFCECEYT/vendor/laravel/framework/src/Illuminate/Session/Middleware/StartSession.php(144): tap()
#15 /var/www/SAAFCECEYT/vendor/laravel/framework/src/Illuminate/Session/Middleware/StartSession.php(116): Illuminate\\Session\\Middleware\\StartSession->startSession()
#16 /var/www/SAAFCECEYT/vendor/laravel/framework/src/Illuminate/Session/Middleware/StartSession.php(64): Illuminate\\Session\\Middleware\\StartSession->handleStatefulRequest()
#17 /var/www/SAAFCECEYT/vendor/laravel/framework/src/Illuminate/Pipeline/Pipeline.php(183): Illuminate\\Session\\Middleware\\StartSession->handle()
#18 /var/www/SAAFCECEYT/vendor/laravel/framework/src/Illuminate/Cookie/Middleware/AddQueuedCookiesToResponse.php(37): Illuminate\\Pipeline\\Pipeline->Illuminate\\Pipeline\\{closure}()
#19 /var/www/SAAFCECEYT/vendor/laravel/framework/src/Illuminate/Pipeline/Pipeline.php(183): Illuminate\\Cookie\\Middleware\\AddQueuedCookiesToResponse->handle()
#20 /var/www/SAAFCECEYT/vendor/laravel/framework/src/Illuminate/Cookie/Middleware/EncryptCookies.php(75): Illuminate\\Pipeline\\Pipeline->Illuminate\\Pipeline\\{closure}()
#21 /var/www/SAAFCECEYT/vendor/laravel/framework/src/Illuminate/Pipeline/Pipeline.php(183): Illuminate\\Cookie\\Middleware\\EncryptCookies->handle()
#22 /var/www/SAAFCECEYT/vendor/laravel/framework/src/Illuminate/Pipeline/Pipeline.php(119): Illuminate\\Pipeline\\Pipeline->Illuminate\\Pipeline\\{closure}()
#23 /var/www/SAAFCECEYT/vendor/laravel/framework/src/Illuminate/Routing/Router.php(807): Illuminate\\Pipeline\\Pipeline->then()
#24 /var/www/SAAFCECEYT/vendor/laravel/framework/src/Illuminate/Routing/Router.php(786): Illuminate\\Routing\\Router->runRouteWithinStack()
#25 /var/www/SAAFCECEYT/vendor/laravel/framework/src/Illuminate/Routing/Router.php(750): Illuminate\\Routing\\Router->runRoute()
#26 /var/www/SAAFCECEYT/vendor/laravel/framework/src/Illuminate/Routing/Router.php(739): Illuminate\\Routing\\Router->dispatchToRoute()
#27 /var/www/SAAFCECEYT/vendor/laravel/framework/src/Illuminate/Foundation/Http/Kernel.php(201): Illuminate\\Routing\\Router->dispatch()
#28 /var/www/SAAFCECEYT/vendor/laravel/framework/src/Illuminate/Pipeline/Pipeline.php(144): Illuminate\\Foundation\\Http\\Kernel->Illuminate\\Foundation\\Http\\{closure}()
#29 /var/www/SAAFCECEYT/vendor/laravel/framework/src/Illuminate/Foundation/Http/Middleware/TransformsRequest.php(21): Illuminate\\Pipeline\\Pipeline->Illuminate\\Pipeline\\{closure}()
#30 /var/www/SAAFCECEYT/vendor/laravel/framework/src/Illuminate/Foundation/Http/Middleware/ConvertEmptyStringsToNull.php(31): Illuminate\\Foundation\\Http\\Middleware\\TransformsRequest->handle()
#31 /var/www/SAAFCECEYT/vendor/laravel/framework/src/Illuminate/Pipeline/Pipeline.php(183): Illuminate\\Foundation\\Http\\Middleware\\ConvertEmptyStringsToNull->handle()
#32 /var/www/SAAFCECEYT/vendor/laravel/framework/src/Illuminate/Foundation/Http/Middleware/TransformsRequest.php(21): Illuminate\\Pipeline\\Pipeline->Illuminate\\Pipeline\\{closure}()
#33 /var/www/SAAFCECEYT/vendor/laravel/framework/src/Illuminate/Foundation/Http/Middleware/TrimStrings.php(51): Illuminate\\Foundation\\Http\\Middleware\\TransformsRequest->handle()
#34 /var/www/SAAFCECEYT/vendor/laravel/framework/src/Illuminate/Pipeline/Pipeline.php(183): Illuminate\\Foundation\\Http\\Middleware\\TrimStrings->handle()
#35 /var/www/SAAFCECEYT/vendor/laravel/framework/src/Illuminate/Http/Middleware/ValidatePostSize.php(27): Illuminate\\Pipeline\\Pipeline->Illuminate\\Pipeline\\{closure}()
#36 /var/www/SAAFCECEYT/vendor/laravel/framework/src/Illuminate/Pipeline/Pipeline.php(183): Illuminate\\Http\\Middleware\\ValidatePostSize->handle()
#37 /var/www/SAAFCECEYT/vendor/laravel/framework/src/Illuminate/Foundation/Http/Middleware/PreventRequestsDuringMaintenance.php(110): Illuminate\\Pipeline\\Pipeline->Illuminate\\Pipeline\\{closure}()
#38 /var/www/SAAFCECEYT/vendor/laravel/framework/src/Illuminate/Pipeline/Pipeline.php(183): Illuminate\\Foundation\\Http\\Middleware\\PreventRequestsDuringMaintenance->handle()
#39 /var/www/SAAFCECEYT/vendor/laravel/framework/src/Illuminate/Http/Middleware/HandleCors.php(49): Illuminate\\Pipeline\\Pipeline->Illuminate\\Pipeline\\{closure}()
#40 /var/www/SAAFCECEYT/vendor/laravel/framework/src/Illuminate/Pipeline/Pipeline.php(183): Illuminate\\Http\\Middleware\\HandleCors->handle()
#41 /var/www/SAAFCECEYT/vendor/laravel/framework/src/Illuminate/Http/Middleware/TrustProxies.php(58): Illuminate\\Pipeline\\Pipeline->Illuminate\\Pipeline\\{closure}()
#42 /var/www/SAAFCECEYT/vendor/laravel/framework/src/Illuminate/Pipeline/Pipeline.php(183): Illuminate\\Http\\Middleware\\TrustProxies->handle()
#43 /var/www/SAAFCECEYT/vendor/laravel/framework/src/Illuminate/Foundation/Http/Middleware/InvokeDeferredCallbacks.php(22): Illuminate\\Pipeline\\Pipeline->Illuminate\\Pipeline\\{closure}()
#44 /var/www/SAAFCECEYT/vendor/laravel/framework/src/Illuminate/Pipeline/Pipeline.php(183): Illuminate\\Foundation\\Http\\Middleware\\InvokeDeferredCallbacks->handle()
#45 /var/www/SAAFCECEYT/vendor/laravel/framework/src/Illuminate/Pipeline/Pipeline.php(119): Illuminate\\Pipeline\\Pipeline->Illuminate\\Pipeline\\{closure}()
#46 /var/www/SAAFCECEYT/vendor/laravel/framework/src/Illuminate/Foundation/Http/Kernel.php(176): Illuminate\\Pipeline\\Pipeline->then()
#47 /var/www/SAAFCECEYT/vendor/laravel/framework/src/Illuminate/Foundation/Http/Kernel.php(145): Illuminate\\Foundation\\Http\\Kernel->sendRequestThroughRouter()
#48 /var/www/SAAFCECEYT/vendor/laravel/framework/src/Illuminate/Foundation/Application.php(1190): Illuminate\\Foundation\\Http\\Kernel->handle()
#49 /var/www/SAAFCECEYT/public/index.php(17): Illuminate\\Foundation\\Application->handleRequest()
#50 {main}

[previous exception] [object] (PDOException(code: 1045): SQLSTATE[HY000] [1045] Access denied for user 'root'@'localhost' (using password: NO) at /var/www/SAAFCECEYT/vendor/laravel/framework/src/Illuminate/Database/Connectors/Connector.php:66)
[stacktrace]
#0 /var/www/SAAFCECEYT/vendor/laravel/framework/src/Illuminate/Database/Connectors/Connector.php(66): PDO->__construct()
#1 /var/www/SAAFCECEYT/vendor/laravel/framework/src/Illuminate/Database/Connectors/Connector.php(44): Illuminate\\Database\\Connectors\\Connector->createPdoConnection()
#2 /var/www/SAAFCECEYT/vendor/laravel/framework/src/Illuminate/Database/Connectors/MySqlConnector.php(24): Illuminate\\Database\\Connectors\\Connector->createConnection()
#3 /var/www/SAAFCECEYT/vendor/laravel/framework/src/Illuminate/Database/Connectors/ConnectionFactory.php(185): Illuminate\\Database\\Connectors\\MySqlConnector->connect()
#4 [internal function]: Illuminate\\Database\\Connectors\\ConnectionFactory->Illuminate\\Database\\Connectors\\{closure}()
#5 /var/www/SAAFCECEYT/vendor/laravel/framework/src/Illuminate/Database/Connection.php(1231): call_user_func()
#6 /var/www/SAAFCECEYT/vendor/laravel/framework/src/Illuminate/Database/Connection.php(1267): Illuminate\\Database\\Connection->getPdo()
#7 /var/www/SAAFCECEYT/vendor/laravel/framework/src/Illuminate/Database/Connection.php(512): Illuminate\\Database\\Connection->getReadPdo()
#8 /var/www/SAAFCECEYT/vendor/laravel/framework/src/Illuminate/Database/Connection.php(407): Illuminate\\Database\\Connection->getPdoForSelect()
#9 /var/www/SAAFCECEYT/vendor/laravel/framework/src/Illuminate/Database/Connection.php(812): Illuminate\\Database\\Connection->Illuminate\\Database\\{closure}()
#10 /var/www/SAAFCECEYT/vendor/laravel/framework/src/Illuminate/Database/Connection.php(779): Illuminate\\Database\\Connection->runQueryCallback()
#11 /var/www/SAAFCECEYT/vendor/laravel/framework/src/Illuminate/Database/Connection.php(398): Illuminate\\Database\\Connection->run()
#12 /var/www/SAAFCECEYT/vendor/laravel/framework/src/Illuminate/Database/Query/Builder.php(3133): Illuminate\\Database\\Connection->select()
#13 /var/www/SAAFCECEYT/vendor/laravel/framework/src/Illuminate/Database/Query/Builder.php(3118): Illuminate\\Database\\Query\\Builder->runSelect()
#14 /var/www/SAAFCECEYT/vendor/laravel/framework/src/Illuminate/Database/Query/Builder.php(3706): Illuminate\\Database\\Query\\Builder->Illuminate\\Database\\Query\\{closure}()
#15 /var/www/SAAFCECEYT/vendor/laravel/framework/src/Illuminate/Database/Query/Builder.php(3117): Illuminate\\Database\\Query\\Builder->onceWithColumns()
#16 /var/www/SAAFCECEYT/vendor/laravel/framework/src/Illuminate/Database/Concerns/BuildsQueries.php(344): Illuminate\\Database\\Query\\Builder->get()
#17 /var/www/SAAFCECEYT/vendor/laravel/framework/src/Illuminate/Database/Query/Builder.php(3038): Illuminate\\Database\\Query\\Builder->first()
#18 /var/www/SAAFCECEYT/vendor/laravel/framework/src/Illuminate/Session/DatabaseSessionHandler.php(97): Illuminate\\Database\\Query\\Builder->find()
#19 /var/www/SAAFCECEYT/vendor/laravel/framework/src/Illuminate/Session/Store.php(113): Illuminate\\Session\\DatabaseSessionHandler->read()
#20 /var/www/SAAFCECEYT/vendor/laravel/framework/src/Illuminate/Session/Store.php(101): Illuminate\\Session\\Store->readFromHandler()
#21 /var/www/SAAFCECEYT/vendor/laravel/framework/src/Illuminate/Session/Store.php(85): Illuminate\\Session\\Store->loadSession()
#22 /var/www/SAAFCECEYT/vendor/laravel/framework/src/Illuminate/Session/Middleware/StartSession.php(147): Illuminate\\Session\\Store->start()
#23 /var/www/SAAFCECEYT/vendor/laravel/framework/src/Illuminate/Support/helpers.php(393): Illuminate\\Session\\Middleware\\StartSession->Illuminate\\Session\\Middleware\\{closure}()
#24 /var/www/SAAFCECEYT/vendor/laravel/framework/src/Illuminate/Session/Middleware/StartSession.php(144): tap()
#25 /var/www/SAAFCECEYT/vendor/laravel/framework/src/Illuminate/Session/Middleware/StartSession.php(116): Illuminate\\Session\\Middleware\\StartSession->startSession()
#26 /var/www/SAAFCECEYT/vendor/laravel/framework/src/Illuminate/Session/Middleware/StartSession.php(64): Illuminate\\Session\\Middleware\\StartSession->handleStatefulRequest()
#27 /var/www/SAAFCECEYT/vendor/laravel/framework/src/Illuminate/Pipeline/Pipeline.php(183): Illuminate\\Session\\Middleware\\StartSession->handle()
#28 /var/www/SAAFCECEYT/vendor/laravel/framework/src/Illuminate/Cookie/Middleware/AddQueuedCookiesToResponse.php(37): Illuminate\\Pipeline\\Pipeline->Illuminate\\Pipeline\\{closure}()
#29 /var/www/SAAFCECEYT/vendor/laravel/framework/src/Illuminate/Pipeline/Pipeline.php(183): Illuminate\\Cookie\\Middleware\\AddQueuedCookiesToResponse->handle()
#30 /var/www/SAAFCECEYT/vendor/laravel/framework/src/Illuminate/Cookie/Middleware/EncryptCookies.php(75): Illuminate\\Pipeline\\Pipeline->Illuminate\\Pipeline\\{closure}()
#31 /var/www/SAAFCECEYT/vendor/laravel/framework/src/Illuminate/Pipeline/Pipeline.php(183): Illuminate\\Cookie\\Middleware\\EncryptCookies->handle()
#32 /var/www/SAAFCECEYT/vendor/laravel/framework/src/Illuminate/Pipeline/Pipeline.php(119): Illuminate\\Pipeline\\Pipeline->Illuminate\\Pipeline\\{closure}()
#33 /var/www/SAAFCECEYT/vendor/laravel/framework/src/Illuminate/Routing/Router.php(807): Illuminate\\Pipeline\\Pipeline->then()
#34 /var/www/SAAFCECEYT/vendor/laravel/framework/src/Illuminate/Routing/Router.php(786): Illuminate\\Routing\\Router->runRouteWithinStack()
#35 /var/www/SAAFCECEYT/vendor/laravel/framework/src/Illuminate/Routing/Router.php(750): Illuminate\\Routing\\Router->runRoute()
#36 /var/www/SAAFCECEYT/vendor/laravel/framework/src/Illuminate/Routing/Router.php(739): Illuminate\\Routing\\Router->dispatchToRoute()
#37 /var/www/SAAFCECEYT/vendor/laravel/framework/src/Illuminate/Foundation/Http/Kernel.php(201): Illuminate\\Routing\\Router->dispatch()
#38 /var/www/SAAFCECEYT/vendor/laravel/framework/src/Illuminate/Pipeline/Pipeline.php(144): Illuminate\\Foundation\\Http\\Kernel->Illuminate\\Foundation\\Http\\{closure}()
#39 /var/www/SAAFCECEYT/vendor/laravel/framework/src/Illuminate/Foundation/Http/Middleware/TransformsRequest.php(21): Illuminate\\Pipeline\\Pipeline->Illuminate\\Pipeline\\{closure}()
#40 /var/www/SAAFCECEYT/vendor/laravel/framework/src/Illuminate/Foundation/Http/Middleware/ConvertEmptyStringsToNull.php(31): Illuminate\\Foundation\\Http\\Middleware\\TransformsRequest->handle()
#41 /var/www/SAAFCECEYT/vendor/laravel/framework/src/Illuminate/Pipeline/Pipeline.php(183): Illuminate\\Foundation\\Http\\Middleware\\ConvertEmptyStringsToNull->handle()
#42 /var/www/SAAFCECEYT/vendor/laravel/framework/src/Illuminate/Foundation/Http/Middleware/TransformsRequest.php(21): Illuminate\\Pipeline\\Pipeline->Illuminate\\Pipeline\\{closure}()
#43 /var/www/SAAFCECEYT/vendor/laravel/framework/src/Illuminate/Foundation/Http/Middleware/TrimStrings.php(51): Illuminate\\Foundation\\Http\\Middleware\\TransformsRequest->handle()
#44 /var/www/SAAFCECEYT/vendor/laravel/framework/src/Illuminate/Pipeline/Pipeline.php(183): Illuminate\\Foundation\\Http\\Middleware\\TrimStrings->handle()
#45 /var/www/SAAFCECEYT/vendor/laravel/framework/src/Illuminate/Http/Middleware/ValidatePostSize.php(27): Illuminate\\Pipeline\\Pipeline->Illuminate\\Pipeline\\{closure}()
#46 /var/www/SAAFCECEYT/vendor/laravel/framework/src/Illuminate/Pipeline/Pipeline.php(183): Illuminate\\Http\\Middleware\\ValidatePostSize->handle()
#47 /var/www/SAAFCECEYT/vendor/laravel/framework/src/Illuminate/Foundation/Http/Middleware/PreventRequestsDuringMaintenance.php(110): Illuminate\\Pipeline\\Pipeline->Illuminate\\Pipeline\\{closure}()
#48 /var/www/SAAFCECEYT/vendor/laravel/framework/src/Illuminate/Pipeline/Pipeline.php(183): Illuminate\\Foundation\\Http\\Middleware\\PreventRequestsDuringMaintenance->handle()
#49 /var/www/SAAFCECEYT/vendor/laravel/framework/src/Illuminate/Http/Middleware/HandleCors.php(49): Illuminate\\Pipeline\\Pipeline->Illuminate\\Pipeline\\{closure}()
#50 /var/www/SAAFCECEYT/vendor/laravel/framework/src/Illuminate/Pipeline/Pipeline.php(183): Illuminate\\Http\\Middleware\\HandleCors->handle()
#51 /var/www/SAAFCECEYT/vendor/laravel/framework/src/Illuminate/Http/Middleware/TrustProxies.php(58): Illuminate\\Pipeline\\Pipeline->Illuminate\\Pipeline\\{closure}()
#52 /var/www/SAAFCECEYT/vendor/laravel/framework/src/Illuminate/Pipeline/Pipeline.php(183): Illuminate\\Http\\Middleware\\TrustProxies->handle()
#53 /var/www/SAAFCECEYT/vendor/laravel/framework/src/Illuminate/Foundation/Http/Middleware/InvokeDeferredCallbacks.php(22): Illuminate\\Pipeline\\Pipeline->Illuminate\\Pipeline\\{closure}()
#54 /var/www/SAAFCECEYT/vendor/laravel/framework/src/Illuminate/Pipeline/Pipeline.php(183): Illuminate\\Foundation\\Http\\Middleware\\InvokeDeferredCallbacks->handle()
#55 /var/www/SAAFCECEYT/vendor/laravel/framework/src/Illuminate/Pipeline/Pipeline.php(119): Illuminate\\Pipeline\\Pipeline->Illuminate\\Pipeline\\{closure}()
#56 /var/www/SAAFCECEYT/vendor/laravel/framework/src/Illuminate/Foundation/Http/Kernel.php(176): Illuminate\\Pipeline\\Pipeline->then()
#57 /var/www/SAAFCECEYT/vendor/laravel/framework/src/Illuminate/Foundation/Http/Kernel.php(145): Illuminate\\Foundation\\Http\\Kernel->sendRequestThroughRouter()
#58 /var/www/SAAFCECEYT/vendor/laravel/framework/src/Illuminate/Foundation/Application.php(1190): Illuminate\\Foundation\\Http\\Kernel->handle()
#59 /var/www/SAAFCECEYT/public/index.php(17): Illuminate\\Foundation\\Application->handleRequest()
#60 {main}
"} 
[2025-08-23 18:42:29] local.ERROR: SQLSTATE[HY000] [1045] Access denied for user 'root'@'localhost' (using password: NO) (Connection: mysql, SQL: select * from `sessions` where `id` = FaiEtpLjM3zTiVwCG4yMH205l2AL7zGXDXLvDih0 limit 1) {"exception":"[object] (Illuminate\\Database\\QueryException(code: 1045): SQLSTATE[HY000] [1045] Access denied for user 'root'@'localhost' (using password: NO) (Connection: mysql, SQL: select * from `sessions` where `id` = FaiEtpLjM3zTiVwCG4yMH205l2AL7zGXDXLvDih0 limit 1) at /var/www/SAAFCECEYT/vendor/laravel/framework/src/Illuminate/Database/Connection.php:825)
[stacktrace]
#0 /var/www/SAAFCECEYT/vendor/laravel/framework/src/Illuminate/Database/Connection.php(779): Illuminate\\Database\\Connection->runQueryCallback()
#1 /var/www/SAAFCECEYT/vendor/laravel/framework/src/Illuminate/Database/Connection.php(398): Illuminate\\Database\\Connection->run()
#2 /var/www/SAAFCECEYT/vendor/laravel/framework/src/Illuminate/Database/Query/Builder.php(3133): Illuminate\\Database\\Connection->select()
#3 /var/www/SAAFCECEYT/vendor/laravel/framework/src/Illuminate/Database/Query/Builder.php(3118): Illuminate\\Database\\Query\\Builder->runSelect()
#4 /var/www/SAAFCECEYT/vendor/laravel/framework/src/Illuminate/Database/Query/Builder.php(3706): Illuminate\\Database\\Query\\Builder->Illuminate\\Database\\Query\\{closure}()
#5 /var/www/SAAFCECEYT/vendor/laravel/framework/src/Illuminate/Database/Query/Builder.php(3117): Illuminate\\Database\\Query\\Builder->onceWithColumns()
#6 /var/www/SAAFCECEYT/vendor/laravel/framework/src/Illuminate/Database/Concerns/BuildsQueries.php(344): Illuminate\\Database\\Query\\Builder->get()
#7 /var/www/SAAFCECEYT/vendor/laravel/framework/src/Illuminate/Database/Query/Builder.php(3038): Illuminate\\Database\\Query\\Builder->first()
#8 /var/www/SAAFCECEYT/vendor/laravel/framework/src/Illuminate/Session/DatabaseSessionHandler.php(97): Illuminate\\Database\\Query\\Builder->find()
#9 /var/www/SAAFCECEYT/vendor/laravel/framework/src/Illuminate/Session/Store.php(113): Illuminate\\Session\\DatabaseSessionHandler->read()
#10 /var/www/SAAFCECEYT/vendor/laravel/framework/src/Illuminate/Session/Store.php(101): Illuminate\\Session\\Store->readFromHandler()
#11 /var/www/SAAFCECEYT/vendor/laravel/framework/src/Illuminate/Session/Store.php(85): Illuminate\\Session\\Store->loadSession()
#12 /var/www/SAAFCECEYT/vendor/laravel/framework/src/Illuminate/Session/Middleware/StartSession.php(147): Illuminate\\Session\\Store->start()
#13 /var/www/SAAFCECEYT/vendor/laravel/framework/src/Illuminate/Support/helpers.php(393): Illuminate\\Session\\Middleware\\StartSession->Illuminate\\Session\\Middleware\\{closure}()
#14 /var/www/SAAFCECEYT/vendor/laravel/framework/src/Illuminate/Session/Middleware/StartSession.php(144): tap()
#15 /var/www/SAAFCECEYT/vendor/laravel/framework/src/Illuminate/Session/Middleware/StartSession.php(116): Illuminate\\Session\\Middleware\\StartSession->startSession()
#16 /var/www/SAAFCECEYT/vendor/laravel/framework/src/Illuminate/Session/Middleware/StartSession.php(64): Illuminate\\Session\\Middleware\\StartSession->handleStatefulRequest()
#17 /var/www/SAAFCECEYT/vendor/laravel/framework/src/Illuminate/Pipeline/Pipeline.php(183): Illuminate\\Session\\Middleware\\StartSession->handle()
#18 /var/www/SAAFCECEYT/vendor/laravel/framework/src/Illuminate/Cookie/Middleware/AddQueuedCookiesToResponse.php(37): Illuminate\\Pipeline\\Pipeline->Illuminate\\Pipeline\\{closure}()
#19 /var/www/SAAFCECEYT/vendor/laravel/framework/src/Illuminate/Pipeline/Pipeline.php(183): Illuminate\\Cookie\\Middleware\\AddQueuedCookiesToResponse->handle()
#20 /var/www/SAAFCECEYT/vendor/laravel/framework/src/Illuminate/Cookie/Middleware/EncryptCookies.php(75): Illuminate\\Pipeline\\Pipeline->Illuminate\\Pipeline\\{closure}()
#21 /var/www/SAAFCECEYT/vendor/laravel/framework/src/Illuminate/Pipeline/Pipeline.php(183): Illuminate\\Cookie\\Middleware\\EncryptCookies->handle()
#22 /var/www/SAAFCECEYT/vendor/laravel/framework/src/Illuminate/Pipeline/Pipeline.php(119): Illuminate\\Pipeline\\Pipeline->Illuminate\\Pipeline\\{closure}()
#23 /var/www/SAAFCECEYT/vendor/laravel/framework/src/Illuminate/Routing/Router.php(807): Illuminate\\Pipeline\\Pipeline->then()
#24 /var/www/SAAFCECEYT/vendor/laravel/framework/src/Illuminate/Routing/Router.php(786): Illuminate\\Routing\\Router->runRouteWithinStack()
#25 /var/www/SAAFCECEYT/vendor/laravel/framework/src/Illuminate/Routing/Router.php(750): Illuminate\\Routing\\Router->runRoute()
#26 /var/www/SAAFCECEYT/vendor/laravel/framework/src/Illuminate/Routing/Router.php(739): Illuminate\\Routing\\Router->dispatchToRoute()
#27 /var/www/SAAFCECEYT/vendor/laravel/framework/src/Illuminate/Foundation/Http/Kernel.php(201): Illuminate\\Routing\\Router->dispatch()
#28 /var/www/SAAFCECEYT/vendor/laravel/framework/src/Illuminate/Pipeline/Pipeline.php(144): Illuminate\\Foundation\\Http\\Kernel->Illuminate\\Foundation\\Http\\{closure}()
#29 /var/www/SAAFCECEYT/vendor/laravel/framework/src/Illuminate/Foundation/Http/Middleware/TransformsRequest.php(21): Illuminate\\Pipeline\\Pipeline->Illuminate\\Pipeline\\{closure}()
#30 /var/www/SAAFCECEYT/vendor/laravel/framework/src/Illuminate/Foundation/Http/Middleware/ConvertEmptyStringsToNull.php(31): Illuminate\\Foundation\\Http\\Middleware\\TransformsRequest->handle()
#31 /var/www/SAAFCECEYT/vendor/laravel/framework/src/Illuminate/Pipeline/Pipeline.php(183): Illuminate\\Foundation\\Http\\Middleware\\ConvertEmptyStringsToNull->handle()
#32 /var/www/SAAFCECEYT/vendor/laravel/framework/src/Illuminate/Foundation/Http/Middleware/TransformsRequest.php(21): Illuminate\\Pipeline\\Pipeline->Illuminate\\Pipeline\\{closure}()
#33 /var/www/SAAFCECEYT/vendor/laravel/framework/src/Illuminate/Foundation/Http/Middleware/TrimStrings.php(51): Illuminate\\Foundation\\Http\\Middleware\\TransformsRequest->handle()
#34 /var/www/SAAFCECEYT/vendor/laravel/framework/src/Illuminate/Pipeline/Pipeline.php(183): Illuminate\\Foundation\\Http\\Middleware\\TrimStrings->handle()
#35 /var/www/SAAFCECEYT/vendor/laravel/framework/src/Illuminate/Http/Middleware/ValidatePostSize.php(27): Illuminate\\Pipeline\\Pipeline->Illuminate\\Pipeline\\{closure}()
#36 /var/www/SAAFCECEYT/vendor/laravel/framework/src/Illuminate/Pipeline/Pipeline.php(183): Illuminate\\Http\\Middleware\\ValidatePostSize->handle()
#37 /var/www/SAAFCECEYT/vendor/laravel/framework/src/Illuminate/Foundation/Http/Middleware/PreventRequestsDuringMaintenance.php(110): Illuminate\\Pipeline\\Pipeline->Illuminate\\Pipeline\\{closure}()
#38 /var/www/SAAFCECEYT/vendor/laravel/framework/src/Illuminate/Pipeline/Pipeline.php(183): Illuminate\\Foundation\\Http\\Middleware\\PreventRequestsDuringMaintenance->handle()
#39 /var/www/SAAFCECEYT/vendor/laravel/framework/src/Illuminate/Http/Middleware/HandleCors.php(49): Illuminate\\Pipeline\\Pipeline->Illuminate\\Pipeline\\{closure}()
#40 /var/www/SAAFCECEYT/vendor/laravel/framework/src/Illuminate/Pipeline/Pipeline.php(183): Illuminate\\Http\\Middleware\\HandleCors->handle()
#41 /var/www/SAAFCECEYT/vendor/laravel/framework/src/Illuminate/Http/Middleware/TrustProxies.php(58): Illuminate\\Pipeline\\Pipeline->Illuminate\\Pipeline\\{closure}()
#42 /var/www/SAAFCECEYT/vendor/laravel/framework/src/Illuminate/Pipeline/Pipeline.php(183): Illuminate\\Http\\Middleware\\TrustProxies->handle()
#43 /var/www/SAAFCECEYT/vendor/laravel/framework/src/Illuminate/Foundation/Http/Middleware/InvokeDeferredCallbacks.php(22): Illuminate\\Pipeline\\Pipeline->Illuminate\\Pipeline\\{closure}()
#44 /var/www/SAAFCECEYT/vendor/laravel/framework/src/Illuminate/Pipeline/Pipeline.php(183): Illuminate\\Foundation\\Http\\Middleware\\InvokeDeferredCallbacks->handle()
#45 /var/www/SAAFCECEYT/vendor/laravel/framework/src/Illuminate/Pipeline/Pipeline.php(119): Illuminate\\Pipeline\\Pipeline->Illuminate\\Pipeline\\{closure}()
#46 /var/www/SAAFCECEYT/vendor/laravel/framework/src/Illuminate/Foundation/Http/Kernel.php(176): Illuminate\\Pipeline\\Pipeline->then()
#47 /var/www/SAAFCECEYT/vendor/laravel/framework/src/Illuminate/Foundation/Http/Kernel.php(145): Illuminate\\Foundation\\Http\\Kernel->sendRequestThroughRouter()
#48 /var/www/SAAFCECEYT/vendor/laravel/framework/src/Illuminate/Foundation/Application.php(1190): Illuminate\\Foundation\\Http\\Kernel->handle()
#49 /var/www/SAAFCECEYT/public/index.php(17): Illuminate\\Foundation\\Application->handleRequest()
#50 {main}

[previous exception] [object] (PDOException(code: 1045): SQLSTATE[HY000] [1045] Access denied for user 'root'@'localhost' (using password: NO) at /var/www/SAAFCECEYT/vendor/laravel/framework/src/Illuminate/Database/Connectors/Connector.php:66)
[stacktrace]
#0 /var/www/SAAFCECEYT/vendor/laravel/framework/src/Illuminate/Database/Connectors/Connector.php(66): PDO->__construct()
#1 /var/www/SAAFCECEYT/vendor/laravel/framework/src/Illuminate/Database/Connectors/Connector.php(44): Illuminate\\Database\\Connectors\\Connector->createPdoConnection()
#2 /var/www/SAAFCECEYT/vendor/laravel/framework/src/Illuminate/Database/Connectors/MySqlConnector.php(24): Illuminate\\Database\\Connectors\\Connector->createConnection()
#3 /var/www/SAAFCECEYT/vendor/laravel/framework/src/Illuminate/Database/Connectors/ConnectionFactory.php(185): Illuminate\\Database\\Connectors\\MySqlConnector->connect()
#4 [internal function]: Illuminate\\Database\\Connectors\\ConnectionFactory->Illuminate\\Database\\Connectors\\{closure}()
#5 /var/www/SAAFCECEYT/vendor/laravel/framework/src/Illuminate/Database/Connection.php(1231): call_user_func()
#6 /var/www/SAAFCECEYT/vendor/laravel/framework/src/Illuminate/Database/Connection.php(1267): Illuminate\\Database\\Connection->getPdo()
#7 /var/www/SAAFCECEYT/vendor/laravel/framework/src/Illuminate/Database/Connection.php(512): Illuminate\\Database\\Connection->getReadPdo()
#8 /var/www/SAAFCECEYT/vendor/laravel/framework/src/Illuminate/Database/Connection.php(407): Illuminate\\Database\\Connection->getPdoForSelect()
#9 /var/www/SAAFCECEYT/vendor/laravel/framework/src/Illuminate/Database/Connection.php(812): Illuminate\\Database\\Connection->Illuminate\\Database\\{closure}()
#10 /var/www/SAAFCECEYT/vendor/laravel/framework/src/Illuminate/Database/Connection.php(779): Illuminate\\Database\\Connection->runQueryCallback()
#11 /var/www/SAAFCECEYT/vendor/laravel/framework/src/Illuminate/Database/Connection.php(398): Illuminate\\Database\\Connection->run()
#12 /var/www/SAAFCECEYT/vendor/laravel/framework/src/Illuminate/Database/Query/Builder.php(3133): Illuminate\\Database\\Connection->select()
#13 /var/www/SAAFCECEYT/vendor/laravel/framework/src/Illuminate/Database/Query/Builder.php(3118): Illuminate\\Database\\Query\\Builder->runSelect()
#14 /var/www/SAAFCECEYT/vendor/laravel/framework/src/Illuminate/Database/Query/Builder.php(3706): Illuminate\\Database\\Query\\Builder->Illuminate\\Database\\Query\\{closure}()
#15 /var/www/SAAFCECEYT/vendor/laravel/framework/src/Illuminate/Database/Query/Builder.php(3117): Illuminate\\Database\\Query\\Builder->onceWithColumns()
#16 /var/www/SAAFCECEYT/vendor/laravel/framework/src/Illuminate/Database/Concerns/BuildsQueries.php(344): Illuminate\\Database\\Query\\Builder->get()
#17 /var/www/SAAFCECEYT/vendor/laravel/framework/src/Illuminate/Database/Query/Builder.php(3038): Illuminate\\Database\\Query\\Builder->first()
#18 /var/www/SAAFCECEYT/vendor/laravel/framework/src/Illuminate/Session/DatabaseSessionHandler.php(97): Illuminate\\Database\\Query\\Builder->find()
#19 /var/www/SAAFCECEYT/vendor/laravel/framework/src/Illuminate/Session/Store.php(113): Illuminate\\Session\\DatabaseSessionHandler->read()
#20 /var/www/SAAFCECEYT/vendor/laravel/framework/src/Illuminate/Session/Store.php(101): Illuminate\\Session\\Store->readFromHandler()
#21 /var/www/SAAFCECEYT/vendor/laravel/framework/src/Illuminate/Session/Store.php(85): Illuminate\\Session\\Store->loadSession()
#22 /var/www/SAAFCECEYT/vendor/laravel/framework/src/Illuminate/Session/Middleware/StartSession.php(147): Illuminate\\Session\\Store->start()
#23 /var/www/SAAFCECEYT/vendor/laravel/framework/src/Illuminate/Support/helpers.php(393): Illuminate\\Session\\Middleware\\StartSession->Illuminate\\Session\\Middleware\\{closure}()
#24 /var/www/SAAFCECEYT/vendor/laravel/framework/src/Illuminate/Session/Middleware/StartSession.php(144): tap()
#25 /var/www/SAAFCECEYT/vendor/laravel/framework/src/Illuminate/Session/Middleware/StartSession.php(116): Illuminate\\Session\\Middleware\\StartSession->startSession()
#26 /var/www/SAAFCECEYT/vendor/laravel/framework/src/Illuminate/Session/Middleware/StartSession.php(64): Illuminate\\Session\\Middleware\\StartSession->handleStatefulRequest()
#27 /var/www/SAAFCECEYT/vendor/laravel/framework/src/Illuminate/Pipeline/Pipeline.php(183): Illuminate\\Session\\Middleware\\StartSession->handle()
#28 /var/www/SAAFCECEYT/vendor/laravel/framework/src/Illuminate/Cookie/Middleware/AddQueuedCookiesToResponse.php(37): Illuminate\\Pipeline\\Pipeline->Illuminate\\Pipeline\\{closure}()
#29 /var/www/SAAFCECEYT/vendor/laravel/framework/src/Illuminate/Pipeline/Pipeline.php(183): Illuminate\\Cookie\\Middleware\\AddQueuedCookiesToResponse->handle()
#30 /var/www/SAAFCECEYT/vendor/laravel/framework/src/Illuminate/Cookie/Middleware/EncryptCookies.php(75): Illuminate\\Pipeline\\Pipeline->Illuminate\\Pipeline\\{closure}()
#31 /var/www/SAAFCECEYT/vendor/laravel/framework/src/Illuminate/Pipeline/Pipeline.php(183): Illuminate\\Cookie\\Middleware\\EncryptCookies->handle()
#32 /var/www/SAAFCECEYT/vendor/laravel/framework/src/Illuminate/Pipeline/Pipeline.php(119): Illuminate\\Pipeline\\Pipeline->Illuminate\\Pipeline\\{closure}()
#33 /var/www/SAAFCECEYT/vendor/laravel/framework/src/Illuminate/Routing/Router.php(807): Illuminate\\Pipeline\\Pipeline->then()
#34 /var/www/SAAFCECEYT/vendor/laravel/framework/src/Illuminate/Routing/Router.php(786): Illuminate\\Routing\\Router->runRouteWithinStack()
#35 /var/www/SAAFCECEYT/vendor/laravel/framework/src/Illuminate/Routing/Router.php(750): Illuminate\\Routing\\Router->runRoute()
#36 /var/www/SAAFCECEYT/vendor/laravel/framework/src/Illuminate/Routing/Router.php(739): Illuminate\\Routing\\Router->dispatchToRoute()
#37 /var/www/SAAFCECEYT/vendor/laravel/framework/src/Illuminate/Foundation/Http/Kernel.php(201): Illuminate\\Routing\\Router->dispatch()
#38 /var/www/SAAFCECEYT/vendor/laravel/framework/src/Illuminate/Pipeline/Pipeline.php(144): Illuminate\\Foundation\\Http\\Kernel->Illuminate\\Foundation\\Http\\{closure}()
#39 /var/www/SAAFCECEYT/vendor/laravel/framework/src/Illuminate/Foundation/Http/Middleware/TransformsRequest.php(21): Illuminate\\Pipeline\\Pipeline->Illuminate\\Pipeline\\{closure}()
#40 /var/www/SAAFCECEYT/vendor/laravel/framework/src/Illuminate/Foundation/Http/Middleware/ConvertEmptyStringsToNull.php(31): Illuminate\\Foundation\\Http\\Middleware\\TransformsRequest->handle()
#41 /var/www/SAAFCECEYT/vendor/laravel/framework/src/Illuminate/Pipeline/Pipeline.php(183): Illuminate\\Foundation\\Http\\Middleware\\ConvertEmptyStringsToNull->handle()
#42 /var/www/SAAFCECEYT/vendor/laravel/framework/src/Illuminate/Foundation/Http/Middleware/TransformsRequest.php(21): Illuminate\\Pipeline\\Pipeline->Illuminate\\Pipeline\\{closure}()
#43 /var/www/SAAFCECEYT/vendor/laravel/framework/src/Illuminate/Foundation/Http/Middleware/TrimStrings.php(51): Illuminate\\Foundation\\Http\\Middleware\\TransformsRequest->handle()
#44 /var/www/SAAFCECEYT/vendor/laravel/framework/src/Illuminate/Pipeline/Pipeline.php(183): Illuminate\\Foundation\\Http\\Middleware\\TrimStrings->handle()
#45 /var/www/SAAFCECEYT/vendor/laravel/framework/src/Illuminate/Http/Middleware/ValidatePostSize.php(27): Illuminate\\Pipeline\\Pipeline->Illuminate\\Pipeline\\{closure}()
#46 /var/www/SAAFCECEYT/vendor/laravel/framework/src/Illuminate/Pipeline/Pipeline.php(183): Illuminate\\Http\\Middleware\\ValidatePostSize->handle()
#47 /var/www/SAAFCECEYT/vendor/laravel/framework/src/Illuminate/Foundation/Http/Middleware/PreventRequestsDuringMaintenance.php(110): Illuminate\\Pipeline\\Pipeline->Illuminate\\Pipeline\\{closure}()
#48 /var/www/SAAFCECEYT/vendor/laravel/framework/src/Illuminate/Pipeline/Pipeline.php(183): Illuminate\\Foundation\\Http\\Middleware\\PreventRequestsDuringMaintenance->handle()
#49 /var/www/SAAFCECEYT/vendor/laravel/framework/src/Illuminate/Http/Middleware/HandleCors.php(49): Illuminate\\Pipeline\\Pipeline->Illuminate\\Pipeline\\{closure}()
#50 /var/www/SAAFCECEYT/vendor/laravel/framework/src/Illuminate/Pipeline/Pipeline.php(183): Illuminate\\Http\\Middleware\\HandleCors->handle()
#51 /var/www/SAAFCECEYT/vendor/laravel/framework/src/Illuminate/Http/Middleware/TrustProxies.php(58): Illuminate\\Pipeline\\Pipeline->Illuminate\\Pipeline\\{closure}()
#52 /var/www/SAAFCECEYT/vendor/laravel/framework/src/Illuminate/Pipeline/Pipeline.php(183): Illuminate\\Http\\Middleware\\TrustProxies->handle()
#53 /var/www/SAAFCECEYT/vendor/laravel/framework/src/Illuminate/Foundation/Http/Middleware/InvokeDeferredCallbacks.php(22): Illuminate\\Pipeline\\Pipeline->Illuminate\\Pipeline\\{closure}()
#54 /var/www/SAAFCECEYT/vendor/laravel/framework/src/Illuminate/Pipeline/Pipeline.php(183): Illuminate\\Foundation\\Http\\Middleware\\InvokeDeferredCallbacks->handle()
#55 /var/www/SAAFCECEYT/vendor/laravel/framework/src/Illuminate/Pipeline/Pipeline.php(119): Illuminate\\Pipeline\\Pipeline->Illuminate\\Pipeline\\{closure}()
#56 /var/www/SAAFCECEYT/vendor/laravel/framework/src/Illuminate/Foundation/Http/Kernel.php(176): Illuminate\\Pipeline\\Pipeline->then()
#57 /var/www/SAAFCECEYT/vendor/laravel/framework/src/Illuminate/Foundation/Http/Kernel.php(145): Illuminate\\Foundation\\Http\\Kernel->sendRequestThroughRouter()
#58 /var/www/SAAFCECEYT/vendor/laravel/framework/src/Illuminate/Foundation/Application.php(1190): Illuminate\\Foundation\\Http\\Kernel->handle()
#59 /var/www/SAAFCECEYT/public/index.php(17): Illuminate\\Foundation\\Application->handleRequest()
#60 {main}
"} 
[2025-08-23 18:42:32] local.ERROR: SQLSTATE[HY000] [1045] Access denied for user 'root'@'localhost' (using password: NO) (Connection: mysql, SQL: select * from `sessions` where `id` = DFs14PcVbrUuptRAkybnnyW5fZYw3sosVs62lMRJ limit 1) {"exception":"[object] (Illuminate\\Database\\QueryException(code: 1045): SQLSTATE[HY000] [1045] Access denied for user 'root'@'localhost' (using password: NO) (Connection: mysql, SQL: select * from `sessions` where `id` = DFs14PcVbrUuptRAkybnnyW5fZYw3sosVs62lMRJ limit 1) at /var/www/SAAFCECEYT/vendor/laravel/framework/src/Illuminate/Database/Connection.php:825)
[stacktrace]
#0 /var/www/SAAFCECEYT/vendor/laravel/framework/src/Illuminate/Database/Connection.php(779): Illuminate\\Database\\Connection->runQueryCallback()
#1 /var/www/SAAFCECEYT/vendor/laravel/framework/src/Illuminate/Database/Connection.php(398): Illuminate\\Database\\Connection->run()
#2 /var/www/SAAFCECEYT/vendor/laravel/framework/src/Illuminate/Database/Query/Builder.php(3133): Illuminate\\Database\\Connection->select()
#3 /var/www/SAAFCECEYT/vendor/laravel/framework/src/Illuminate/Database/Query/Builder.php(3118): Illuminate\\Database\\Query\\Builder->runSelect()
#4 /var/www/SAAFCECEYT/vendor/laravel/framework/src/Illuminate/Database/Query/Builder.php(3706): Illuminate\\Database\\Query\\Builder->Illuminate\\Database\\Query\\{closure}()
#5 /var/www/SAAFCECEYT/vendor/laravel/framework/src/Illuminate/Database/Query/Builder.php(3117): Illuminate\\Database\\Query\\Builder->onceWithColumns()
#6 /var/www/SAAFCECEYT/vendor/laravel/framework/src/Illuminate/Database/Concerns/BuildsQueries.php(344): Illuminate\\Database\\Query\\Builder->get()
#7 /var/www/SAAFCECEYT/vendor/laravel/framework/src/Illuminate/Database/Query/Builder.php(3038): Illuminate\\Database\\Query\\Builder->first()
#8 /var/www/SAAFCECEYT/vendor/laravel/framework/src/Illuminate/Session/DatabaseSessionHandler.php(97): Illuminate\\Database\\Query\\Builder->find()
#9 /var/www/SAAFCECEYT/vendor/laravel/framework/src/Illuminate/Session/Store.php(113): Illuminate\\Session\\DatabaseSessionHandler->read()
#10 /var/www/SAAFCECEYT/vendor/laravel/framework/src/Illuminate/Session/Store.php(101): Illuminate\\Session\\Store->readFromHandler()
#11 /var/www/SAAFCECEYT/vendor/laravel/framework/src/Illuminate/Session/Store.php(85): Illuminate\\Session\\Store->loadSession()
#12 /var/www/SAAFCECEYT/vendor/laravel/framework/src/Illuminate/Session/Middleware/StartSession.php(147): Illuminate\\Session\\Store->start()
#13 /var/www/SAAFCECEYT/vendor/laravel/framework/src/Illuminate/Support/helpers.php(393): Illuminate\\Session\\Middleware\\StartSession->Illuminate\\Session\\Middleware\\{closure}()
#14 /var/www/SAAFCECEYT/vendor/laravel/framework/src/Illuminate/Session/Middleware/StartSession.php(144): tap()
#15 /var/www/SAAFCECEYT/vendor/laravel/framework/src/Illuminate/Session/Middleware/StartSession.php(116): Illuminate\\Session\\Middleware\\StartSession->startSession()
#16 /var/www/SAAFCECEYT/vendor/laravel/framework/src/Illuminate/Session/Middleware/StartSession.php(64): Illuminate\\Session\\Middleware\\StartSession->handleStatefulRequest()
#17 /var/www/SAAFCECEYT/vendor/laravel/framework/src/Illuminate/Pipeline/Pipeline.php(183): Illuminate\\Session\\Middleware\\StartSession->handle()
#18 /var/www/SAAFCECEYT/vendor/laravel/framework/src/Illuminate/Cookie/Middleware/AddQueuedCookiesToResponse.php(37): Illuminate\\Pipeline\\Pipeline->Illuminate\\Pipeline\\{closure}()
#19 /var/www/SAAFCECEYT/vendor/laravel/framework/src/Illuminate/Pipeline/Pipeline.php(183): Illuminate\\Cookie\\Middleware\\AddQueuedCookiesToResponse->handle()
#20 /var/www/SAAFCECEYT/vendor/laravel/framework/src/Illuminate/Cookie/Middleware/EncryptCookies.php(75): Illuminate\\Pipeline\\Pipeline->Illuminate\\Pipeline\\{closure}()
#21 /var/www/SAAFCECEYT/vendor/laravel/framework/src/Illuminate/Pipeline/Pipeline.php(183): Illuminate\\Cookie\\Middleware\\EncryptCookies->handle()
#22 /var/www/SAAFCECEYT/vendor/laravel/framework/src/Illuminate/Pipeline/Pipeline.php(119): Illuminate\\Pipeline\\Pipeline->Illuminate\\Pipeline\\{closure}()
#23 /var/www/SAAFCECEYT/vendor/laravel/framework/src/Illuminate/Routing/Router.php(807): Illuminate\\Pipeline\\Pipeline->then()
#24 /var/www/SAAFCECEYT/vendor/laravel/framework/src/Illuminate/Routing/Router.php(786): Illuminate\\Routing\\Router->runRouteWithinStack()
#25 /var/www/SAAFCECEYT/vendor/laravel/framework/src/Illuminate/Routing/Router.php(750): Illuminate\\Routing\\Router->runRoute()
#26 /var/www/SAAFCECEYT/vendor/laravel/framework/src/Illuminate/Routing/Router.php(739): Illuminate\\Routing\\Router->dispatchToRoute()
#27 /var/www/SAAFCECEYT/vendor/laravel/framework/src/Illuminate/Foundation/Http/Kernel.php(201): Illuminate\\Routing\\Router->dispatch()
#28 /var/www/SAAFCECEYT/vendor/laravel/framework/src/Illuminate/Pipeline/Pipeline.php(144): Illuminate\\Foundation\\Http\\Kernel->Illuminate\\Foundation\\Http\\{closure}()
#29 /var/www/SAAFCECEYT/vendor/laravel/framework/src/Illuminate/Foundation/Http/Middleware/TransformsRequest.php(21): Illuminate\\Pipeline\\Pipeline->Illuminate\\Pipeline\\{closure}()
#30 /var/www/SAAFCECEYT/vendor/laravel/framework/src/Illuminate/Foundation/Http/Middleware/ConvertEmptyStringsToNull.php(31): Illuminate\\Foundation\\Http\\Middleware\\TransformsRequest->handle()
#31 /var/www/SAAFCECEYT/vendor/laravel/framework/src/Illuminate/Pipeline/Pipeline.php(183): Illuminate\\Foundation\\Http\\Middleware\\ConvertEmptyStringsToNull->handle()
#32 /var/www/SAAFCECEYT/vendor/laravel/framework/src/Illuminate/Foundation/Http/Middleware/TransformsRequest.php(21): Illuminate\\Pipeline\\Pipeline->Illuminate\\Pipeline\\{closure}()
#33 /var/www/SAAFCECEYT/vendor/laravel/framework/src/Illuminate/Foundation/Http/Middleware/TrimStrings.php(51): Illuminate\\Foundation\\Http\\Middleware\\TransformsRequest->handle()
#34 /var/www/SAAFCECEYT/vendor/laravel/framework/src/Illuminate/Pipeline/Pipeline.php(183): Illuminate\\Foundation\\Http\\Middleware\\TrimStrings->handle()
#35 /var/www/SAAFCECEYT/vendor/laravel/framework/src/Illuminate/Http/Middleware/ValidatePostSize.php(27): Illuminate\\Pipeline\\Pipeline->Illuminate\\Pipeline\\{closure}()
#36 /var/www/SAAFCECEYT/vendor/laravel/framework/src/Illuminate/Pipeline/Pipeline.php(183): Illuminate\\Http\\Middleware\\ValidatePostSize->handle()
#37 /var/www/SAAFCECEYT/vendor/laravel/framework/src/Illuminate/Foundation/Http/Middleware/PreventRequestsDuringMaintenance.php(110): Illuminate\\Pipeline\\Pipeline->Illuminate\\Pipeline\\{closure}()
#38 /var/www/SAAFCECEYT/vendor/laravel/framework/src/Illuminate/Pipeline/Pipeline.php(183): Illuminate\\Foundation\\Http\\Middleware\\PreventRequestsDuringMaintenance->handle()
#39 /var/www/SAAFCECEYT/vendor/laravel/framework/src/Illuminate/Http/Middleware/HandleCors.php(49): Illuminate\\Pipeline\\Pipeline->Illuminate\\Pipeline\\{closure}()
#40 /var/www/SAAFCECEYT/vendor/laravel/framework/src/Illuminate/Pipeline/Pipeline.php(183): Illuminate\\Http\\Middleware\\HandleCors->handle()
#41 /var/www/SAAFCECEYT/vendor/laravel/framework/src/Illuminate/Http/Middleware/TrustProxies.php(58): Illuminate\\Pipeline\\Pipeline->Illuminate\\Pipeline\\{closure}()
#42 /var/www/SAAFCECEYT/vendor/laravel/framework/src/Illuminate/Pipeline/Pipeline.php(183): Illuminate\\Http\\Middleware\\TrustProxies->handle()
#43 /var/www/SAAFCECEYT/vendor/laravel/framework/src/Illuminate/Foundation/Http/Middleware/InvokeDeferredCallbacks.php(22): Illuminate\\Pipeline\\Pipeline->Illuminate\\Pipeline\\{closure}()
#44 /var/www/SAAFCECEYT/vendor/laravel/framework/src/Illuminate/Pipeline/Pipeline.php(183): Illuminate\\Foundation\\Http\\Middleware\\InvokeDeferredCallbacks->handle()
#45 /var/www/SAAFCECEYT/vendor/laravel/framework/src/Illuminate/Pipeline/Pipeline.php(119): Illuminate\\Pipeline\\Pipeline->Illuminate\\Pipeline\\{closure}()
#46 /var/www/SAAFCECEYT/vendor/laravel/framework/src/Illuminate/Foundation/Http/Kernel.php(176): Illuminate\\Pipeline\\Pipeline->then()
#47 /var/www/SAAFCECEYT/vendor/laravel/framework/src/Illuminate/Foundation/Http/Kernel.php(145): Illuminate\\Foundation\\Http\\Kernel->sendRequestThroughRouter()
#48 /var/www/SAAFCECEYT/vendor/laravel/framework/src/Illuminate/Foundation/Application.php(1190): Illuminate\\Foundation\\Http\\Kernel->handle()
#49 /var/www/SAAFCECEYT/public/index.php(17): Illuminate\\Foundation\\Application->handleRequest()
#50 {main}

[previous exception] [object] (PDOException(code: 1045): SQLSTATE[HY000] [1045] Access denied for user 'root'@'localhost' (using password: NO) at /var/www/SAAFCECEYT/vendor/laravel/framework/src/Illuminate/Database/Connectors/Connector.php:66)
[stacktrace]
#0 /var/www/SAAFCECEYT/vendor/laravel/framework/src/Illuminate/Database/Connectors/Connector.php(66): PDO->__construct()
#1 /var/www/SAAFCECEYT/vendor/laravel/framework/src/Illuminate/Database/Connectors/Connector.php(44): Illuminate\\Database\\Connectors\\Connector->createPdoConnection()
#2 /var/www/SAAFCECEYT/vendor/laravel/framework/src/Illuminate/Database/Connectors/MySqlConnector.php(24): Illuminate\\Database\\Connectors\\Connector->createConnection()
#3 /var/www/SAAFCECEYT/vendor/laravel/framework/src/Illuminate/Database/Connectors/ConnectionFactory.php(185): Illuminate\\Database\\Connectors\\MySqlConnector->connect()
#4 [internal function]: Illuminate\\Database\\Connectors\\ConnectionFactory->Illuminate\\Database\\Connectors\\{closure}()
#5 /var/www/SAAFCECEYT/vendor/laravel/framework/src/Illuminate/Database/Connection.php(1231): call_user_func()
#6 /var/www/SAAFCECEYT/vendor/laravel/framework/src/Illuminate/Database/Connection.php(1267): Illuminate\\Database\\Connection->getPdo()
#7 /var/www/SAAFCECEYT/vendor/laravel/framework/src/Illuminate/Database/Connection.php(512): Illuminate\\Database\\Connection->getReadPdo()
#8 /var/www/SAAFCECEYT/vendor/laravel/framework/src/Illuminate/Database/Connection.php(407): Illuminate\\Database\\Connection->getPdoForSelect()
#9 /var/www/SAAFCECEYT/vendor/laravel/framework/src/Illuminate/Database/Connection.php(812): Illuminate\\Database\\Connection->Illuminate\\Database\\{closure}()
#10 /var/www/SAAFCECEYT/vendor/laravel/framework/src/Illuminate/Database/Connection.php(779): Illuminate\\Database\\Connection->runQueryCallback()
#11 /var/www/SAAFCECEYT/vendor/laravel/framework/src/Illuminate/Database/Connection.php(398): Illuminate\\Database\\Connection->run()
#12 /var/www/SAAFCECEYT/vendor/laravel/framework/src/Illuminate/Database/Query/Builder.php(3133): Illuminate\\Database\\Connection->select()
#13 /var/www/SAAFCECEYT/vendor/laravel/framework/src/Illuminate/Database/Query/Builder.php(3118): Illuminate\\Database\\Query\\Builder->runSelect()
#14 /var/www/SAAFCECEYT/vendor/laravel/framework/src/Illuminate/Database/Query/Builder.php(3706): Illuminate\\Database\\Query\\Builder->Illuminate\\Database\\Query\\{closure}()
#15 /var/www/SAAFCECEYT/vendor/laravel/framework/src/Illuminate/Database/Query/Builder.php(3117): Illuminate\\Database\\Query\\Builder->onceWithColumns()
#16 /var/www/SAAFCECEYT/vendor/laravel/framework/src/Illuminate/Database/Concerns/BuildsQueries.php(344): Illuminate\\Database\\Query\\Builder->get()
#17 /var/www/SAAFCECEYT/vendor/laravel/framework/src/Illuminate/Database/Query/Builder.php(3038): Illuminate\\Database\\Query\\Builder->first()
#18 /var/www/SAAFCECEYT/vendor/laravel/framework/src/Illuminate/Session/DatabaseSessionHandler.php(97): Illuminate\\Database\\Query\\Builder->find()
#19 /var/www/SAAFCECEYT/vendor/laravel/framework/src/Illuminate/Session/Store.php(113): Illuminate\\Session\\DatabaseSessionHandler->read()
#20 /var/www/SAAFCECEYT/vendor/laravel/framework/src/Illuminate/Session/Store.php(101): Illuminate\\Session\\Store->readFromHandler()
#21 /var/www/SAAFCECEYT/vendor/laravel/framework/src/Illuminate/Session/Store.php(85): Illuminate\\Session\\Store->loadSession()
#22 /var/www/SAAFCECEYT/vendor/laravel/framework/src/Illuminate/Session/Middleware/StartSession.php(147): Illuminate\\Session\\Store->start()
#23 /var/www/SAAFCECEYT/vendor/laravel/framework/src/Illuminate/Support/helpers.php(393): Illuminate\\Session\\Middleware\\StartSession->Illuminate\\Session\\Middleware\\{closure}()
#24 /var/www/SAAFCECEYT/vendor/laravel/framework/src/Illuminate/Session/Middleware/StartSession.php(144): tap()
#25 /var/www/SAAFCECEYT/vendor/laravel/framework/src/Illuminate/Session/Middleware/StartSession.php(116): Illuminate\\Session\\Middleware\\StartSession->startSession()
#26 /var/www/SAAFCECEYT/vendor/laravel/framework/src/Illuminate/Session/Middleware/StartSession.php(64): Illuminate\\Session\\Middleware\\StartSession->handleStatefulRequest()
#27 /var/www/SAAFCECEYT/vendor/laravel/framework/src/Illuminate/Pipeline/Pipeline.php(183): Illuminate\\Session\\Middleware\\StartSession->handle()
#28 /var/www/SAAFCECEYT/vendor/laravel/framework/src/Illuminate/Cookie/Middleware/AddQueuedCookiesToResponse.php(37): Illuminate\\Pipeline\\Pipeline->Illuminate\\Pipeline\\{closure}()
#29 /var/www/SAAFCECEYT/vendor/laravel/framework/src/Illuminate/Pipeline/Pipeline.php(183): Illuminate\\Cookie\\Middleware\\AddQueuedCookiesToResponse->handle()
#30 /var/www/SAAFCECEYT/vendor/laravel/framework/src/Illuminate/Cookie/Middleware/EncryptCookies.php(75): Illuminate\\Pipeline\\Pipeline->Illuminate\\Pipeline\\{closure}()
#31 /var/www/SAAFCECEYT/vendor/laravel/framework/src/Illuminate/Pipeline/Pipeline.php(183): Illuminate\\Cookie\\Middleware\\EncryptCookies->handle()
#32 /var/www/SAAFCECEYT/vendor/laravel/framework/src/Illuminate/Pipeline/Pipeline.php(119): Illuminate\\Pipeline\\Pipeline->Illuminate\\Pipeline\\{closure}()
#33 /var/www/SAAFCECEYT/vendor/laravel/framework/src/Illuminate/Routing/Router.php(807): Illuminate\\Pipeline\\Pipeline->then()
#34 /var/www/SAAFCECEYT/vendor/laravel/framework/src/Illuminate/Routing/Router.php(786): Illuminate\\Routing\\Router->runRouteWithinStack()
#35 /var/www/SAAFCECEYT/vendor/laravel/framework/src/Illuminate/Routing/Router.php(750): Illuminate\\Routing\\Router->runRoute()
#36 /var/www/SAAFCECEYT/vendor/laravel/framework/src/Illuminate/Routing/Router.php(739): Illuminate\\Routing\\Router->dispatchToRoute()
#37 /var/www/SAAFCECEYT/vendor/laravel/framework/src/Illuminate/Foundation/Http/Kernel.php(201): Illuminate\\Routing\\Router->dispatch()
#38 /var/www/SAAFCECEYT/vendor/laravel/framework/src/Illuminate/Pipeline/Pipeline.php(144): Illuminate\\Foundation\\Http\\Kernel->Illuminate\\Foundation\\Http\\{closure}()
#39 /var/www/SAAFCECEYT/vendor/laravel/framework/src/Illuminate/Foundation/Http/Middleware/TransformsRequest.php(21): Illuminate\\Pipeline\\Pipeline->Illuminate\\Pipeline\\{closure}()
#40 /var/www/SAAFCECEYT/vendor/laravel/framework/src/Illuminate/Foundation/Http/Middleware/ConvertEmptyStringsToNull.php(31): Illuminate\\Foundation\\Http\\Middleware\\TransformsRequest->handle()
#41 /var/www/SAAFCECEYT/vendor/laravel/framework/src/Illuminate/Pipeline/Pipeline.php(183): Illuminate\\Foundation\\Http\\Middleware\\ConvertEmptyStringsToNull->handle()
#42 /var/www/SAAFCECEYT/vendor/laravel/framework/src/Illuminate/Foundation/Http/Middleware/TransformsRequest.php(21): Illuminate\\Pipeline\\Pipeline->Illuminate\\Pipeline\\{closure}()
#43 /var/www/SAAFCECEYT/vendor/laravel/framework/src/Illuminate/Foundation/Http/Middleware/TrimStrings.php(51): Illuminate\\Foundation\\Http\\Middleware\\TransformsRequest->handle()
#44 /var/www/SAAFCECEYT/vendor/laravel/framework/src/Illuminate/Pipeline/Pipeline.php(183): Illuminate\\Foundation\\Http\\Middleware\\TrimStrings->handle()
#45 /var/www/SAAFCECEYT/vendor/laravel/framework/src/Illuminate/Http/Middleware/ValidatePostSize.php(27): Illuminate\\Pipeline\\Pipeline->Illuminate\\Pipeline\\{closure}()
#46 /var/www/SAAFCECEYT/vendor/laravel/framework/src/Illuminate/Pipeline/Pipeline.php(183): Illuminate\\Http\\Middleware\\ValidatePostSize->handle()
#47 /var/www/SAAFCECEYT/vendor/laravel/framework/src/Illuminate/Foundation/Http/Middleware/PreventRequestsDuringMaintenance.php(110): Illuminate\\Pipeline\\Pipeline->Illuminate\\Pipeline\\{closure}()
#48 /var/www/SAAFCECEYT/vendor/laravel/framework/src/Illuminate/Pipeline/Pipeline.php(183): Illuminate\\Foundation\\Http\\Middleware\\PreventRequestsDuringMaintenance->handle()
#49 /var/www/SAAFCECEYT/vendor/laravel/framework/src/Illuminate/Http/Middleware/HandleCors.php(49): Illuminate\\Pipeline\\Pipeline->Illuminate\\Pipeline\\{closure}()
#50 /var/www/SAAFCECEYT/vendor/laravel/framework/src/Illuminate/Pipeline/Pipeline.php(183): Illuminate\\Http\\Middleware\\HandleCors->handle()
#51 /var/www/SAAFCECEYT/vendor/laravel/framework/src/Illuminate/Http/Middleware/TrustProxies.php(58): Illuminate\\Pipeline\\Pipeline->Illuminate\\Pipeline\\{closure}()
#52 /var/www/SAAFCECEYT/vendor/laravel/framework/src/Illuminate/Pipeline/Pipeline.php(183): Illuminate\\Http\\Middleware\\TrustProxies->handle()
#53 /var/www/SAAFCECEYT/vendor/laravel/framework/src/Illuminate/Foundation/Http/Middleware/InvokeDeferredCallbacks.php(22): Illuminate\\Pipeline\\Pipeline->Illuminate\\Pipeline\\{closure}()
#54 /var/www/SAAFCECEYT/vendor/laravel/framework/src/Illuminate/Pipeline/Pipeline.php(183): Illuminate\\Foundation\\Http\\Middleware\\InvokeDeferredCallbacks->handle()
#55 /var/www/SAAFCECEYT/vendor/laravel/framework/src/Illuminate/Pipeline/Pipeline.php(119): Illuminate\\Pipeline\\Pipeline->Illuminate\\Pipeline\\{closure}()
#56 /var/www/SAAFCECEYT/vendor/laravel/framework/src/Illuminate/Foundation/Http/Kernel.php(176): Illuminate\\Pipeline\\Pipeline->then()
#57 /var/www/SAAFCECEYT/vendor/laravel/framework/src/Illuminate/Foundation/Http/Kernel.php(145): Illuminate\\Foundation\\Http\\Kernel->sendRequestThroughRouter()
#58 /var/www/SAAFCECEYT/vendor/laravel/framework/src/Illuminate/Foundation/Application.php(1190): Illuminate\\Foundation\\Http\\Kernel->handle()
#59 /var/www/SAAFCECEYT/public/index.php(17): Illuminate\\Foundation\\Application->handleRequest()
#60 {main}
"} 
[2025-08-23 18:42:35] local.ERROR: SQLSTATE[HY000] [1045] Access denied for user 'root'@'localhost' (using password: NO) (Connection: mysql, SQL: select * from `sessions` where `id` = qiuZYFpPbemKJDivcdScP43sqHHRk1zDoBPs6bFd limit 1) {"exception":"[object] (Illuminate\\Database\\QueryException(code: 1045): SQLSTATE[HY000] [1045] Access denied for user 'root'@'localhost' (using password: NO) (Connection: mysql, SQL: select * from `sessions` where `id` = qiuZYFpPbemKJDivcdScP43sqHHRk1zDoBPs6bFd limit 1) at /var/www/SAAFCECEYT/vendor/laravel/framework/src/Illuminate/Database/Connection.php:825)
[stacktrace]
#0 /var/www/SAAFCECEYT/vendor/laravel/framework/src/Illuminate/Database/Connection.php(779): Illuminate\\Database\\Connection->runQueryCallback()
#1 /var/www/SAAFCECEYT/vendor/laravel/framework/src/Illuminate/Database/Connection.php(398): Illuminate\\Database\\Connection->run()
#2 /var/www/SAAFCECEYT/vendor/laravel/framework/src/Illuminate/Database/Query/Builder.php(3133): Illuminate\\Database\\Connection->select()
#3 /var/www/SAAFCECEYT/vendor/laravel/framework/src/Illuminate/Database/Query/Builder.php(3118): Illuminate\\Database\\Query\\Builder->runSelect()
#4 /var/www/SAAFCECEYT/vendor/laravel/framework/src/Illuminate/Database/Query/Builder.php(3706): Illuminate\\Database\\Query\\Builder->Illuminate\\Database\\Query\\{closure}()
#5 /var/www/SAAFCECEYT/vendor/laravel/framework/src/Illuminate/Database/Query/Builder.php(3117): Illuminate\\Database\\Query\\Builder->onceWithColumns()
#6 /var/www/SAAFCECEYT/vendor/laravel/framework/src/Illuminate/Database/Concerns/BuildsQueries.php(344): Illuminate\\Database\\Query\\Builder->get()
#7 /var/www/SAAFCECEYT/vendor/laravel/framework/src/Illuminate/Database/Query/Builder.php(3038): Illuminate\\Database\\Query\\Builder->first()
#8 /var/www/SAAFCECEYT/vendor/laravel/framework/src/Illuminate/Session/DatabaseSessionHandler.php(97): Illuminate\\Database\\Query\\Builder->find()
#9 /var/www/SAAFCECEYT/vendor/laravel/framework/src/Illuminate/Session/Store.php(113): Illuminate\\Session\\DatabaseSessionHandler->read()
#10 /var/www/SAAFCECEYT/vendor/laravel/framework/src/Illuminate/Session/Store.php(101): Illuminate\\Session\\Store->readFromHandler()
#11 /var/www/SAAFCECEYT/vendor/laravel/framework/src/Illuminate/Session/Store.php(85): Illuminate\\Session\\Store->loadSession()
#12 /var/www/SAAFCECEYT/vendor/laravel/framework/src/Illuminate/Session/Middleware/StartSession.php(147): Illuminate\\Session\\Store->start()
#13 /var/www/SAAFCECEYT/vendor/laravel/framework/src/Illuminate/Support/helpers.php(393): Illuminate\\Session\\Middleware\\StartSession->Illuminate\\Session\\Middleware\\{closure}()
#14 /var/www/SAAFCECEYT/vendor/laravel/framework/src/Illuminate/Session/Middleware/StartSession.php(144): tap()
#15 /var/www/SAAFCECEYT/vendor/laravel/framework/src/Illuminate/Session/Middleware/StartSession.php(116): Illuminate\\Session\\Middleware\\StartSession->startSession()
#16 /var/www/SAAFCECEYT/vendor/laravel/framework/src/Illuminate/Session/Middleware/StartSession.php(64): Illuminate\\Session\\Middleware\\StartSession->handleStatefulRequest()
#17 /var/www/SAAFCECEYT/vendor/laravel/framework/src/Illuminate/Pipeline/Pipeline.php(183): Illuminate\\Session\\Middleware\\StartSession->handle()
#18 /var/www/SAAFCECEYT/vendor/laravel/framework/src/Illuminate/Cookie/Middleware/AddQueuedCookiesToResponse.php(37): Illuminate\\Pipeline\\Pipeline->Illuminate\\Pipeline\\{closure}()
#19 /var/www/SAAFCECEYT/vendor/laravel/framework/src/Illuminate/Pipeline/Pipeline.php(183): Illuminate\\Cookie\\Middleware\\AddQueuedCookiesToResponse->handle()
#20 /var/www/SAAFCECEYT/vendor/laravel/framework/src/Illuminate/Cookie/Middleware/EncryptCookies.php(75): Illuminate\\Pipeline\\Pipeline->Illuminate\\Pipeline\\{closure}()
#21 /var/www/SAAFCECEYT/vendor/laravel/framework/src/Illuminate/Pipeline/Pipeline.php(183): Illuminate\\Cookie\\Middleware\\EncryptCookies->handle()
#22 /var/www/SAAFCECEYT/vendor/laravel/framework/src/Illuminate/Pipeline/Pipeline.php(119): Illuminate\\Pipeline\\Pipeline->Illuminate\\Pipeline\\{closure}()
#23 /var/www/SAAFCECEYT/vendor/laravel/framework/src/Illuminate/Routing/Router.php(807): Illuminate\\Pipeline\\Pipeline->then()
#24 /var/www/SAAFCECEYT/vendor/laravel/framework/src/Illuminate/Routing/Router.php(786): Illuminate\\Routing\\Router->runRouteWithinStack()
#25 /var/www/SAAFCECEYT/vendor/laravel/framework/src/Illuminate/Routing/Router.php(750): Illuminate\\Routing\\Router->runRoute()
#26 /var/www/SAAFCECEYT/vendor/laravel/framework/src/Illuminate/Routing/Router.php(739): Illuminate\\Routing\\Router->dispatchToRoute()
#27 /var/www/SAAFCECEYT/vendor/laravel/framework/src/Illuminate/Foundation/Http/Kernel.php(201): Illuminate\\Routing\\Router->dispatch()
#28 /var/www/SAAFCECEYT/vendor/laravel/framework/src/Illuminate/Pipeline/Pipeline.php(144): Illuminate\\Foundation\\Http\\Kernel->Illuminate\\Foundation\\Http\\{closure}()
#29 /var/www/SAAFCECEYT/vendor/laravel/framework/src/Illuminate/Foundation/Http/Middleware/TransformsRequest.php(21): Illuminate\\Pipeline\\Pipeline->Illuminate\\Pipeline\\{closure}()
#30 /var/www/SAAFCECEYT/vendor/laravel/framework/src/Illuminate/Foundation/Http/Middleware/ConvertEmptyStringsToNull.php(31): Illuminate\\Foundation\\Http\\Middleware\\TransformsRequest->handle()
#31 /var/www/SAAFCECEYT/vendor/laravel/framework/src/Illuminate/Pipeline/Pipeline.php(183): Illuminate\\Foundation\\Http\\Middleware\\ConvertEmptyStringsToNull->handle()
#32 /var/www/SAAFCECEYT/vendor/laravel/framework/src/Illuminate/Foundation/Http/Middleware/TransformsRequest.php(21): Illuminate\\Pipeline\\Pipeline->Illuminate\\Pipeline\\{closure}()
#33 /var/www/SAAFCECEYT/vendor/laravel/framework/src/Illuminate/Foundation/Http/Middleware/TrimStrings.php(51): Illuminate\\Foundation\\Http\\Middleware\\TransformsRequest->handle()
#34 /var/www/SAAFCECEYT/vendor/laravel/framework/src/Illuminate/Pipeline/Pipeline.php(183): Illuminate\\Foundation\\Http\\Middleware\\TrimStrings->handle()
#35 /var/www/SAAFCECEYT/vendor/laravel/framework/src/Illuminate/Http/Middleware/ValidatePostSize.php(27): Illuminate\\Pipeline\\Pipeline->Illuminate\\Pipeline\\{closure}()
#36 /var/www/SAAFCECEYT/vendor/laravel/framework/src/Illuminate/Pipeline/Pipeline.php(183): Illuminate\\Http\\Middleware\\ValidatePostSize->handle()
#37 /var/www/SAAFCECEYT/vendor/laravel/framework/src/Illuminate/Foundation/Http/Middleware/PreventRequestsDuringMaintenance.php(110): Illuminate\\Pipeline\\Pipeline->Illuminate\\Pipeline\\{closure}()
#38 /var/www/SAAFCECEYT/vendor/laravel/framework/src/Illuminate/Pipeline/Pipeline.php(183): Illuminate\\Foundation\\Http\\Middleware\\PreventRequestsDuringMaintenance->handle()
#39 /var/www/SAAFCECEYT/vendor/laravel/framework/src/Illuminate/Http/Middleware/HandleCors.php(49): Illuminate\\Pipeline\\Pipeline->Illuminate\\Pipeline\\{closure}()
#40 /var/www/SAAFCECEYT/vendor/laravel/framework/src/Illuminate/Pipeline/Pipeline.php(183): Illuminate\\Http\\Middleware\\HandleCors->handle()
#41 /var/www/SAAFCECEYT/vendor/laravel/framework/src/Illuminate/Http/Middleware/TrustProxies.php(58): Illuminate\\Pipeline\\Pipeline->Illuminate\\Pipeline\\{closure}()
#42 /var/www/SAAFCECEYT/vendor/laravel/framework/src/Illuminate/Pipeline/Pipeline.php(183): Illuminate\\Http\\Middleware\\TrustProxies->handle()
#43 /var/www/SAAFCECEYT/vendor/laravel/framework/src/Illuminate/Foundation/Http/Middleware/InvokeDeferredCallbacks.php(22): Illuminate\\Pipeline\\Pipeline->Illuminate\\Pipeline\\{closure}()
#44 /var/www/SAAFCECEYT/vendor/laravel/framework/src/Illuminate/Pipeline/Pipeline.php(183): Illuminate\\Foundation\\Http\\Middleware\\InvokeDeferredCallbacks->handle()
#45 /var/www/SAAFCECEYT/vendor/laravel/framework/src/Illuminate/Pipeline/Pipeline.php(119): Illuminate\\Pipeline\\Pipeline->Illuminate\\Pipeline\\{closure}()
#46 /var/www/SAAFCECEYT/vendor/laravel/framework/src/Illuminate/Foundation/Http/Kernel.php(176): Illuminate\\Pipeline\\Pipeline->then()
#47 /var/www/SAAFCECEYT/vendor/laravel/framework/src/Illuminate/Foundation/Http/Kernel.php(145): Illuminate\\Foundation\\Http\\Kernel->sendRequestThroughRouter()
#48 /var/www/SAAFCECEYT/vendor/laravel/framework/src/Illuminate/Foundation/Application.php(1190): Illuminate\\Foundation\\Http\\Kernel->handle()
#49 /var/www/SAAFCECEYT/public/index.php(17): Illuminate\\Foundation\\Application->handleRequest()
#50 {main}

[previous exception] [object] (PDOException(code: 1045): SQLSTATE[HY000] [1045] Access denied for user 'root'@'localhost' (using password: NO) at /var/www/SAAFCECEYT/vendor/laravel/framework/src/Illuminate/Database/Connectors/Connector.php:66)
[stacktrace]
#0 /var/www/SAAFCECEYT/vendor/laravel/framework/src/Illuminate/Database/Connectors/Connector.php(66): PDO->__construct()
#1 /var/www/SAAFCECEYT/vendor/laravel/framework/src/Illuminate/Database/Connectors/Connector.php(44): Illuminate\\Database\\Connectors\\Connector->createPdoConnection()
#2 /var/www/SAAFCECEYT/vendor/laravel/framework/src/Illuminate/Database/Connectors/MySqlConnector.php(24): Illuminate\\Database\\Connectors\\Connector->createConnection()
#3 /var/www/SAAFCECEYT/vendor/laravel/framework/src/Illuminate/Database/Connectors/ConnectionFactory.php(185): Illuminate\\Database\\Connectors\\MySqlConnector->connect()
#4 [internal function]: Illuminate\\Database\\Connectors\\ConnectionFactory->Illuminate\\Database\\Connectors\\{closure}()
#5 /var/www/SAAFCECEYT/vendor/laravel/framework/src/Illuminate/Database/Connection.php(1231): call_user_func()
#6 /var/www/SAAFCECEYT/vendor/laravel/framework/src/Illuminate/Database/Connection.php(1267): Illuminate\\Database\\Connection->getPdo()
#7 /var/www/SAAFCECEYT/vendor/laravel/framework/src/Illuminate/Database/Connection.php(512): Illuminate\\Database\\Connection->getReadPdo()
#8 /var/www/SAAFCECEYT/vendor/laravel/framework/src/Illuminate/Database/Connection.php(407): Illuminate\\Database\\Connection->getPdoForSelect()
#9 /var/www/SAAFCECEYT/vendor/laravel/framework/src/Illuminate/Database/Connection.php(812): Illuminate\\Database\\Connection->Illuminate\\Database\\{closure}()
#10 /var/www/SAAFCECEYT/vendor/laravel/framework/src/Illuminate/Database/Connection.php(779): Illuminate\\Database\\Connection->runQueryCallback()
#11 /var/www/SAAFCECEYT/vendor/laravel/framework/src/Illuminate/Database/Connection.php(398): Illuminate\\Database\\Connection->run()
#12 /var/www/SAAFCECEYT/vendor/laravel/framework/src/Illuminate/Database/Query/Builder.php(3133): Illuminate\\Database\\Connection->select()
#13 /var/www/SAAFCECEYT/vendor/laravel/framework/src/Illuminate/Database/Query/Builder.php(3118): Illuminate\\Database\\Query\\Builder->runSelect()
#14 /var/www/SAAFCECEYT/vendor/laravel/framework/src/Illuminate/Database/Query/Builder.php(3706): Illuminate\\Database\\Query\\Builder->Illuminate\\Database\\Query\\{closure}()
#15 /var/www/SAAFCECEYT/vendor/laravel/framework/src/Illuminate/Database/Query/Builder.php(3117): Illuminate\\Database\\Query\\Builder->onceWithColumns()
#16 /var/www/SAAFCECEYT/vendor/laravel/framework/src/Illuminate/Database/Concerns/BuildsQueries.php(344): Illuminate\\Database\\Query\\Builder->get()
#17 /var/www/SAAFCECEYT/vendor/laravel/framework/src/Illuminate/Database/Query/Builder.php(3038): Illuminate\\Database\\Query\\Builder->first()
#18 /var/www/SAAFCECEYT/vendor/laravel/framework/src/Illuminate/Session/DatabaseSessionHandler.php(97): Illuminate\\Database\\Query\\Builder->find()
#19 /var/www/SAAFCECEYT/vendor/laravel/framework/src/Illuminate/Session/Store.php(113): Illuminate\\Session\\DatabaseSessionHandler->read()
#20 /var/www/SAAFCECEYT/vendor/laravel/framework/src/Illuminate/Session/Store.php(101): Illuminate\\Session\\Store->readFromHandler()
#21 /var/www/SAAFCECEYT/vendor/laravel/framework/src/Illuminate/Session/Store.php(85): Illuminate\\Session\\Store->loadSession()
#22 /var/www/SAAFCECEYT/vendor/laravel/framework/src/Illuminate/Session/Middleware/StartSession.php(147): Illuminate\\Session\\Store->start()
#23 /var/www/SAAFCECEYT/vendor/laravel/framework/src/Illuminate/Support/helpers.php(393): Illuminate\\Session\\Middleware\\StartSession->Illuminate\\Session\\Middleware\\{closure}()
#24 /var/www/SAAFCECEYT/vendor/laravel/framework/src/Illuminate/Session/Middleware/StartSession.php(144): tap()
#25 /var/www/SAAFCECEYT/vendor/laravel/framework/src/Illuminate/Session/Middleware/StartSession.php(116): Illuminate\\Session\\Middleware\\StartSession->startSession()
#26 /var/www/SAAFCECEYT/vendor/laravel/framework/src/Illuminate/Session/Middleware/StartSession.php(64): Illuminate\\Session\\Middleware\\StartSession->handleStatefulRequest()
#27 /var/www/SAAFCECEYT/vendor/laravel/framework/src/Illuminate/Pipeline/Pipeline.php(183): Illuminate\\Session\\Middleware\\StartSession->handle()
#28 /var/www/SAAFCECEYT/vendor/laravel/framework/src/Illuminate/Cookie/Middleware/AddQueuedCookiesToResponse.php(37): Illuminate\\Pipeline\\Pipeline->Illuminate\\Pipeline\\{closure}()
#29 /var/www/SAAFCECEYT/vendor/laravel/framework/src/Illuminate/Pipeline/Pipeline.php(183): Illuminate\\Cookie\\Middleware\\AddQueuedCookiesToResponse->handle()
#30 /var/www/SAAFCECEYT/vendor/laravel/framework/src/Illuminate/Cookie/Middleware/EncryptCookies.php(75): Illuminate\\Pipeline\\Pipeline->Illuminate\\Pipeline\\{closure}()
#31 /var/www/SAAFCECEYT/vendor/laravel/framework/src/Illuminate/Pipeline/Pipeline.php(183): Illuminate\\Cookie\\Middleware\\EncryptCookies->handle()
#32 /var/www/SAAFCECEYT/vendor/laravel/framework/src/Illuminate/Pipeline/Pipeline.php(119): Illuminate\\Pipeline\\Pipeline->Illuminate\\Pipeline\\{closure}()
#33 /var/www/SAAFCECEYT/vendor/laravel/framework/src/Illuminate/Routing/Router.php(807): Illuminate\\Pipeline\\Pipeline->then()
#34 /var/www/SAAFCECEYT/vendor/laravel/framework/src/Illuminate/Routing/Router.php(786): Illuminate\\Routing\\Router->runRouteWithinStack()
#35 /var/www/SAAFCECEYT/vendor/laravel/framework/src/Illuminate/Routing/Router.php(750): Illuminate\\Routing\\Router->runRoute()
#36 /var/www/SAAFCECEYT/vendor/laravel/framework/src/Illuminate/Routing/Router.php(739): Illuminate\\Routing\\Router->dispatchToRoute()
#37 /var/www/SAAFCECEYT/vendor/laravel/framework/src/Illuminate/Foundation/Http/Kernel.php(201): Illuminate\\Routing\\Router->dispatch()
#38 /var/www/SAAFCECEYT/vendor/laravel/framework/src/Illuminate/Pipeline/Pipeline.php(144): Illuminate\\Foundation\\Http\\Kernel->Illuminate\\Foundation\\Http\\{closure}()
#39 /var/www/SAAFCECEYT/vendor/laravel/framework/src/Illuminate/Foundation/Http/Middleware/TransformsRequest.php(21): Illuminate\\Pipeline\\Pipeline->Illuminate\\Pipeline\\{closure}()
#40 /var/www/SAAFCECEYT/vendor/laravel/framework/src/Illuminate/Foundation/Http/Middleware/ConvertEmptyStringsToNull.php(31): Illuminate\\Foundation\\Http\\Middleware\\TransformsRequest->handle()
#41 /var/www/SAAFCECEYT/vendor/laravel/framework/src/Illuminate/Pipeline/Pipeline.php(183): Illuminate\\Foundation\\Http\\Middleware\\ConvertEmptyStringsToNull->handle()
#42 /var/www/SAAFCECEYT/vendor/laravel/framework/src/Illuminate/Foundation/Http/Middleware/TransformsRequest.php(21): Illuminate\\Pipeline\\Pipeline->Illuminate\\Pipeline\\{closure}()
#43 /var/www/SAAFCECEYT/vendor/laravel/framework/src/Illuminate/Foundation/Http/Middleware/TrimStrings.php(51): Illuminate\\Foundation\\Http\\Middleware\\TransformsRequest->handle()
#44 /var/www/SAAFCECEYT/vendor/laravel/framework/src/Illuminate/Pipeline/Pipeline.php(183): Illuminate\\Foundation\\Http\\Middleware\\TrimStrings->handle()
#45 /var/www/SAAFCECEYT/vendor/laravel/framework/src/Illuminate/Http/Middleware/ValidatePostSize.php(27): Illuminate\\Pipeline\\Pipeline->Illuminate\\Pipeline\\{closure}()
#46 /var/www/SAAFCECEYT/vendor/laravel/framework/src/Illuminate/Pipeline/Pipeline.php(183): Illuminate\\Http\\Middleware\\ValidatePostSize->handle()
#47 /var/www/SAAFCECEYT/vendor/laravel/framework/src/Illuminate/Foundation/Http/Middleware/PreventRequestsDuringMaintenance.php(110): Illuminate\\Pipeline\\Pipeline->Illuminate\\Pipeline\\{closure}()
#48 /var/www/SAAFCECEYT/vendor/laravel/framework/src/Illuminate/Pipeline/Pipeline.php(183): Illuminate\\Foundation\\Http\\Middleware\\PreventRequestsDuringMaintenance->handle()
#49 /var/www/SAAFCECEYT/vendor/laravel/framework/src/Illuminate/Http/Middleware/HandleCors.php(49): Illuminate\\Pipeline\\Pipeline->Illuminate\\Pipeline\\{closure}()
#50 /var/www/SAAFCECEYT/vendor/laravel/framework/src/Illuminate/Pipeline/Pipeline.php(183): Illuminate\\Http\\Middleware\\HandleCors->handle()
#51 /var/www/SAAFCECEYT/vendor/laravel/framework/src/Illuminate/Http/Middleware/TrustProxies.php(58): Illuminate\\Pipeline\\Pipeline->Illuminate\\Pipeline\\{closure}()
#52 /var/www/SAAFCECEYT/vendor/laravel/framework/src/Illuminate/Pipeline/Pipeline.php(183): Illuminate\\Http\\Middleware\\TrustProxies->handle()
#53 /var/www/SAAFCECEYT/vendor/laravel/framework/src/Illuminate/Foundation/Http/Middleware/InvokeDeferredCallbacks.php(22): Illuminate\\Pipeline\\Pipeline->Illuminate\\Pipeline\\{closure}()
#54 /var/www/SAAFCECEYT/vendor/laravel/framework/src/Illuminate/Pipeline/Pipeline.php(183): Illuminate\\Foundation\\Http\\Middleware\\InvokeDeferredCallbacks->handle()
#55 /var/www/SAAFCECEYT/vendor/laravel/framework/src/Illuminate/Pipeline/Pipeline.php(119): Illuminate\\Pipeline\\Pipeline->Illuminate\\Pipeline\\{closure}()
#56 /var/www/SAAFCECEYT/vendor/laravel/framework/src/Illuminate/Foundation/Http/Kernel.php(176): Illuminate\\Pipeline\\Pipeline->then()
#57 /var/www/SAAFCECEYT/vendor/laravel/framework/src/Illuminate/Foundation/Http/Kernel.php(145): Illuminate\\Foundation\\Http\\Kernel->sendRequestThroughRouter()
#58 /var/www/SAAFCECEYT/vendor/laravel/framework/src/Illuminate/Foundation/Application.php(1190): Illuminate\\Foundation\\Http\\Kernel->handle()
#59 /var/www/SAAFCECEYT/public/index.php(17): Illuminate\\Foundation\\Application->handleRequest()
#60 {main}
"} 
[2025-08-23 18:42:39] local.ERROR: SQLSTATE[HY000] [1045] Access denied for user 'root'@'localhost' (using password: NO) (Connection: mysql, SQL: select * from `sessions` where `id` = mFBU6WF1UkdvFYwRLv4h8TLttNU2O6u9Nx0yXSWQ limit 1) {"exception":"[object] (Illuminate\\Database\\QueryException(code: 1045): SQLSTATE[HY000] [1045] Access denied for user 'root'@'localhost' (using password: NO) (Connection: mysql, SQL: select * from `sessions` where `id` = mFBU6WF1UkdvFYwRLv4h8TLttNU2O6u9Nx0yXSWQ limit 1) at /var/www/SAAFCECEYT/vendor/laravel/framework/src/Illuminate/Database/Connection.php:825)
[stacktrace]
#0 /var/www/SAAFCECEYT/vendor/laravel/framework/src/Illuminate/Database/Connection.php(779): Illuminate\\Database\\Connection->runQueryCallback()
#1 /var/www/SAAFCECEYT/vendor/laravel/framework/src/Illuminate/Database/Connection.php(398): Illuminate\\Database\\Connection->run()
#2 /var/www/SAAFCECEYT/vendor/laravel/framework/src/Illuminate/Database/Query/Builder.php(3133): Illuminate\\Database\\Connection->select()
#3 /var/www/SAAFCECEYT/vendor/laravel/framework/src/Illuminate/Database/Query/Builder.php(3118): Illuminate\\Database\\Query\\Builder->runSelect()
#4 /var/www/SAAFCECEYT/vendor/laravel/framework/src/Illuminate/Database/Query/Builder.php(3706): Illuminate\\Database\\Query\\Builder->Illuminate\\Database\\Query\\{closure}()
#5 /var/www/SAAFCECEYT/vendor/laravel/framework/src/Illuminate/Database/Query/Builder.php(3117): Illuminate\\Database\\Query\\Builder->onceWithColumns()
#6 /var/www/SAAFCECEYT/vendor/laravel/framework/src/Illuminate/Database/Concerns/BuildsQueries.php(344): Illuminate\\Database\\Query\\Builder->get()
#7 /var/www/SAAFCECEYT/vendor/laravel/framework/src/Illuminate/Database/Query/Builder.php(3038): Illuminate\\Database\\Query\\Builder->first()
#8 /var/www/SAAFCECEYT/vendor/laravel/framework/src/Illuminate/Session/DatabaseSessionHandler.php(97): Illuminate\\Database\\Query\\Builder->find()
#9 /var/www/SAAFCECEYT/vendor/laravel/framework/src/Illuminate/Session/Store.php(113): Illuminate\\Session\\DatabaseSessionHandler->read()
#10 /var/www/SAAFCECEYT/vendor/laravel/framework/src/Illuminate/Session/Store.php(101): Illuminate\\Session\\Store->readFromHandler()
#11 /var/www/SAAFCECEYT/vendor/laravel/framework/src/Illuminate/Session/Store.php(85): Illuminate\\Session\\Store->loadSession()
#12 /var/www/SAAFCECEYT/vendor/laravel/framework/src/Illuminate/Session/Middleware/StartSession.php(147): Illuminate\\Session\\Store->start()
#13 /var/www/SAAFCECEYT/vendor/laravel/framework/src/Illuminate/Support/helpers.php(393): Illuminate\\Session\\Middleware\\StartSession->Illuminate\\Session\\Middleware\\{closure}()
#14 /var/www/SAAFCECEYT/vendor/laravel/framework/src/Illuminate/Session/Middleware/StartSession.php(144): tap()
#15 /var/www/SAAFCECEYT/vendor/laravel/framework/src/Illuminate/Session/Middleware/StartSession.php(116): Illuminate\\Session\\Middleware\\StartSession->startSession()
#16 /var/www/SAAFCECEYT/vendor/laravel/framework/src/Illuminate/Session/Middleware/StartSession.php(64): Illuminate\\Session\\Middleware\\StartSession->handleStatefulRequest()
#17 /var/www/SAAFCECEYT/vendor/laravel/framework/src/Illuminate/Pipeline/Pipeline.php(183): Illuminate\\Session\\Middleware\\StartSession->handle()
#18 /var/www/SAAFCECEYT/vendor/laravel/framework/src/Illuminate/Cookie/Middleware/AddQueuedCookiesToResponse.php(37): Illuminate\\Pipeline\\Pipeline->Illuminate\\Pipeline\\{closure}()
#19 /var/www/SAAFCECEYT/vendor/laravel/framework/src/Illuminate/Pipeline/Pipeline.php(183): Illuminate\\Cookie\\Middleware\\AddQueuedCookiesToResponse->handle()
#20 /var/www/SAAFCECEYT/vendor/laravel/framework/src/Illuminate/Cookie/Middleware/EncryptCookies.php(75): Illuminate\\Pipeline\\Pipeline->Illuminate\\Pipeline\\{closure}()
#21 /var/www/SAAFCECEYT/vendor/laravel/framework/src/Illuminate/Pipeline/Pipeline.php(183): Illuminate\\Cookie\\Middleware\\EncryptCookies->handle()
#22 /var/www/SAAFCECEYT/vendor/laravel/framework/src/Illuminate/Pipeline/Pipeline.php(119): Illuminate\\Pipeline\\Pipeline->Illuminate\\Pipeline\\{closure}()
#23 /var/www/SAAFCECEYT/vendor/laravel/framework/src/Illuminate/Routing/Router.php(807): Illuminate\\Pipeline\\Pipeline->then()
#24 /var/www/SAAFCECEYT/vendor/laravel/framework/src/Illuminate/Routing/Router.php(786): Illuminate\\Routing\\Router->runRouteWithinStack()
#25 /var/www/SAAFCECEYT/vendor/laravel/framework/src/Illuminate/Routing/Router.php(750): Illuminate\\Routing\\Router->runRoute()
#26 /var/www/SAAFCECEYT/vendor/laravel/framework/src/Illuminate/Routing/Router.php(739): Illuminate\\Routing\\Router->dispatchToRoute()
#27 /var/www/SAAFCECEYT/vendor/laravel/framework/src/Illuminate/Foundation/Http/Kernel.php(201): Illuminate\\Routing\\Router->dispatch()
#28 /var/www/SAAFCECEYT/vendor/laravel/framework/src/Illuminate/Pipeline/Pipeline.php(144): Illuminate\\Foundation\\Http\\Kernel->Illuminate\\Foundation\\Http\\{closure}()
#29 /var/www/SAAFCECEYT/vendor/laravel/framework/src/Illuminate/Foundation/Http/Middleware/TransformsRequest.php(21): Illuminate\\Pipeline\\Pipeline->Illuminate\\Pipeline\\{closure}()
#30 /var/www/SAAFCECEYT/vendor/laravel/framework/src/Illuminate/Foundation/Http/Middleware/ConvertEmptyStringsToNull.php(31): Illuminate\\Foundation\\Http\\Middleware\\TransformsRequest->handle()
#31 /var/www/SAAFCECEYT/vendor/laravel/framework/src/Illuminate/Pipeline/Pipeline.php(183): Illuminate\\Foundation\\Http\\Middleware\\ConvertEmptyStringsToNull->handle()
#32 /var/www/SAAFCECEYT/vendor/laravel/framework/src/Illuminate/Foundation/Http/Middleware/TransformsRequest.php(21): Illuminate\\Pipeline\\Pipeline->Illuminate\\Pipeline\\{closure}()
#33 /var/www/SAAFCECEYT/vendor/laravel/framework/src/Illuminate/Foundation/Http/Middleware/TrimStrings.php(51): Illuminate\\Foundation\\Http\\Middleware\\TransformsRequest->handle()
#34 /var/www/SAAFCECEYT/vendor/laravel/framework/src/Illuminate/Pipeline/Pipeline.php(183): Illuminate\\Foundation\\Http\\Middleware\\TrimStrings->handle()
#35 /var/www/SAAFCECEYT/vendor/laravel/framework/src/Illuminate/Http/Middleware/ValidatePostSize.php(27): Illuminate\\Pipeline\\Pipeline->Illuminate\\Pipeline\\{closure}()
#36 /var/www/SAAFCECEYT/vendor/laravel/framework/src/Illuminate/Pipeline/Pipeline.php(183): Illuminate\\Http\\Middleware\\ValidatePostSize->handle()
#37 /var/www/SAAFCECEYT/vendor/laravel/framework/src/Illuminate/Foundation/Http/Middleware/PreventRequestsDuringMaintenance.php(110): Illuminate\\Pipeline\\Pipeline->Illuminate\\Pipeline\\{closure}()
#38 /var/www/SAAFCECEYT/vendor/laravel/framework/src/Illuminate/Pipeline/Pipeline.php(183): Illuminate\\Foundation\\Http\\Middleware\\PreventRequestsDuringMaintenance->handle()
#39 /var/www/SAAFCECEYT/vendor/laravel/framework/src/Illuminate/Http/Middleware/HandleCors.php(49): Illuminate\\Pipeline\\Pipeline->Illuminate\\Pipeline\\{closure}()
#40 /var/www/SAAFCECEYT/vendor/laravel/framework/src/Illuminate/Pipeline/Pipeline.php(183): Illuminate\\Http\\Middleware\\HandleCors->handle()
#41 /var/www/SAAFCECEYT/vendor/laravel/framework/src/Illuminate/Http/Middleware/TrustProxies.php(58): Illuminate\\Pipeline\\Pipeline->Illuminate\\Pipeline\\{closure}()
#42 /var/www/SAAFCECEYT/vendor/laravel/framework/src/Illuminate/Pipeline/Pipeline.php(183): Illuminate\\Http\\Middleware\\TrustProxies->handle()
#43 /var/www/SAAFCECEYT/vendor/laravel/framework/src/Illuminate/Foundation/Http/Middleware/InvokeDeferredCallbacks.php(22): Illuminate\\Pipeline\\Pipeline->Illuminate\\Pipeline\\{closure}()
#44 /var/www/SAAFCECEYT/vendor/laravel/framework/src/Illuminate/Pipeline/Pipeline.php(183): Illuminate\\Foundation\\Http\\Middleware\\InvokeDeferredCallbacks->handle()
#45 /var/www/SAAFCECEYT/vendor/laravel/framework/src/Illuminate/Pipeline/Pipeline.php(119): Illuminate\\Pipeline\\Pipeline->Illuminate\\Pipeline\\{closure}()
#46 /var/www/SAAFCECEYT/vendor/laravel/framework/src/Illuminate/Foundation/Http/Kernel.php(176): Illuminate\\Pipeline\\Pipeline->then()
#47 /var/www/SAAFCECEYT/vendor/laravel/framework/src/Illuminate/Foundation/Http/Kernel.php(145): Illuminate\\Foundation\\Http\\Kernel->sendRequestThroughRouter()
#48 /var/www/SAAFCECEYT/vendor/laravel/framework/src/Illuminate/Foundation/Application.php(1190): Illuminate\\Foundation\\Http\\Kernel->handle()
#49 /var/www/SAAFCECEYT/public/index.php(17): Illuminate\\Foundation\\Application->handleRequest()
#50 {main}

[previous exception] [object] (PDOException(code: 1045): SQLSTATE[HY000] [1045] Access denied for user 'root'@'localhost' (using password: NO) at /var/www/SAAFCECEYT/vendor/laravel/framework/src/Illuminate/Database/Connectors/Connector.php:66)
[stacktrace]
#0 /var/www/SAAFCECEYT/vendor/laravel/framework/src/Illuminate/Database/Connectors/Connector.php(66): PDO->__construct()
#1 /var/www/SAAFCECEYT/vendor/laravel/framework/src/Illuminate/Database/Connectors/Connector.php(44): Illuminate\\Database\\Connectors\\Connector->createPdoConnection()
#2 /var/www/SAAFCECEYT/vendor/laravel/framework/src/Illuminate/Database/Connectors/MySqlConnector.php(24): Illuminate\\Database\\Connectors\\Connector->createConnection()
#3 /var/www/SAAFCECEYT/vendor/laravel/framework/src/Illuminate/Database/Connectors/ConnectionFactory.php(185): Illuminate\\Database\\Connectors\\MySqlConnector->connect()
#4 [internal function]: Illuminate\\Database\\Connectors\\ConnectionFactory->Illuminate\\Database\\Connectors\\{closure}()
#5 /var/www/SAAFCECEYT/vendor/laravel/framework/src/Illuminate/Database/Connection.php(1231): call_user_func()
#6 /var/www/SAAFCECEYT/vendor/laravel/framework/src/Illuminate/Database/Connection.php(1267): Illuminate\\Database\\Connection->getPdo()
#7 /var/www/SAAFCECEYT/vendor/laravel/framework/src/Illuminate/Database/Connection.php(512): Illuminate\\Database\\Connection->getReadPdo()
#8 /var/www/SAAFCECEYT/vendor/laravel/framework/src/Illuminate/Database/Connection.php(407): Illuminate\\Database\\Connection->getPdoForSelect()
#9 /var/www/SAAFCECEYT/vendor/laravel/framework/src/Illuminate/Database/Connection.php(812): Illuminate\\Database\\Connection->Illuminate\\Database\\{closure}()
#10 /var/www/SAAFCECEYT/vendor/laravel/framework/src/Illuminate/Database/Connection.php(779): Illuminate\\Database\\Connection->runQueryCallback()
#11 /var/www/SAAFCECEYT/vendor/laravel/framework/src/Illuminate/Database/Connection.php(398): Illuminate\\Database\\Connection->run()
#12 /var/www/SAAFCECEYT/vendor/laravel/framework/src/Illuminate/Database/Query/Builder.php(3133): Illuminate\\Database\\Connection->select()
#13 /var/www/SAAFCECEYT/vendor/laravel/framework/src/Illuminate/Database/Query/Builder.php(3118): Illuminate\\Database\\Query\\Builder->runSelect()
#14 /var/www/SAAFCECEYT/vendor/laravel/framework/src/Illuminate/Database/Query/Builder.php(3706): Illuminate\\Database\\Query\\Builder->Illuminate\\Database\\Query\\{closure}()
#15 /var/www/SAAFCECEYT/vendor/laravel/framework/src/Illuminate/Database/Query/Builder.php(3117): Illuminate\\Database\\Query\\Builder->onceWithColumns()
#16 /var/www/SAAFCECEYT/vendor/laravel/framework/src/Illuminate/Database/Concerns/BuildsQueries.php(344): Illuminate\\Database\\Query\\Builder->get()
#17 /var/www/SAAFCECEYT/vendor/laravel/framework/src/Illuminate/Database/Query/Builder.php(3038): Illuminate\\Database\\Query\\Builder->first()
#18 /var/www/SAAFCECEYT/vendor/laravel/framework/src/Illuminate/Session/DatabaseSessionHandler.php(97): Illuminate\\Database\\Query\\Builder->find()
#19 /var/www/SAAFCECEYT/vendor/laravel/framework/src/Illuminate/Session/Store.php(113): Illuminate\\Session\\DatabaseSessionHandler->read()
#20 /var/www/SAAFCECEYT/vendor/laravel/framework/src/Illuminate/Session/Store.php(101): Illuminate\\Session\\Store->readFromHandler()
#21 /var/www/SAAFCECEYT/vendor/laravel/framework/src/Illuminate/Session/Store.php(85): Illuminate\\Session\\Store->loadSession()
#22 /var/www/SAAFCECEYT/vendor/laravel/framework/src/Illuminate/Session/Middleware/StartSession.php(147): Illuminate\\Session\\Store->start()
#23 /var/www/SAAFCECEYT/vendor/laravel/framework/src/Illuminate/Support/helpers.php(393): Illuminate\\Session\\Middleware\\StartSession->Illuminate\\Session\\Middleware\\{closure}()
#24 /var/www/SAAFCECEYT/vendor/laravel/framework/src/Illuminate/Session/Middleware/StartSession.php(144): tap()
#25 /var/www/SAAFCECEYT/vendor/laravel/framework/src/Illuminate/Session/Middleware/StartSession.php(116): Illuminate\\Session\\Middleware\\StartSession->startSession()
#26 /var/www/SAAFCECEYT/vendor/laravel/framework/src/Illuminate/Session/Middleware/StartSession.php(64): Illuminate\\Session\\Middleware\\StartSession->handleStatefulRequest()
#27 /var/www/SAAFCECEYT/vendor/laravel/framework/src/Illuminate/Pipeline/Pipeline.php(183): Illuminate\\Session\\Middleware\\StartSession->handle()
#28 /var/www/SAAFCECEYT/vendor/laravel/framework/src/Illuminate/Cookie/Middleware/AddQueuedCookiesToResponse.php(37): Illuminate\\Pipeline\\Pipeline->Illuminate\\Pipeline\\{closure}()
#29 /var/www/SAAFCECEYT/vendor/laravel/framework/src/Illuminate/Pipeline/Pipeline.php(183): Illuminate\\Cookie\\Middleware\\AddQueuedCookiesToResponse->handle()
#30 /var/www/SAAFCECEYT/vendor/laravel/framework/src/Illuminate/Cookie/Middleware/EncryptCookies.php(75): Illuminate\\Pipeline\\Pipeline->Illuminate\\Pipeline\\{closure}()
#31 /var/www/SAAFCECEYT/vendor/laravel/framework/src/Illuminate/Pipeline/Pipeline.php(183): Illuminate\\Cookie\\Middleware\\EncryptCookies->handle()
#32 /var/www/SAAFCECEYT/vendor/laravel/framework/src/Illuminate/Pipeline/Pipeline.php(119): Illuminate\\Pipeline\\Pipeline->Illuminate\\Pipeline\\{closure}()
#33 /var/www/SAAFCECEYT/vendor/laravel/framework/src/Illuminate/Routing/Router.php(807): Illuminate\\Pipeline\\Pipeline->then()
#34 /var/www/SAAFCECEYT/vendor/laravel/framework/src/Illuminate/Routing/Router.php(786): Illuminate\\Routing\\Router->runRouteWithinStack()
#35 /var/www/SAAFCECEYT/vendor/laravel/framework/src/Illuminate/Routing/Router.php(750): Illuminate\\Routing\\Router->runRoute()
#36 /var/www/SAAFCECEYT/vendor/laravel/framework/src/Illuminate/Routing/Router.php(739): Illuminate\\Routing\\Router->dispatchToRoute()
#37 /var/www/SAAFCECEYT/vendor/laravel/framework/src/Illuminate/Foundation/Http/Kernel.php(201): Illuminate\\Routing\\Router->dispatch()
#38 /var/www/SAAFCECEYT/vendor/laravel/framework/src/Illuminate/Pipeline/Pipeline.php(144): Illuminate\\Foundation\\Http\\Kernel->Illuminate\\Foundation\\Http\\{closure}()
#39 /var/www/SAAFCECEYT/vendor/laravel/framework/src/Illuminate/Foundation/Http/Middleware/TransformsRequest.php(21): Illuminate\\Pipeline\\Pipeline->Illuminate\\Pipeline\\{closure}()
#40 /var/www/SAAFCECEYT/vendor/laravel/framework/src/Illuminate/Foundation/Http/Middleware/ConvertEmptyStringsToNull.php(31): Illuminate\\Foundation\\Http\\Middleware\\TransformsRequest->handle()
#41 /var/www/SAAFCECEYT/vendor/laravel/framework/src/Illuminate/Pipeline/Pipeline.php(183): Illuminate\\Foundation\\Http\\Middleware\\ConvertEmptyStringsToNull->handle()
#42 /var/www/SAAFCECEYT/vendor/laravel/framework/src/Illuminate/Foundation/Http/Middleware/TransformsRequest.php(21): Illuminate\\Pipeline\\Pipeline->Illuminate\\Pipeline\\{closure}()
#43 /var/www/SAAFCECEYT/vendor/laravel/framework/src/Illuminate/Foundation/Http/Middleware/TrimStrings.php(51): Illuminate\\Foundation\\Http\\Middleware\\TransformsRequest->handle()
#44 /var/www/SAAFCECEYT/vendor/laravel/framework/src/Illuminate/Pipeline/Pipeline.php(183): Illuminate\\Foundation\\Http\\Middleware\\TrimStrings->handle()
#45 /var/www/SAAFCECEYT/vendor/laravel/framework/src/Illuminate/Http/Middleware/ValidatePostSize.php(27): Illuminate\\Pipeline\\Pipeline->Illuminate\\Pipeline\\{closure}()
#46 /var/www/SAAFCECEYT/vendor/laravel/framework/src/Illuminate/Pipeline/Pipeline.php(183): Illuminate\\Http\\Middleware\\ValidatePostSize->handle()
#47 /var/www/SAAFCECEYT/vendor/laravel/framework/src/Illuminate/Foundation/Http/Middleware/PreventRequestsDuringMaintenance.php(110): Illuminate\\Pipeline\\Pipeline->Illuminate\\Pipeline\\{closure}()
#48 /var/www/SAAFCECEYT/vendor/laravel/framework/src/Illuminate/Pipeline/Pipeline.php(183): Illuminate\\Foundation\\Http\\Middleware\\PreventRequestsDuringMaintenance->handle()
#49 /var/www/SAAFCECEYT/vendor/laravel/framework/src/Illuminate/Http/Middleware/HandleCors.php(49): Illuminate\\Pipeline\\Pipeline->Illuminate\\Pipeline\\{closure}()
#50 /var/www/SAAFCECEYT/vendor/laravel/framework/src/Illuminate/Pipeline/Pipeline.php(183): Illuminate\\Http\\Middleware\\HandleCors->handle()
#51 /var/www/SAAFCECEYT/vendor/laravel/framework/src/Illuminate/Http/Middleware/TrustProxies.php(58): Illuminate\\Pipeline\\Pipeline->Illuminate\\Pipeline\\{closure}()
#52 /var/www/SAAFCECEYT/vendor/laravel/framework/src/Illuminate/Pipeline/Pipeline.php(183): Illuminate\\Http\\Middleware\\TrustProxies->handle()
#53 /var/www/SAAFCECEYT/vendor/laravel/framework/src/Illuminate/Foundation/Http/Middleware/InvokeDeferredCallbacks.php(22): Illuminate\\Pipeline\\Pipeline->Illuminate\\Pipeline\\{closure}()
#54 /var/www/SAAFCECEYT/vendor/laravel/framework/src/Illuminate/Pipeline/Pipeline.php(183): Illuminate\\Foundation\\Http\\Middleware\\InvokeDeferredCallbacks->handle()
#55 /var/www/SAAFCECEYT/vendor/laravel/framework/src/Illuminate/Pipeline/Pipeline.php(119): Illuminate\\Pipeline\\Pipeline->Illuminate\\Pipeline\\{closure}()
#56 /var/www/SAAFCECEYT/vendor/laravel/framework/src/Illuminate/Foundation/Http/Kernel.php(176): Illuminate\\Pipeline\\Pipeline->then()
#57 /var/www/SAAFCECEYT/vendor/laravel/framework/src/Illuminate/Foundation/Http/Kernel.php(145): Illuminate\\Foundation\\Http\\Kernel->sendRequestThroughRouter()
#58 /var/www/SAAFCECEYT/vendor/laravel/framework/src/Illuminate/Foundation/Application.php(1190): Illuminate\\Foundation\\Http\\Kernel->handle()
#59 /var/www/SAAFCECEYT/public/index.php(17): Illuminate\\Foundation\\Application->handleRequest()
#60 {main}
"} 
[2025-08-23 18:42:56] local.ERROR: SQLSTATE[HY000] [1045] Access denied for user 'root'@'localhost' (using password: NO) (Connection: mysql, SQL: select * from `sessions` where `id` = Gm8HXqikHyin5v78KubRtaMiS7ghKfBM2Ui76cqV limit 1) {"exception":"[object] (Illuminate\\Database\\QueryException(code: 1045): SQLSTATE[HY000] [1045] Access denied for user 'root'@'localhost' (using password: NO) (Connection: mysql, SQL: select * from `sessions` where `id` = Gm8HXqikHyin5v78KubRtaMiS7ghKfBM2Ui76cqV limit 1) at /var/www/SAAFCECEYT/vendor/laravel/framework/src/Illuminate/Database/Connection.php:825)
[stacktrace]
#0 /var/www/SAAFCECEYT/vendor/laravel/framework/src/Illuminate/Database/Connection.php(779): Illuminate\\Database\\Connection->runQueryCallback()
#1 /var/www/SAAFCECEYT/vendor/laravel/framework/src/Illuminate/Database/Connection.php(398): Illuminate\\Database\\Connection->run()
#2 /var/www/SAAFCECEYT/vendor/laravel/framework/src/Illuminate/Database/Query/Builder.php(3133): Illuminate\\Database\\Connection->select()
#3 /var/www/SAAFCECEYT/vendor/laravel/framework/src/Illuminate/Database/Query/Builder.php(3118): Illuminate\\Database\\Query\\Builder->runSelect()
#4 /var/www/SAAFCECEYT/vendor/laravel/framework/src/Illuminate/Database/Query/Builder.php(3706): Illuminate\\Database\\Query\\Builder->Illuminate\\Database\\Query\\{closure}()
#5 /var/www/SAAFCECEYT/vendor/laravel/framework/src/Illuminate/Database/Query/Builder.php(3117): Illuminate\\Database\\Query\\Builder->onceWithColumns()
#6 /var/www/SAAFCECEYT/vendor/laravel/framework/src/Illuminate/Database/Concerns/BuildsQueries.php(344): Illuminate\\Database\\Query\\Builder->get()
#7 /var/www/SAAFCECEYT/vendor/laravel/framework/src/Illuminate/Database/Query/Builder.php(3038): Illuminate\\Database\\Query\\Builder->first()
#8 /var/www/SAAFCECEYT/vendor/laravel/framework/src/Illuminate/Session/DatabaseSessionHandler.php(97): Illuminate\\Database\\Query\\Builder->find()
#9 /var/www/SAAFCECEYT/vendor/laravel/framework/src/Illuminate/Session/Store.php(113): Illuminate\\Session\\DatabaseSessionHandler->read()
#10 /var/www/SAAFCECEYT/vendor/laravel/framework/src/Illuminate/Session/Store.php(101): Illuminate\\Session\\Store->readFromHandler()
#11 /var/www/SAAFCECEYT/vendor/laravel/framework/src/Illuminate/Session/Store.php(85): Illuminate\\Session\\Store->loadSession()
#12 /var/www/SAAFCECEYT/vendor/laravel/framework/src/Illuminate/Session/Middleware/StartSession.php(147): Illuminate\\Session\\Store->start()
#13 /var/www/SAAFCECEYT/vendor/laravel/framework/src/Illuminate/Support/helpers.php(393): Illuminate\\Session\\Middleware\\StartSession->Illuminate\\Session\\Middleware\\{closure}()
#14 /var/www/SAAFCECEYT/vendor/laravel/framework/src/Illuminate/Session/Middleware/StartSession.php(144): tap()
#15 /var/www/SAAFCECEYT/vendor/laravel/framework/src/Illuminate/Session/Middleware/StartSession.php(116): Illuminate\\Session\\Middleware\\StartSession->startSession()
#16 /var/www/SAAFCECEYT/vendor/laravel/framework/src/Illuminate/Session/Middleware/StartSession.php(64): Illuminate\\Session\\Middleware\\StartSession->handleStatefulRequest()
#17 /var/www/SAAFCECEYT/vendor/laravel/framework/src/Illuminate/Pipeline/Pipeline.php(183): Illuminate\\Session\\Middleware\\StartSession->handle()
#18 /var/www/SAAFCECEYT/vendor/laravel/framework/src/Illuminate/Cookie/Middleware/AddQueuedCookiesToResponse.php(37): Illuminate\\Pipeline\\Pipeline->Illuminate\\Pipeline\\{closure}()
#19 /var/www/SAAFCECEYT/vendor/laravel/framework/src/Illuminate/Pipeline/Pipeline.php(183): Illuminate\\Cookie\\Middleware\\AddQueuedCookiesToResponse->handle()
#20 /var/www/SAAFCECEYT/vendor/laravel/framework/src/Illuminate/Cookie/Middleware/EncryptCookies.php(75): Illuminate\\Pipeline\\Pipeline->Illuminate\\Pipeline\\{closure}()
#21 /var/www/SAAFCECEYT/vendor/laravel/framework/src/Illuminate/Pipeline/Pipeline.php(183): Illuminate\\Cookie\\Middleware\\EncryptCookies->handle()
#22 /var/www/SAAFCECEYT/vendor/laravel/framework/src/Illuminate/Pipeline/Pipeline.php(119): Illuminate\\Pipeline\\Pipeline->Illuminate\\Pipeline\\{closure}()
#23 /var/www/SAAFCECEYT/vendor/laravel/framework/src/Illuminate/Routing/Router.php(807): Illuminate\\Pipeline\\Pipeline->then()
#24 /var/www/SAAFCECEYT/vendor/laravel/framework/src/Illuminate/Routing/Router.php(786): Illuminate\\Routing\\Router->runRouteWithinStack()
#25 /var/www/SAAFCECEYT/vendor/laravel/framework/src/Illuminate/Routing/Router.php(750): Illuminate\\Routing\\Router->runRoute()
#26 /var/www/SAAFCECEYT/vendor/laravel/framework/src/Illuminate/Routing/Router.php(739): Illuminate\\Routing\\Router->dispatchToRoute()
#27 /var/www/SAAFCECEYT/vendor/laravel/framework/src/Illuminate/Foundation/Http/Kernel.php(201): Illuminate\\Routing\\Router->dispatch()
#28 /var/www/SAAFCECEYT/vendor/laravel/framework/src/Illuminate/Pipeline/Pipeline.php(144): Illuminate\\Foundation\\Http\\Kernel->Illuminate\\Foundation\\Http\\{closure}()
#29 /var/www/SAAFCECEYT/vendor/laravel/framework/src/Illuminate/Foundation/Http/Middleware/TransformsRequest.php(21): Illuminate\\Pipeline\\Pipeline->Illuminate\\Pipeline\\{closure}()
#30 /var/www/SAAFCECEYT/vendor/laravel/framework/src/Illuminate/Foundation/Http/Middleware/ConvertEmptyStringsToNull.php(31): Illuminate\\Foundation\\Http\\Middleware\\TransformsRequest->handle()
#31 /var/www/SAAFCECEYT/vendor/laravel/framework/src/Illuminate/Pipeline/Pipeline.php(183): Illuminate\\Foundation\\Http\\Middleware\\ConvertEmptyStringsToNull->handle()
#32 /var/www/SAAFCECEYT/vendor/laravel/framework/src/Illuminate/Foundation/Http/Middleware/TransformsRequest.php(21): Illuminate\\Pipeline\\Pipeline->Illuminate\\Pipeline\\{closure}()
#33 /var/www/SAAFCECEYT/vendor/laravel/framework/src/Illuminate/Foundation/Http/Middleware/TrimStrings.php(51): Illuminate\\Foundation\\Http\\Middleware\\TransformsRequest->handle()
#34 /var/www/SAAFCECEYT/vendor/laravel/framework/src/Illuminate/Pipeline/Pipeline.php(183): Illuminate\\Foundation\\Http\\Middleware\\TrimStrings->handle()
#35 /var/www/SAAFCECEYT/vendor/laravel/framework/src/Illuminate/Http/Middleware/ValidatePostSize.php(27): Illuminate\\Pipeline\\Pipeline->Illuminate\\Pipeline\\{closure}()
#36 /var/www/SAAFCECEYT/vendor/laravel/framework/src/Illuminate/Pipeline/Pipeline.php(183): Illuminate\\Http\\Middleware\\ValidatePostSize->handle()
#37 /var/www/SAAFCECEYT/vendor/laravel/framework/src/Illuminate/Foundation/Http/Middleware/PreventRequestsDuringMaintenance.php(110): Illuminate\\Pipeline\\Pipeline->Illuminate\\Pipeline\\{closure}()
#38 /var/www/SAAFCECEYT/vendor/laravel/framework/src/Illuminate/Pipeline/Pipeline.php(183): Illuminate\\Foundation\\Http\\Middleware\\PreventRequestsDuringMaintenance->handle()
#39 /var/www/SAAFCECEYT/vendor/laravel/framework/src/Illuminate/Http/Middleware/HandleCors.php(49): Illuminate\\Pipeline\\Pipeline->Illuminate\\Pipeline\\{closure}()
#40 /var/www/SAAFCECEYT/vendor/laravel/framework/src/Illuminate/Pipeline/Pipeline.php(183): Illuminate\\Http\\Middleware\\HandleCors->handle()
#41 /var/www/SAAFCECEYT/vendor/laravel/framework/src/Illuminate/Http/Middleware/TrustProxies.php(58): Illuminate\\Pipeline\\Pipeline->Illuminate\\Pipeline\\{closure}()
#42 /var/www/SAAFCECEYT/vendor/laravel/framework/src/Illuminate/Pipeline/Pipeline.php(183): Illuminate\\Http\\Middleware\\TrustProxies->handle()
#43 /var/www/SAAFCECEYT/vendor/laravel/framework/src/Illuminate/Foundation/Http/Middleware/InvokeDeferredCallbacks.php(22): Illuminate\\Pipeline\\Pipeline->Illuminate\\Pipeline\\{closure}()
#44 /var/www/SAAFCECEYT/vendor/laravel/framework/src/Illuminate/Pipeline/Pipeline.php(183): Illuminate\\Foundation\\Http\\Middleware\\InvokeDeferredCallbacks->handle()
#45 /var/www/SAAFCECEYT/vendor/laravel/framework/src/Illuminate/Pipeline/Pipeline.php(119): Illuminate\\Pipeline\\Pipeline->Illuminate\\Pipeline\\{closure}()
#46 /var/www/SAAFCECEYT/vendor/laravel/framework/src/Illuminate/Foundation/Http/Kernel.php(176): Illuminate\\Pipeline\\Pipeline->then()
#47 /var/www/SAAFCECEYT/vendor/laravel/framework/src/Illuminate/Foundation/Http/Kernel.php(145): Illuminate\\Foundation\\Http\\Kernel->sendRequestThroughRouter()
#48 /var/www/SAAFCECEYT/vendor/laravel/framework/src/Illuminate/Foundation/Application.php(1190): Illuminate\\Foundation\\Http\\Kernel->handle()
#49 /var/www/SAAFCECEYT/public/index.php(17): Illuminate\\Foundation\\Application->handleRequest()
#50 {main}

[previous exception] [object] (PDOException(code: 1045): SQLSTATE[HY000] [1045] Access denied for user 'root'@'localhost' (using password: NO) at /var/www/SAAFCECEYT/vendor/laravel/framework/src/Illuminate/Database/Connectors/Connector.php:66)
[stacktrace]
#0 /var/www/SAAFCECEYT/vendor/laravel/framework/src/Illuminate/Database/Connectors/Connector.php(66): PDO->__construct()
#1 /var/www/SAAFCECEYT/vendor/laravel/framework/src/Illuminate/Database/Connectors/Connector.php(44): Illuminate\\Database\\Connectors\\Connector->createPdoConnection()
#2 /var/www/SAAFCECEYT/vendor/laravel/framework/src/Illuminate/Database/Connectors/MySqlConnector.php(24): Illuminate\\Database\\Connectors\\Connector->createConnection()
#3 /var/www/SAAFCECEYT/vendor/laravel/framework/src/Illuminate/Database/Connectors/ConnectionFactory.php(185): Illuminate\\Database\\Connectors\\MySqlConnector->connect()
#4 [internal function]: Illuminate\\Database\\Connectors\\ConnectionFactory->Illuminate\\Database\\Connectors\\{closure}()
#5 /var/www/SAAFCECEYT/vendor/laravel/framework/src/Illuminate/Database/Connection.php(1231): call_user_func()
#6 /var/www/SAAFCECEYT/vendor/laravel/framework/src/Illuminate/Database/Connection.php(1267): Illuminate\\Database\\Connection->getPdo()
#7 /var/www/SAAFCECEYT/vendor/laravel/framework/src/Illuminate/Database/Connection.php(512): Illuminate\\Database\\Connection->getReadPdo()
#8 /var/www/SAAFCECEYT/vendor/laravel/framework/src/Illuminate/Database/Connection.php(407): Illuminate\\Database\\Connection->getPdoForSelect()
#9 /var/www/SAAFCECEYT/vendor/laravel/framework/src/Illuminate/Database/Connection.php(812): Illuminate\\Database\\Connection->Illuminate\\Database\\{closure}()
#10 /var/www/SAAFCECEYT/vendor/laravel/framework/src/Illuminate/Database/Connection.php(779): Illuminate\\Database\\Connection->runQueryCallback()
#11 /var/www/SAAFCECEYT/vendor/laravel/framework/src/Illuminate/Database/Connection.php(398): Illuminate\\Database\\Connection->run()
#12 /var/www/SAAFCECEYT/vendor/laravel/framework/src/Illuminate/Database/Query/Builder.php(3133): Illuminate\\Database\\Connection->select()
#13 /var/www/SAAFCECEYT/vendor/laravel/framework/src/Illuminate/Database/Query/Builder.php(3118): Illuminate\\Database\\Query\\Builder->runSelect()
#14 /var/www/SAAFCECEYT/vendor/laravel/framework/src/Illuminate/Database/Query/Builder.php(3706): Illuminate\\Database\\Query\\Builder->Illuminate\\Database\\Query\\{closure}()
#15 /var/www/SAAFCECEYT/vendor/laravel/framework/src/Illuminate/Database/Query/Builder.php(3117): Illuminate\\Database\\Query\\Builder->onceWithColumns()
#16 /var/www/SAAFCECEYT/vendor/laravel/framework/src/Illuminate/Database/Concerns/BuildsQueries.php(344): Illuminate\\Database\\Query\\Builder->get()
#17 /var/www/SAAFCECEYT/vendor/laravel/framework/src/Illuminate/Database/Query/Builder.php(3038): Illuminate\\Database\\Query\\Builder->first()
#18 /var/www/SAAFCECEYT/vendor/laravel/framework/src/Illuminate/Session/DatabaseSessionHandler.php(97): Illuminate\\Database\\Query\\Builder->find()
#19 /var/www/SAAFCECEYT/vendor/laravel/framework/src/Illuminate/Session/Store.php(113): Illuminate\\Session\\DatabaseSessionHandler->read()
#20 /var/www/SAAFCECEYT/vendor/laravel/framework/src/Illuminate/Session/Store.php(101): Illuminate\\Session\\Store->readFromHandler()
#21 /var/www/SAAFCECEYT/vendor/laravel/framework/src/Illuminate/Session/Store.php(85): Illuminate\\Session\\Store->loadSession()
#22 /var/www/SAAFCECEYT/vendor/laravel/framework/src/Illuminate/Session/Middleware/StartSession.php(147): Illuminate\\Session\\Store->start()
#23 /var/www/SAAFCECEYT/vendor/laravel/framework/src/Illuminate/Support/helpers.php(393): Illuminate\\Session\\Middleware\\StartSession->Illuminate\\Session\\Middleware\\{closure}()
#24 /var/www/SAAFCECEYT/vendor/laravel/framework/src/Illuminate/Session/Middleware/StartSession.php(144): tap()
#25 /var/www/SAAFCECEYT/vendor/laravel/framework/src/Illuminate/Session/Middleware/StartSession.php(116): Illuminate\\Session\\Middleware\\StartSession->startSession()
#26 /var/www/SAAFCECEYT/vendor/laravel/framework/src/Illuminate/Session/Middleware/StartSession.php(64): Illuminate\\Session\\Middleware\\StartSession->handleStatefulRequest()
#27 /var/www/SAAFCECEYT/vendor/laravel/framework/src/Illuminate/Pipeline/Pipeline.php(183): Illuminate\\Session\\Middleware\\StartSession->handle()
#28 /var/www/SAAFCECEYT/vendor/laravel/framework/src/Illuminate/Cookie/Middleware/AddQueuedCookiesToResponse.php(37): Illuminate\\Pipeline\\Pipeline->Illuminate\\Pipeline\\{closure}()
#29 /var/www/SAAFCECEYT/vendor/laravel/framework/src/Illuminate/Pipeline/Pipeline.php(183): Illuminate\\Cookie\\Middleware\\AddQueuedCookiesToResponse->handle()
#30 /var/www/SAAFCECEYT/vendor/laravel/framework/src/Illuminate/Cookie/Middleware/EncryptCookies.php(75): Illuminate\\Pipeline\\Pipeline->Illuminate\\Pipeline\\{closure}()
#31 /var/www/SAAFCECEYT/vendor/laravel/framework/src/Illuminate/Pipeline/Pipeline.php(183): Illuminate\\Cookie\\Middleware\\EncryptCookies->handle()
#32 /var/www/SAAFCECEYT/vendor/laravel/framework/src/Illuminate/Pipeline/Pipeline.php(119): Illuminate\\Pipeline\\Pipeline->Illuminate\\Pipeline\\{closure}()
#33 /var/www/SAAFCECEYT/vendor/laravel/framework/src/Illuminate/Routing/Router.php(807): Illuminate\\Pipeline\\Pipeline->then()
#34 /var/www/SAAFCECEYT/vendor/laravel/framework/src/Illuminate/Routing/Router.php(786): Illuminate\\Routing\\Router->runRouteWithinStack()
#35 /var/www/SAAFCECEYT/vendor/laravel/framework/src/Illuminate/Routing/Router.php(750): Illuminate\\Routing\\Router->runRoute()
#36 /var/www/SAAFCECEYT/vendor/laravel/framework/src/Illuminate/Routing/Router.php(739): Illuminate\\Routing\\Router->dispatchToRoute()
#37 /var/www/SAAFCECEYT/vendor/laravel/framework/src/Illuminate/Foundation/Http/Kernel.php(201): Illuminate\\Routing\\Router->dispatch()
#38 /var/www/SAAFCECEYT/vendor/laravel/framework/src/Illuminate/Pipeline/Pipeline.php(144): Illuminate\\Foundation\\Http\\Kernel->Illuminate\\Foundation\\Http\\{closure}()
#39 /var/www/SAAFCECEYT/vendor/laravel/framework/src/Illuminate/Foundation/Http/Middleware/TransformsRequest.php(21): Illuminate\\Pipeline\\Pipeline->Illuminate\\Pipeline\\{closure}()
#40 /var/www/SAAFCECEYT/vendor/laravel/framework/src/Illuminate/Foundation/Http/Middleware/ConvertEmptyStringsToNull.php(31): Illuminate\\Foundation\\Http\\Middleware\\TransformsRequest->handle()
#41 /var/www/SAAFCECEYT/vendor/laravel/framework/src/Illuminate/Pipeline/Pipeline.php(183): Illuminate\\Foundation\\Http\\Middleware\\ConvertEmptyStringsToNull->handle()
#42 /var/www/SAAFCECEYT/vendor/laravel/framework/src/Illuminate/Foundation/Http/Middleware/TransformsRequest.php(21): Illuminate\\Pipeline\\Pipeline->Illuminate\\Pipeline\\{closure}()
#43 /var/www/SAAFCECEYT/vendor/laravel/framework/src/Illuminate/Foundation/Http/Middleware/TrimStrings.php(51): Illuminate\\Foundation\\Http\\Middleware\\TransformsRequest->handle()
#44 /var/www/SAAFCECEYT/vendor/laravel/framework/src/Illuminate/Pipeline/Pipeline.php(183): Illuminate\\Foundation\\Http\\Middleware\\TrimStrings->handle()
#45 /var/www/SAAFCECEYT/vendor/laravel/framework/src/Illuminate/Http/Middleware/ValidatePostSize.php(27): Illuminate\\Pipeline\\Pipeline->Illuminate\\Pipeline\\{closure}()
#46 /var/www/SAAFCECEYT/vendor/laravel/framework/src/Illuminate/Pipeline/Pipeline.php(183): Illuminate\\Http\\Middleware\\ValidatePostSize->handle()
#47 /var/www/SAAFCECEYT/vendor/laravel/framework/src/Illuminate/Foundation/Http/Middleware/PreventRequestsDuringMaintenance.php(110): Illuminate\\Pipeline\\Pipeline->Illuminate\\Pipeline\\{closure}()
#48 /var/www/SAAFCECEYT/vendor/laravel/framework/src/Illuminate/Pipeline/Pipeline.php(183): Illuminate\\Foundation\\Http\\Middleware\\PreventRequestsDuringMaintenance->handle()
#49 /var/www/SAAFCECEYT/vendor/laravel/framework/src/Illuminate/Http/Middleware/HandleCors.php(49): Illuminate\\Pipeline\\Pipeline->Illuminate\\Pipeline\\{closure}()
#50 /var/www/SAAFCECEYT/vendor/laravel/framework/src/Illuminate/Pipeline/Pipeline.php(183): Illuminate\\Http\\Middleware\\HandleCors->handle()
#51 /var/www/SAAFCECEYT/vendor/laravel/framework/src/Illuminate/Http/Middleware/TrustProxies.php(58): Illuminate\\Pipeline\\Pipeline->Illuminate\\Pipeline\\{closure}()
#52 /var/www/SAAFCECEYT/vendor/laravel/framework/src/Illuminate/Pipeline/Pipeline.php(183): Illuminate\\Http\\Middleware\\TrustProxies->handle()
#53 /var/www/SAAFCECEYT/vendor/laravel/framework/src/Illuminate/Foundation/Http/Middleware/InvokeDeferredCallbacks.php(22): Illuminate\\Pipeline\\Pipeline->Illuminate\\Pipeline\\{closure}()
#54 /var/www/SAAFCECEYT/vendor/laravel/framework/src/Illuminate/Pipeline/Pipeline.php(183): Illuminate\\Foundation\\Http\\Middleware\\InvokeDeferredCallbacks->handle()
#55 /var/www/SAAFCECEYT/vendor/laravel/framework/src/Illuminate/Pipeline/Pipeline.php(119): Illuminate\\Pipeline\\Pipeline->Illuminate\\Pipeline\\{closure}()
#56 /var/www/SAAFCECEYT/vendor/laravel/framework/src/Illuminate/Foundation/Http/Kernel.php(176): Illuminate\\Pipeline\\Pipeline->then()
#57 /var/www/SAAFCECEYT/vendor/laravel/framework/src/Illuminate/Foundation/Http/Kernel.php(145): Illuminate\\Foundation\\Http\\Kernel->sendRequestThroughRouter()
#58 /var/www/SAAFCECEYT/vendor/laravel/framework/src/Illuminate/Foundation/Application.php(1190): Illuminate\\Foundation\\Http\\Kernel->handle()
#59 /var/www/SAAFCECEYT/public/index.php(17): Illuminate\\Foundation\\Application->handleRequest()
#60 {main}
"} 
[2025-08-23 18:42:59] local.ERROR: SQLSTATE[HY000] [1045] Access denied for user 'root'@'localhost' (using password: NO) (Connection: mysql, SQL: select * from `sessions` where `id` = uk5MmP6rLwR0YKqGHu3bmtuNcYO3JfNazvcQfZI2 limit 1) {"exception":"[object] (Illuminate\\Database\\QueryException(code: 1045): SQLSTATE[HY000] [1045] Access denied for user 'root'@'localhost' (using password: NO) (Connection: mysql, SQL: select * from `sessions` where `id` = uk5MmP6rLwR0YKqGHu3bmtuNcYO3JfNazvcQfZI2 limit 1) at /var/www/SAAFCECEYT/vendor/laravel/framework/src/Illuminate/Database/Connection.php:825)
[stacktrace]
#0 /var/www/SAAFCECEYT/vendor/laravel/framework/src/Illuminate/Database/Connection.php(779): Illuminate\\Database\\Connection->runQueryCallback()
#1 /var/www/SAAFCECEYT/vendor/laravel/framework/src/Illuminate/Database/Connection.php(398): Illuminate\\Database\\Connection->run()
#2 /var/www/SAAFCECEYT/vendor/laravel/framework/src/Illuminate/Database/Query/Builder.php(3133): Illuminate\\Database\\Connection->select()
#3 /var/www/SAAFCECEYT/vendor/laravel/framework/src/Illuminate/Database/Query/Builder.php(3118): Illuminate\\Database\\Query\\Builder->runSelect()
#4 /var/www/SAAFCECEYT/vendor/laravel/framework/src/Illuminate/Database/Query/Builder.php(3706): Illuminate\\Database\\Query\\Builder->Illuminate\\Database\\Query\\{closure}()
#5 /var/www/SAAFCECEYT/vendor/laravel/framework/src/Illuminate/Database/Query/Builder.php(3117): Illuminate\\Database\\Query\\Builder->onceWithColumns()
#6 /var/www/SAAFCECEYT/vendor/laravel/framework/src/Illuminate/Database/Concerns/BuildsQueries.php(344): Illuminate\\Database\\Query\\Builder->get()
#7 /var/www/SAAFCECEYT/vendor/laravel/framework/src/Illuminate/Database/Query/Builder.php(3038): Illuminate\\Database\\Query\\Builder->first()
#8 /var/www/SAAFCECEYT/vendor/laravel/framework/src/Illuminate/Session/DatabaseSessionHandler.php(97): Illuminate\\Database\\Query\\Builder->find()
#9 /var/www/SAAFCECEYT/vendor/laravel/framework/src/Illuminate/Session/Store.php(113): Illuminate\\Session\\DatabaseSessionHandler->read()
#10 /var/www/SAAFCECEYT/vendor/laravel/framework/src/Illuminate/Session/Store.php(101): Illuminate\\Session\\Store->readFromHandler()
#11 /var/www/SAAFCECEYT/vendor/laravel/framework/src/Illuminate/Session/Store.php(85): Illuminate\\Session\\Store->loadSession()
#12 /var/www/SAAFCECEYT/vendor/laravel/framework/src/Illuminate/Session/Middleware/StartSession.php(147): Illuminate\\Session\\Store->start()
#13 /var/www/SAAFCECEYT/vendor/laravel/framework/src/Illuminate/Support/helpers.php(393): Illuminate\\Session\\Middleware\\StartSession->Illuminate\\Session\\Middleware\\{closure}()
#14 /var/www/SAAFCECEYT/vendor/laravel/framework/src/Illuminate/Session/Middleware/StartSession.php(144): tap()
#15 /var/www/SAAFCECEYT/vendor/laravel/framework/src/Illuminate/Session/Middleware/StartSession.php(116): Illuminate\\Session\\Middleware\\StartSession->startSession()
#16 /var/www/SAAFCECEYT/vendor/laravel/framework/src/Illuminate/Session/Middleware/StartSession.php(64): Illuminate\\Session\\Middleware\\StartSession->handleStatefulRequest()
#17 /var/www/SAAFCECEYT/vendor/laravel/framework/src/Illuminate/Pipeline/Pipeline.php(183): Illuminate\\Session\\Middleware\\StartSession->handle()
#18 /var/www/SAAFCECEYT/vendor/laravel/framework/src/Illuminate/Cookie/Middleware/AddQueuedCookiesToResponse.php(37): Illuminate\\Pipeline\\Pipeline->Illuminate\\Pipeline\\{closure}()
#19 /var/www/SAAFCECEYT/vendor/laravel/framework/src/Illuminate/Pipeline/Pipeline.php(183): Illuminate\\Cookie\\Middleware\\AddQueuedCookiesToResponse->handle()
#20 /var/www/SAAFCECEYT/vendor/laravel/framework/src/Illuminate/Cookie/Middleware/EncryptCookies.php(75): Illuminate\\Pipeline\\Pipeline->Illuminate\\Pipeline\\{closure}()
#21 /var/www/SAAFCECEYT/vendor/laravel/framework/src/Illuminate/Pipeline/Pipeline.php(183): Illuminate\\Cookie\\Middleware\\EncryptCookies->handle()
#22 /var/www/SAAFCECEYT/vendor/laravel/framework/src/Illuminate/Pipeline/Pipeline.php(119): Illuminate\\Pipeline\\Pipeline->Illuminate\\Pipeline\\{closure}()
#23 /var/www/SAAFCECEYT/vendor/laravel/framework/src/Illuminate/Routing/Router.php(807): Illuminate\\Pipeline\\Pipeline->then()
#24 /var/www/SAAFCECEYT/vendor/laravel/framework/src/Illuminate/Routing/Router.php(786): Illuminate\\Routing\\Router->runRouteWithinStack()
#25 /var/www/SAAFCECEYT/vendor/laravel/framework/src/Illuminate/Routing/Router.php(750): Illuminate\\Routing\\Router->runRoute()
#26 /var/www/SAAFCECEYT/vendor/laravel/framework/src/Illuminate/Routing/Router.php(739): Illuminate\\Routing\\Router->dispatchToRoute()
#27 /var/www/SAAFCECEYT/vendor/laravel/framework/src/Illuminate/Foundation/Http/Kernel.php(201): Illuminate\\Routing\\Router->dispatch()
#28 /var/www/SAAFCECEYT/vendor/laravel/framework/src/Illuminate/Pipeline/Pipeline.php(144): Illuminate\\Foundation\\Http\\Kernel->Illuminate\\Foundation\\Http\\{closure}()
#29 /var/www/SAAFCECEYT/vendor/laravel/framework/src/Illuminate/Foundation/Http/Middleware/TransformsRequest.php(21): Illuminate\\Pipeline\\Pipeline->Illuminate\\Pipeline\\{closure}()
#30 /var/www/SAAFCECEYT/vendor/laravel/framework/src/Illuminate/Foundation/Http/Middleware/ConvertEmptyStringsToNull.php(31): Illuminate\\Foundation\\Http\\Middleware\\TransformsRequest->handle()
#31 /var/www/SAAFCECEYT/vendor/laravel/framework/src/Illuminate/Pipeline/Pipeline.php(183): Illuminate\\Foundation\\Http\\Middleware\\ConvertEmptyStringsToNull->handle()
#32 /var/www/SAAFCECEYT/vendor/laravel/framework/src/Illuminate/Foundation/Http/Middleware/TransformsRequest.php(21): Illuminate\\Pipeline\\Pipeline->Illuminate\\Pipeline\\{closure}()
#33 /var/www/SAAFCECEYT/vendor/laravel/framework/src/Illuminate/Foundation/Http/Middleware/TrimStrings.php(51): Illuminate\\Foundation\\Http\\Middleware\\TransformsRequest->handle()
#34 /var/www/SAAFCECEYT/vendor/laravel/framework/src/Illuminate/Pipeline/Pipeline.php(183): Illuminate\\Foundation\\Http\\Middleware\\TrimStrings->handle()
#35 /var/www/SAAFCECEYT/vendor/laravel/framework/src/Illuminate/Http/Middleware/ValidatePostSize.php(27): Illuminate\\Pipeline\\Pipeline->Illuminate\\Pipeline\\{closure}()
#36 /var/www/SAAFCECEYT/vendor/laravel/framework/src/Illuminate/Pipeline/Pipeline.php(183): Illuminate\\Http\\Middleware\\ValidatePostSize->handle()
#37 /var/www/SAAFCECEYT/vendor/laravel/framework/src/Illuminate/Foundation/Http/Middleware/PreventRequestsDuringMaintenance.php(110): Illuminate\\Pipeline\\Pipeline->Illuminate\\Pipeline\\{closure}()
#38 /var/www/SAAFCECEYT/vendor/laravel/framework/src/Illuminate/Pipeline/Pipeline.php(183): Illuminate\\Foundation\\Http\\Middleware\\PreventRequestsDuringMaintenance->handle()
#39 /var/www/SAAFCECEYT/vendor/laravel/framework/src/Illuminate/Http/Middleware/HandleCors.php(49): Illuminate\\Pipeline\\Pipeline->Illuminate\\Pipeline\\{closure}()
#40 /var/www/SAAFCECEYT/vendor/laravel/framework/src/Illuminate/Pipeline/Pipeline.php(183): Illuminate\\Http\\Middleware\\HandleCors->handle()
#41 /var/www/SAAFCECEYT/vendor/laravel/framework/src/Illuminate/Http/Middleware/TrustProxies.php(58): Illuminate\\Pipeline\\Pipeline->Illuminate\\Pipeline\\{closure}()
#42 /var/www/SAAFCECEYT/vendor/laravel/framework/src/Illuminate/Pipeline/Pipeline.php(183): Illuminate\\Http\\Middleware\\TrustProxies->handle()
#43 /var/www/SAAFCECEYT/vendor/laravel/framework/src/Illuminate/Foundation/Http/Middleware/InvokeDeferredCallbacks.php(22): Illuminate\\Pipeline\\Pipeline->Illuminate\\Pipeline\\{closure}()
#44 /var/www/SAAFCECEYT/vendor/laravel/framework/src/Illuminate/Pipeline/Pipeline.php(183): Illuminate\\Foundation\\Http\\Middleware\\InvokeDeferredCallbacks->handle()
#45 /var/www/SAAFCECEYT/vendor/laravel/framework/src/Illuminate/Pipeline/Pipeline.php(119): Illuminate\\Pipeline\\Pipeline->Illuminate\\Pipeline\\{closure}()
#46 /var/www/SAAFCECEYT/vendor/laravel/framework/src/Illuminate/Foundation/Http/Kernel.php(176): Illuminate\\Pipeline\\Pipeline->then()
#47 /var/www/SAAFCECEYT/vendor/laravel/framework/src/Illuminate/Foundation/Http/Kernel.php(145): Illuminate\\Foundation\\Http\\Kernel->sendRequestThroughRouter()
#48 /var/www/SAAFCECEYT/vendor/laravel/framework/src/Illuminate/Foundation/Application.php(1190): Illuminate\\Foundation\\Http\\Kernel->handle()
#49 /var/www/SAAFCECEYT/public/index.php(17): Illuminate\\Foundation\\Application->handleRequest()
#50 {main}

[previous exception] [object] (PDOException(code: 1045): SQLSTATE[HY000] [1045] Access denied for user 'root'@'localhost' (using password: NO) at /var/www/SAAFCECEYT/vendor/laravel/framework/src/Illuminate/Database/Connectors/Connector.php:66)
[stacktrace]
#0 /var/www/SAAFCECEYT/vendor/laravel/framework/src/Illuminate/Database/Connectors/Connector.php(66): PDO->__construct()
#1 /var/www/SAAFCECEYT/vendor/laravel/framework/src/Illuminate/Database/Connectors/Connector.php(44): Illuminate\\Database\\Connectors\\Connector->createPdoConnection()
#2 /var/www/SAAFCECEYT/vendor/laravel/framework/src/Illuminate/Database/Connectors/MySqlConnector.php(24): Illuminate\\Database\\Connectors\\Connector->createConnection()
#3 /var/www/SAAFCECEYT/vendor/laravel/framework/src/Illuminate/Database/Connectors/ConnectionFactory.php(185): Illuminate\\Database\\Connectors\\MySqlConnector->connect()
#4 [internal function]: Illuminate\\Database\\Connectors\\ConnectionFactory->Illuminate\\Database\\Connectors\\{closure}()
#5 /var/www/SAAFCECEYT/vendor/laravel/framework/src/Illuminate/Database/Connection.php(1231): call_user_func()
#6 /var/www/SAAFCECEYT/vendor/laravel/framework/src/Illuminate/Database/Connection.php(1267): Illuminate\\Database\\Connection->getPdo()
#7 /var/www/SAAFCECEYT/vendor/laravel/framework/src/Illuminate/Database/Connection.php(512): Illuminate\\Database\\Connection->getReadPdo()
#8 /var/www/SAAFCECEYT/vendor/laravel/framework/src/Illuminate/Database/Connection.php(407): Illuminate\\Database\\Connection->getPdoForSelect()
#9 /var/www/SAAFCECEYT/vendor/laravel/framework/src/Illuminate/Database/Connection.php(812): Illuminate\\Database\\Connection->Illuminate\\Database\\{closure}()
#10 /var/www/SAAFCECEYT/vendor/laravel/framework/src/Illuminate/Database/Connection.php(779): Illuminate\\Database\\Connection->runQueryCallback()
#11 /var/www/SAAFCECEYT/vendor/laravel/framework/src/Illuminate/Database/Connection.php(398): Illuminate\\Database\\Connection->run()
#12 /var/www/SAAFCECEYT/vendor/laravel/framework/src/Illuminate/Database/Query/Builder.php(3133): Illuminate\\Database\\Connection->select()
#13 /var/www/SAAFCECEYT/vendor/laravel/framework/src/Illuminate/Database/Query/Builder.php(3118): Illuminate\\Database\\Query\\Builder->runSelect()
#14 /var/www/SAAFCECEYT/vendor/laravel/framework/src/Illuminate/Database/Query/Builder.php(3706): Illuminate\\Database\\Query\\Builder->Illuminate\\Database\\Query\\{closure}()
#15 /var/www/SAAFCECEYT/vendor/laravel/framework/src/Illuminate/Database/Query/Builder.php(3117): Illuminate\\Database\\Query\\Builder->onceWithColumns()
#16 /var/www/SAAFCECEYT/vendor/laravel/framework/src/Illuminate/Database/Concerns/BuildsQueries.php(344): Illuminate\\Database\\Query\\Builder->get()
#17 /var/www/SAAFCECEYT/vendor/laravel/framework/src/Illuminate/Database/Query/Builder.php(3038): Illuminate\\Database\\Query\\Builder->first()
#18 /var/www/SAAFCECEYT/vendor/laravel/framework/src/Illuminate/Session/DatabaseSessionHandler.php(97): Illuminate\\Database\\Query\\Builder->find()
#19 /var/www/SAAFCECEYT/vendor/laravel/framework/src/Illuminate/Session/Store.php(113): Illuminate\\Session\\DatabaseSessionHandler->read()
#20 /var/www/SAAFCECEYT/vendor/laravel/framework/src/Illuminate/Session/Store.php(101): Illuminate\\Session\\Store->readFromHandler()
#21 /var/www/SAAFCECEYT/vendor/laravel/framework/src/Illuminate/Session/Store.php(85): Illuminate\\Session\\Store->loadSession()
#22 /var/www/SAAFCECEYT/vendor/laravel/framework/src/Illuminate/Session/Middleware/StartSession.php(147): Illuminate\\Session\\Store->start()
#23 /var/www/SAAFCECEYT/vendor/laravel/framework/src/Illuminate/Support/helpers.php(393): Illuminate\\Session\\Middleware\\StartSession->Illuminate\\Session\\Middleware\\{closure}()
#24 /var/www/SAAFCECEYT/vendor/laravel/framework/src/Illuminate/Session/Middleware/StartSession.php(144): tap()
#25 /var/www/SAAFCECEYT/vendor/laravel/framework/src/Illuminate/Session/Middleware/StartSession.php(116): Illuminate\\Session\\Middleware\\StartSession->startSession()
#26 /var/www/SAAFCECEYT/vendor/laravel/framework/src/Illuminate/Session/Middleware/StartSession.php(64): Illuminate\\Session\\Middleware\\StartSession->handleStatefulRequest()
#27 /var/www/SAAFCECEYT/vendor/laravel/framework/src/Illuminate/Pipeline/Pipeline.php(183): Illuminate\\Session\\Middleware\\StartSession->handle()
#28 /var/www/SAAFCECEYT/vendor/laravel/framework/src/Illuminate/Cookie/Middleware/AddQueuedCookiesToResponse.php(37): Illuminate\\Pipeline\\Pipeline->Illuminate\\Pipeline\\{closure}()
#29 /var/www/SAAFCECEYT/vendor/laravel/framework/src/Illuminate/Pipeline/Pipeline.php(183): Illuminate\\Cookie\\Middleware\\AddQueuedCookiesToResponse->handle()
#30 /var/www/SAAFCECEYT/vendor/laravel/framework/src/Illuminate/Cookie/Middleware/EncryptCookies.php(75): Illuminate\\Pipeline\\Pipeline->Illuminate\\Pipeline\\{closure}()
#31 /var/www/SAAFCECEYT/vendor/laravel/framework/src/Illuminate/Pipeline/Pipeline.php(183): Illuminate\\Cookie\\Middleware\\EncryptCookies->handle()
#32 /var/www/SAAFCECEYT/vendor/laravel/framework/src/Illuminate/Pipeline/Pipeline.php(119): Illuminate\\Pipeline\\Pipeline->Illuminate\\Pipeline\\{closure}()
#33 /var/www/SAAFCECEYT/vendor/laravel/framework/src/Illuminate/Routing/Router.php(807): Illuminate\\Pipeline\\Pipeline->then()
#34 /var/www/SAAFCECEYT/vendor/laravel/framework/src/Illuminate/Routing/Router.php(786): Illuminate\\Routing\\Router->runRouteWithinStack()
#35 /var/www/SAAFCECEYT/vendor/laravel/framework/src/Illuminate/Routing/Router.php(750): Illuminate\\Routing\\Router->runRoute()
#36 /var/www/SAAFCECEYT/vendor/laravel/framework/src/Illuminate/Routing/Router.php(739): Illuminate\\Routing\\Router->dispatchToRoute()
#37 /var/www/SAAFCECEYT/vendor/laravel/framework/src/Illuminate/Foundation/Http/Kernel.php(201): Illuminate\\Routing\\Router->dispatch()
#38 /var/www/SAAFCECEYT/vendor/laravel/framework/src/Illuminate/Pipeline/Pipeline.php(144): Illuminate\\Foundation\\Http\\Kernel->Illuminate\\Foundation\\Http\\{closure}()
#39 /var/www/SAAFCECEYT/vendor/laravel/framework/src/Illuminate/Foundation/Http/Middleware/TransformsRequest.php(21): Illuminate\\Pipeline\\Pipeline->Illuminate\\Pipeline\\{closure}()
#40 /var/www/SAAFCECEYT/vendor/laravel/framework/src/Illuminate/Foundation/Http/Middleware/ConvertEmptyStringsToNull.php(31): Illuminate\\Foundation\\Http\\Middleware\\TransformsRequest->handle()
#41 /var/www/SAAFCECEYT/vendor/laravel/framework/src/Illuminate/Pipeline/Pipeline.php(183): Illuminate\\Foundation\\Http\\Middleware\\ConvertEmptyStringsToNull->handle()
#42 /var/www/SAAFCECEYT/vendor/laravel/framework/src/Illuminate/Foundation/Http/Middleware/TransformsRequest.php(21): Illuminate\\Pipeline\\Pipeline->Illuminate\\Pipeline\\{closure}()
#43 /var/www/SAAFCECEYT/vendor/laravel/framework/src/Illuminate/Foundation/Http/Middleware/TrimStrings.php(51): Illuminate\\Foundation\\Http\\Middleware\\TransformsRequest->handle()
#44 /var/www/SAAFCECEYT/vendor/laravel/framework/src/Illuminate/Pipeline/Pipeline.php(183): Illuminate\\Foundation\\Http\\Middleware\\TrimStrings->handle()
#45 /var/www/SAAFCECEYT/vendor/laravel/framework/src/Illuminate/Http/Middleware/ValidatePostSize.php(27): Illuminate\\Pipeline\\Pipeline->Illuminate\\Pipeline\\{closure}()
#46 /var/www/SAAFCECEYT/vendor/laravel/framework/src/Illuminate/Pipeline/Pipeline.php(183): Illuminate\\Http\\Middleware\\ValidatePostSize->handle()
#47 /var/www/SAAFCECEYT/vendor/laravel/framework/src/Illuminate/Foundation/Http/Middleware/PreventRequestsDuringMaintenance.php(110): Illuminate\\Pipeline\\Pipeline->Illuminate\\Pipeline\\{closure}()
#48 /var/www/SAAFCECEYT/vendor/laravel/framework/src/Illuminate/Pipeline/Pipeline.php(183): Illuminate\\Foundation\\Http\\Middleware\\PreventRequestsDuringMaintenance->handle()
#49 /var/www/SAAFCECEYT/vendor/laravel/framework/src/Illuminate/Http/Middleware/HandleCors.php(49): Illuminate\\Pipeline\\Pipeline->Illuminate\\Pipeline\\{closure}()
#50 /var/www/SAAFCECEYT/vendor/laravel/framework/src/Illuminate/Pipeline/Pipeline.php(183): Illuminate\\Http\\Middleware\\HandleCors->handle()
#51 /var/www/SAAFCECEYT/vendor/laravel/framework/src/Illuminate/Http/Middleware/TrustProxies.php(58): Illuminate\\Pipeline\\Pipeline->Illuminate\\Pipeline\\{closure}()
#52 /var/www/SAAFCECEYT/vendor/laravel/framework/src/Illuminate/Pipeline/Pipeline.php(183): Illuminate\\Http\\Middleware\\TrustProxies->handle()
#53 /var/www/SAAFCECEYT/vendor/laravel/framework/src/Illuminate/Foundation/Http/Middleware/InvokeDeferredCallbacks.php(22): Illuminate\\Pipeline\\Pipeline->Illuminate\\Pipeline\\{closure}()
#54 /var/www/SAAFCECEYT/vendor/laravel/framework/src/Illuminate/Pipeline/Pipeline.php(183): Illuminate\\Foundation\\Http\\Middleware\\InvokeDeferredCallbacks->handle()
#55 /var/www/SAAFCECEYT/vendor/laravel/framework/src/Illuminate/Pipeline/Pipeline.php(119): Illuminate\\Pipeline\\Pipeline->Illuminate\\Pipeline\\{closure}()
#56 /var/www/SAAFCECEYT/vendor/laravel/framework/src/Illuminate/Foundation/Http/Kernel.php(176): Illuminate\\Pipeline\\Pipeline->then()
#57 /var/www/SAAFCECEYT/vendor/laravel/framework/src/Illuminate/Foundation/Http/Kernel.php(145): Illuminate\\Foundation\\Http\\Kernel->sendRequestThroughRouter()
#58 /var/www/SAAFCECEYT/vendor/laravel/framework/src/Illuminate/Foundation/Application.php(1190): Illuminate\\Foundation\\Http\\Kernel->handle()
#59 /var/www/SAAFCECEYT/public/index.php(17): Illuminate\\Foundation\\Application->handleRequest()
#60 {main}
"} 
[2025-08-23 18:43:03] local.ERROR: SQLSTATE[HY000] [1045] Access denied for user 'root'@'localhost' (using password: NO) (Connection: mysql, SQL: select * from `sessions` where `id` = N1fpDkFLei7z3BerJjCNWjGo1GhdeQE2mq5WRrJZ limit 1) {"exception":"[object] (Illuminate\\Database\\QueryException(code: 1045): SQLSTATE[HY000] [1045] Access denied for user 'root'@'localhost' (using password: NO) (Connection: mysql, SQL: select * from `sessions` where `id` = N1fpDkFLei7z3BerJjCNWjGo1GhdeQE2mq5WRrJZ limit 1) at /var/www/SAAFCECEYT/vendor/laravel/framework/src/Illuminate/Database/Connection.php:825)
[stacktrace]
#0 /var/www/SAAFCECEYT/vendor/laravel/framework/src/Illuminate/Database/Connection.php(779): Illuminate\\Database\\Connection->runQueryCallback()
#1 /var/www/SAAFCECEYT/vendor/laravel/framework/src/Illuminate/Database/Connection.php(398): Illuminate\\Database\\Connection->run()
#2 /var/www/SAAFCECEYT/vendor/laravel/framework/src/Illuminate/Database/Query/Builder.php(3133): Illuminate\\Database\\Connection->select()
#3 /var/www/SAAFCECEYT/vendor/laravel/framework/src/Illuminate/Database/Query/Builder.php(3118): Illuminate\\Database\\Query\\Builder->runSelect()
#4 /var/www/SAAFCECEYT/vendor/laravel/framework/src/Illuminate/Database/Query/Builder.php(3706): Illuminate\\Database\\Query\\Builder->Illuminate\\Database\\Query\\{closure}()
#5 /var/www/SAAFCECEYT/vendor/laravel/framework/src/Illuminate/Database/Query/Builder.php(3117): Illuminate\\Database\\Query\\Builder->onceWithColumns()
#6 /var/www/SAAFCECEYT/vendor/laravel/framework/src/Illuminate/Database/Concerns/BuildsQueries.php(344): Illuminate\\Database\\Query\\Builder->get()
#7 /var/www/SAAFCECEYT/vendor/laravel/framework/src/Illuminate/Database/Query/Builder.php(3038): Illuminate\\Database\\Query\\Builder->first()
#8 /var/www/SAAFCECEYT/vendor/laravel/framework/src/Illuminate/Session/DatabaseSessionHandler.php(97): Illuminate\\Database\\Query\\Builder->find()
#9 /var/www/SAAFCECEYT/vendor/laravel/framework/src/Illuminate/Session/Store.php(113): Illuminate\\Session\\DatabaseSessionHandler->read()
#10 /var/www/SAAFCECEYT/vendor/laravel/framework/src/Illuminate/Session/Store.php(101): Illuminate\\Session\\Store->readFromHandler()
#11 /var/www/SAAFCECEYT/vendor/laravel/framework/src/Illuminate/Session/Store.php(85): Illuminate\\Session\\Store->loadSession()
#12 /var/www/SAAFCECEYT/vendor/laravel/framework/src/Illuminate/Session/Middleware/StartSession.php(147): Illuminate\\Session\\Store->start()
#13 /var/www/SAAFCECEYT/vendor/laravel/framework/src/Illuminate/Support/helpers.php(393): Illuminate\\Session\\Middleware\\StartSession->Illuminate\\Session\\Middleware\\{closure}()
#14 /var/www/SAAFCECEYT/vendor/laravel/framework/src/Illuminate/Session/Middleware/StartSession.php(144): tap()
#15 /var/www/SAAFCECEYT/vendor/laravel/framework/src/Illuminate/Session/Middleware/StartSession.php(116): Illuminate\\Session\\Middleware\\StartSession->startSession()
#16 /var/www/SAAFCECEYT/vendor/laravel/framework/src/Illuminate/Session/Middleware/StartSession.php(64): Illuminate\\Session\\Middleware\\StartSession->handleStatefulRequest()
#17 /var/www/SAAFCECEYT/vendor/laravel/framework/src/Illuminate/Pipeline/Pipeline.php(183): Illuminate\\Session\\Middleware\\StartSession->handle()
#18 /var/www/SAAFCECEYT/vendor/laravel/framework/src/Illuminate/Cookie/Middleware/AddQueuedCookiesToResponse.php(37): Illuminate\\Pipeline\\Pipeline->Illuminate\\Pipeline\\{closure}()
#19 /var/www/SAAFCECEYT/vendor/laravel/framework/src/Illuminate/Pipeline/Pipeline.php(183): Illuminate\\Cookie\\Middleware\\AddQueuedCookiesToResponse->handle()
#20 /var/www/SAAFCECEYT/vendor/laravel/framework/src/Illuminate/Cookie/Middleware/EncryptCookies.php(75): Illuminate\\Pipeline\\Pipeline->Illuminate\\Pipeline\\{closure}()
#21 /var/www/SAAFCECEYT/vendor/laravel/framework/src/Illuminate/Pipeline/Pipeline.php(183): Illuminate\\Cookie\\Middleware\\EncryptCookies->handle()
#22 /var/www/SAAFCECEYT/vendor/laravel/framework/src/Illuminate/Pipeline/Pipeline.php(119): Illuminate\\Pipeline\\Pipeline->Illuminate\\Pipeline\\{closure}()
#23 /var/www/SAAFCECEYT/vendor/laravel/framework/src/Illuminate/Routing/Router.php(807): Illuminate\\Pipeline\\Pipeline->then()
#24 /var/www/SAAFCECEYT/vendor/laravel/framework/src/Illuminate/Routing/Router.php(786): Illuminate\\Routing\\Router->runRouteWithinStack()
#25 /var/www/SAAFCECEYT/vendor/laravel/framework/src/Illuminate/Routing/Router.php(750): Illuminate\\Routing\\Router->runRoute()
#26 /var/www/SAAFCECEYT/vendor/laravel/framework/src/Illuminate/Routing/Router.php(739): Illuminate\\Routing\\Router->dispatchToRoute()
#27 /var/www/SAAFCECEYT/vendor/laravel/framework/src/Illuminate/Foundation/Http/Kernel.php(201): Illuminate\\Routing\\Router->dispatch()
#28 /var/www/SAAFCECEYT/vendor/laravel/framework/src/Illuminate/Pipeline/Pipeline.php(144): Illuminate\\Foundation\\Http\\Kernel->Illuminate\\Foundation\\Http\\{closure}()
#29 /var/www/SAAFCECEYT/vendor/laravel/framework/src/Illuminate/Foundation/Http/Middleware/TransformsRequest.php(21): Illuminate\\Pipeline\\Pipeline->Illuminate\\Pipeline\\{closure}()
#30 /var/www/SAAFCECEYT/vendor/laravel/framework/src/Illuminate/Foundation/Http/Middleware/ConvertEmptyStringsToNull.php(31): Illuminate\\Foundation\\Http\\Middleware\\TransformsRequest->handle()
#31 /var/www/SAAFCECEYT/vendor/laravel/framework/src/Illuminate/Pipeline/Pipeline.php(183): Illuminate\\Foundation\\Http\\Middleware\\ConvertEmptyStringsToNull->handle()
#32 /var/www/SAAFCECEYT/vendor/laravel/framework/src/Illuminate/Foundation/Http/Middleware/TransformsRequest.php(21): Illuminate\\Pipeline\\Pipeline->Illuminate\\Pipeline\\{closure}()
#33 /var/www/SAAFCECEYT/vendor/laravel/framework/src/Illuminate/Foundation/Http/Middleware/TrimStrings.php(51): Illuminate\\Foundation\\Http\\Middleware\\TransformsRequest->handle()
#34 /var/www/SAAFCECEYT/vendor/laravel/framework/src/Illuminate/Pipeline/Pipeline.php(183): Illuminate\\Foundation\\Http\\Middleware\\TrimStrings->handle()
#35 /var/www/SAAFCECEYT/vendor/laravel/framework/src/Illuminate/Http/Middleware/ValidatePostSize.php(27): Illuminate\\Pipeline\\Pipeline->Illuminate\\Pipeline\\{closure}()
#36 /var/www/SAAFCECEYT/vendor/laravel/framework/src/Illuminate/Pipeline/Pipeline.php(183): Illuminate\\Http\\Middleware\\ValidatePostSize->handle()
#37 /var/www/SAAFCECEYT/vendor/laravel/framework/src/Illuminate/Foundation/Http/Middleware/PreventRequestsDuringMaintenance.php(110): Illuminate\\Pipeline\\Pipeline->Illuminate\\Pipeline\\{closure}()
#38 /var/www/SAAFCECEYT/vendor/laravel/framework/src/Illuminate/Pipeline/Pipeline.php(183): Illuminate\\Foundation\\Http\\Middleware\\PreventRequestsDuringMaintenance->handle()
#39 /var/www/SAAFCECEYT/vendor/laravel/framework/src/Illuminate/Http/Middleware/HandleCors.php(49): Illuminate\\Pipeline\\Pipeline->Illuminate\\Pipeline\\{closure}()
#40 /var/www/SAAFCECEYT/vendor/laravel/framework/src/Illuminate/Pipeline/Pipeline.php(183): Illuminate\\Http\\Middleware\\HandleCors->handle()
#41 /var/www/SAAFCECEYT/vendor/laravel/framework/src/Illuminate/Http/Middleware/TrustProxies.php(58): Illuminate\\Pipeline\\Pipeline->Illuminate\\Pipeline\\{closure}()
#42 /var/www/SAAFCECEYT/vendor/laravel/framework/src/Illuminate/Pipeline/Pipeline.php(183): Illuminate\\Http\\Middleware\\TrustProxies->handle()
#43 /var/www/SAAFCECEYT/vendor/laravel/framework/src/Illuminate/Foundation/Http/Middleware/InvokeDeferredCallbacks.php(22): Illuminate\\Pipeline\\Pipeline->Illuminate\\Pipeline\\{closure}()
#44 /var/www/SAAFCECEYT/vendor/laravel/framework/src/Illuminate/Pipeline/Pipeline.php(183): Illuminate\\Foundation\\Http\\Middleware\\InvokeDeferredCallbacks->handle()
#45 /var/www/SAAFCECEYT/vendor/laravel/framework/src/Illuminate/Pipeline/Pipeline.php(119): Illuminate\\Pipeline\\Pipeline->Illuminate\\Pipeline\\{closure}()
#46 /var/www/SAAFCECEYT/vendor/laravel/framework/src/Illuminate/Foundation/Http/Kernel.php(176): Illuminate\\Pipeline\\Pipeline->then()
#47 /var/www/SAAFCECEYT/vendor/laravel/framework/src/Illuminate/Foundation/Http/Kernel.php(145): Illuminate\\Foundation\\Http\\Kernel->sendRequestThroughRouter()
#48 /var/www/SAAFCECEYT/vendor/laravel/framework/src/Illuminate/Foundation/Application.php(1190): Illuminate\\Foundation\\Http\\Kernel->handle()
#49 /var/www/SAAFCECEYT/public/index.php(17): Illuminate\\Foundation\\Application->handleRequest()
#50 {main}

[previous exception] [object] (PDOException(code: 1045): SQLSTATE[HY000] [1045] Access denied for user 'root'@'localhost' (using password: NO) at /var/www/SAAFCECEYT/vendor/laravel/framework/src/Illuminate/Database/Connectors/Connector.php:66)
[stacktrace]
#0 /var/www/SAAFCECEYT/vendor/laravel/framework/src/Illuminate/Database/Connectors/Connector.php(66): PDO->__construct()
#1 /var/www/SAAFCECEYT/vendor/laravel/framework/src/Illuminate/Database/Connectors/Connector.php(44): Illuminate\\Database\\Connectors\\Connector->createPdoConnection()
#2 /var/www/SAAFCECEYT/vendor/laravel/framework/src/Illuminate/Database/Connectors/MySqlConnector.php(24): Illuminate\\Database\\Connectors\\Connector->createConnection()
#3 /var/www/SAAFCECEYT/vendor/laravel/framework/src/Illuminate/Database/Connectors/ConnectionFactory.php(185): Illuminate\\Database\\Connectors\\MySqlConnector->connect()
#4 [internal function]: Illuminate\\Database\\Connectors\\ConnectionFactory->Illuminate\\Database\\Connectors\\{closure}()
#5 /var/www/SAAFCECEYT/vendor/laravel/framework/src/Illuminate/Database/Connection.php(1231): call_user_func()
#6 /var/www/SAAFCECEYT/vendor/laravel/framework/src/Illuminate/Database/Connection.php(1267): Illuminate\\Database\\Connection->getPdo()
#7 /var/www/SAAFCECEYT/vendor/laravel/framework/src/Illuminate/Database/Connection.php(512): Illuminate\\Database\\Connection->getReadPdo()
#8 /var/www/SAAFCECEYT/vendor/laravel/framework/src/Illuminate/Database/Connection.php(407): Illuminate\\Database\\Connection->getPdoForSelect()
#9 /var/www/SAAFCECEYT/vendor/laravel/framework/src/Illuminate/Database/Connection.php(812): Illuminate\\Database\\Connection->Illuminate\\Database\\{closure}()
#10 /var/www/SAAFCECEYT/vendor/laravel/framework/src/Illuminate/Database/Connection.php(779): Illuminate\\Database\\Connection->runQueryCallback()
#11 /var/www/SAAFCECEYT/vendor/laravel/framework/src/Illuminate/Database/Connection.php(398): Illuminate\\Database\\Connection->run()
#12 /var/www/SAAFCECEYT/vendor/laravel/framework/src/Illuminate/Database/Query/Builder.php(3133): Illuminate\\Database\\Connection->select()
#13 /var/www/SAAFCECEYT/vendor/laravel/framework/src/Illuminate/Database/Query/Builder.php(3118): Illuminate\\Database\\Query\\Builder->runSelect()
#14 /var/www/SAAFCECEYT/vendor/laravel/framework/src/Illuminate/Database/Query/Builder.php(3706): Illuminate\\Database\\Query\\Builder->Illuminate\\Database\\Query\\{closure}()
#15 /var/www/SAAFCECEYT/vendor/laravel/framework/src/Illuminate/Database/Query/Builder.php(3117): Illuminate\\Database\\Query\\Builder->onceWithColumns()
#16 /var/www/SAAFCECEYT/vendor/laravel/framework/src/Illuminate/Database/Concerns/BuildsQueries.php(344): Illuminate\\Database\\Query\\Builder->get()
#17 /var/www/SAAFCECEYT/vendor/laravel/framework/src/Illuminate/Database/Query/Builder.php(3038): Illuminate\\Database\\Query\\Builder->first()
#18 /var/www/SAAFCECEYT/vendor/laravel/framework/src/Illuminate/Session/DatabaseSessionHandler.php(97): Illuminate\\Database\\Query\\Builder->find()
#19 /var/www/SAAFCECEYT/vendor/laravel/framework/src/Illuminate/Session/Store.php(113): Illuminate\\Session\\DatabaseSessionHandler->read()
#20 /var/www/SAAFCECEYT/vendor/laravel/framework/src/Illuminate/Session/Store.php(101): Illuminate\\Session\\Store->readFromHandler()
#21 /var/www/SAAFCECEYT/vendor/laravel/framework/src/Illuminate/Session/Store.php(85): Illuminate\\Session\\Store->loadSession()
#22 /var/www/SAAFCECEYT/vendor/laravel/framework/src/Illuminate/Session/Middleware/StartSession.php(147): Illuminate\\Session\\Store->start()
#23 /var/www/SAAFCECEYT/vendor/laravel/framework/src/Illuminate/Support/helpers.php(393): Illuminate\\Session\\Middleware\\StartSession->Illuminate\\Session\\Middleware\\{closure}()
#24 /var/www/SAAFCECEYT/vendor/laravel/framework/src/Illuminate/Session/Middleware/StartSession.php(144): tap()
#25 /var/www/SAAFCECEYT/vendor/laravel/framework/src/Illuminate/Session/Middleware/StartSession.php(116): Illuminate\\Session\\Middleware\\StartSession->startSession()
#26 /var/www/SAAFCECEYT/vendor/laravel/framework/src/Illuminate/Session/Middleware/StartSession.php(64): Illuminate\\Session\\Middleware\\StartSession->handleStatefulRequest()
#27 /var/www/SAAFCECEYT/vendor/laravel/framework/src/Illuminate/Pipeline/Pipeline.php(183): Illuminate\\Session\\Middleware\\StartSession->handle()
#28 /var/www/SAAFCECEYT/vendor/laravel/framework/src/Illuminate/Cookie/Middleware/AddQueuedCookiesToResponse.php(37): Illuminate\\Pipeline\\Pipeline->Illuminate\\Pipeline\\{closure}()
#29 /var/www/SAAFCECEYT/vendor/laravel/framework/src/Illuminate/Pipeline/Pipeline.php(183): Illuminate\\Cookie\\Middleware\\AddQueuedCookiesToResponse->handle()
#30 /var/www/SAAFCECEYT/vendor/laravel/framework/src/Illuminate/Cookie/Middleware/EncryptCookies.php(75): Illuminate\\Pipeline\\Pipeline->Illuminate\\Pipeline\\{closure}()
#31 /var/www/SAAFCECEYT/vendor/laravel/framework/src/Illuminate/Pipeline/Pipeline.php(183): Illuminate\\Cookie\\Middleware\\EncryptCookies->handle()
#32 /var/www/SAAFCECEYT/vendor/laravel/framework/src/Illuminate/Pipeline/Pipeline.php(119): Illuminate\\Pipeline\\Pipeline->Illuminate\\Pipeline\\{closure}()
#33 /var/www/SAAFCECEYT/vendor/laravel/framework/src/Illuminate/Routing/Router.php(807): Illuminate\\Pipeline\\Pipeline->then()
#34 /var/www/SAAFCECEYT/vendor/laravel/framework/src/Illuminate/Routing/Router.php(786): Illuminate\\Routing\\Router->runRouteWithinStack()
#35 /var/www/SAAFCECEYT/vendor/laravel/framework/src/Illuminate/Routing/Router.php(750): Illuminate\\Routing\\Router->runRoute()
#36 /var/www/SAAFCECEYT/vendor/laravel/framework/src/Illuminate/Routing/Router.php(739): Illuminate\\Routing\\Router->dispatchToRoute()
#37 /var/www/SAAFCECEYT/vendor/laravel/framework/src/Illuminate/Foundation/Http/Kernel.php(201): Illuminate\\Routing\\Router->dispatch()
#38 /var/www/SAAFCECEYT/vendor/laravel/framework/src/Illuminate/Pipeline/Pipeline.php(144): Illuminate\\Foundation\\Http\\Kernel->Illuminate\\Foundation\\Http\\{closure}()
#39 /var/www/SAAFCECEYT/vendor/laravel/framework/src/Illuminate/Foundation/Http/Middleware/TransformsRequest.php(21): Illuminate\\Pipeline\\Pipeline->Illuminate\\Pipeline\\{closure}()
#40 /var/www/SAAFCECEYT/vendor/laravel/framework/src/Illuminate/Foundation/Http/Middleware/ConvertEmptyStringsToNull.php(31): Illuminate\\Foundation\\Http\\Middleware\\TransformsRequest->handle()
#41 /var/www/SAAFCECEYT/vendor/laravel/framework/src/Illuminate/Pipeline/Pipeline.php(183): Illuminate\\Foundation\\Http\\Middleware\\ConvertEmptyStringsToNull->handle()
#42 /var/www/SAAFCECEYT/vendor/laravel/framework/src/Illuminate/Foundation/Http/Middleware/TransformsRequest.php(21): Illuminate\\Pipeline\\Pipeline->Illuminate\\Pipeline\\{closure}()
#43 /var/www/SAAFCECEYT/vendor/laravel/framework/src/Illuminate/Foundation/Http/Middleware/TrimStrings.php(51): Illuminate\\Foundation\\Http\\Middleware\\TransformsRequest->handle()
#44 /var/www/SAAFCECEYT/vendor/laravel/framework/src/Illuminate/Pipeline/Pipeline.php(183): Illuminate\\Foundation\\Http\\Middleware\\TrimStrings->handle()
#45 /var/www/SAAFCECEYT/vendor/laravel/framework/src/Illuminate/Http/Middleware/ValidatePostSize.php(27): Illuminate\\Pipeline\\Pipeline->Illuminate\\Pipeline\\{closure}()
#46 /var/www/SAAFCECEYT/vendor/laravel/framework/src/Illuminate/Pipeline/Pipeline.php(183): Illuminate\\Http\\Middleware\\ValidatePostSize->handle()
#47 /var/www/SAAFCECEYT/vendor/laravel/framework/src/Illuminate/Foundation/Http/Middleware/PreventRequestsDuringMaintenance.php(110): Illuminate\\Pipeline\\Pipeline->Illuminate\\Pipeline\\{closure}()
#48 /var/www/SAAFCECEYT/vendor/laravel/framework/src/Illuminate/Pipeline/Pipeline.php(183): Illuminate\\Foundation\\Http\\Middleware\\PreventRequestsDuringMaintenance->handle()
#49 /var/www/SAAFCECEYT/vendor/laravel/framework/src/Illuminate/Http/Middleware/HandleCors.php(49): Illuminate\\Pipeline\\Pipeline->Illuminate\\Pipeline\\{closure}()
#50 /var/www/SAAFCECEYT/vendor/laravel/framework/src/Illuminate/Pipeline/Pipeline.php(183): Illuminate\\Http\\Middleware\\HandleCors->handle()
#51 /var/www/SAAFCECEYT/vendor/laravel/framework/src/Illuminate/Http/Middleware/TrustProxies.php(58): Illuminate\\Pipeline\\Pipeline->Illuminate\\Pipeline\\{closure}()
#52 /var/www/SAAFCECEYT/vendor/laravel/framework/src/Illuminate/Pipeline/Pipeline.php(183): Illuminate\\Http\\Middleware\\TrustProxies->handle()
#53 /var/www/SAAFCECEYT/vendor/laravel/framework/src/Illuminate/Foundation/Http/Middleware/InvokeDeferredCallbacks.php(22): Illuminate\\Pipeline\\Pipeline->Illuminate\\Pipeline\\{closure}()
#54 /var/www/SAAFCECEYT/vendor/laravel/framework/src/Illuminate/Pipeline/Pipeline.php(183): Illuminate\\Foundation\\Http\\Middleware\\InvokeDeferredCallbacks->handle()
#55 /var/www/SAAFCECEYT/vendor/laravel/framework/src/Illuminate/Pipeline/Pipeline.php(119): Illuminate\\Pipeline\\Pipeline->Illuminate\\Pipeline\\{closure}()
#56 /var/www/SAAFCECEYT/vendor/laravel/framework/src/Illuminate/Foundation/Http/Kernel.php(176): Illuminate\\Pipeline\\Pipeline->then()
#57 /var/www/SAAFCECEYT/vendor/laravel/framework/src/Illuminate/Foundation/Http/Kernel.php(145): Illuminate\\Foundation\\Http\\Kernel->sendRequestThroughRouter()
#58 /var/www/SAAFCECEYT/vendor/laravel/framework/src/Illuminate/Foundation/Application.php(1190): Illuminate\\Foundation\\Http\\Kernel->handle()
#59 /var/www/SAAFCECEYT/public/index.php(17): Illuminate\\Foundation\\Application->handleRequest()
#60 {main}
"} 
[2025-08-23 18:43:05] local.ERROR: SQLSTATE[HY000] [1045] Access denied for user 'root'@'localhost' (using password: NO) (Connection: mysql, SQL: select * from `sessions` where `id` = V4BWrhjfznArlWzHf2ZTjyPUK1cC2gs6rVCmB39e limit 1) {"exception":"[object] (Illuminate\\Database\\QueryException(code: 1045): SQLSTATE[HY000] [1045] Access denied for user 'root'@'localhost' (using password: NO) (Connection: mysql, SQL: select * from `sessions` where `id` = V4BWrhjfznArlWzHf2ZTjyPUK1cC2gs6rVCmB39e limit 1) at /var/www/SAAFCECEYT/vendor/laravel/framework/src/Illuminate/Database/Connection.php:825)
[stacktrace]
#0 /var/www/SAAFCECEYT/vendor/laravel/framework/src/Illuminate/Database/Connection.php(779): Illuminate\\Database\\Connection->runQueryCallback()
#1 /var/www/SAAFCECEYT/vendor/laravel/framework/src/Illuminate/Database/Connection.php(398): Illuminate\\Database\\Connection->run()
#2 /var/www/SAAFCECEYT/vendor/laravel/framework/src/Illuminate/Database/Query/Builder.php(3133): Illuminate\\Database\\Connection->select()
#3 /var/www/SAAFCECEYT/vendor/laravel/framework/src/Illuminate/Database/Query/Builder.php(3118): Illuminate\\Database\\Query\\Builder->runSelect()
#4 /var/www/SAAFCECEYT/vendor/laravel/framework/src/Illuminate/Database/Query/Builder.php(3706): Illuminate\\Database\\Query\\Builder->Illuminate\\Database\\Query\\{closure}()
#5 /var/www/SAAFCECEYT/vendor/laravel/framework/src/Illuminate/Database/Query/Builder.php(3117): Illuminate\\Database\\Query\\Builder->onceWithColumns()
#6 /var/www/SAAFCECEYT/vendor/laravel/framework/src/Illuminate/Database/Concerns/BuildsQueries.php(344): Illuminate\\Database\\Query\\Builder->get()
#7 /var/www/SAAFCECEYT/vendor/laravel/framework/src/Illuminate/Database/Query/Builder.php(3038): Illuminate\\Database\\Query\\Builder->first()
#8 /var/www/SAAFCECEYT/vendor/laravel/framework/src/Illuminate/Session/DatabaseSessionHandler.php(97): Illuminate\\Database\\Query\\Builder->find()
#9 /var/www/SAAFCECEYT/vendor/laravel/framework/src/Illuminate/Session/Store.php(113): Illuminate\\Session\\DatabaseSessionHandler->read()
#10 /var/www/SAAFCECEYT/vendor/laravel/framework/src/Illuminate/Session/Store.php(101): Illuminate\\Session\\Store->readFromHandler()
#11 /var/www/SAAFCECEYT/vendor/laravel/framework/src/Illuminate/Session/Store.php(85): Illuminate\\Session\\Store->loadSession()
#12 /var/www/SAAFCECEYT/vendor/laravel/framework/src/Illuminate/Session/Middleware/StartSession.php(147): Illuminate\\Session\\Store->start()
#13 /var/www/SAAFCECEYT/vendor/laravel/framework/src/Illuminate/Support/helpers.php(393): Illuminate\\Session\\Middleware\\StartSession->Illuminate\\Session\\Middleware\\{closure}()
#14 /var/www/SAAFCECEYT/vendor/laravel/framework/src/Illuminate/Session/Middleware/StartSession.php(144): tap()
#15 /var/www/SAAFCECEYT/vendor/laravel/framework/src/Illuminate/Session/Middleware/StartSession.php(116): Illuminate\\Session\\Middleware\\StartSession->startSession()
#16 /var/www/SAAFCECEYT/vendor/laravel/framework/src/Illuminate/Session/Middleware/StartSession.php(64): Illuminate\\Session\\Middleware\\StartSession->handleStatefulRequest()
#17 /var/www/SAAFCECEYT/vendor/laravel/framework/src/Illuminate/Pipeline/Pipeline.php(183): Illuminate\\Session\\Middleware\\StartSession->handle()
#18 /var/www/SAAFCECEYT/vendor/laravel/framework/src/Illuminate/Cookie/Middleware/AddQueuedCookiesToResponse.php(37): Illuminate\\Pipeline\\Pipeline->Illuminate\\Pipeline\\{closure}()
#19 /var/www/SAAFCECEYT/vendor/laravel/framework/src/Illuminate/Pipeline/Pipeline.php(183): Illuminate\\Cookie\\Middleware\\AddQueuedCookiesToResponse->handle()
#20 /var/www/SAAFCECEYT/vendor/laravel/framework/src/Illuminate/Cookie/Middleware/EncryptCookies.php(75): Illuminate\\Pipeline\\Pipeline->Illuminate\\Pipeline\\{closure}()
#21 /var/www/SAAFCECEYT/vendor/laravel/framework/src/Illuminate/Pipeline/Pipeline.php(183): Illuminate\\Cookie\\Middleware\\EncryptCookies->handle()
#22 /var/www/SAAFCECEYT/vendor/laravel/framework/src/Illuminate/Pipeline/Pipeline.php(119): Illuminate\\Pipeline\\Pipeline->Illuminate\\Pipeline\\{closure}()
#23 /var/www/SAAFCECEYT/vendor/laravel/framework/src/Illuminate/Routing/Router.php(807): Illuminate\\Pipeline\\Pipeline->then()
#24 /var/www/SAAFCECEYT/vendor/laravel/framework/src/Illuminate/Routing/Router.php(786): Illuminate\\Routing\\Router->runRouteWithinStack()
#25 /var/www/SAAFCECEYT/vendor/laravel/framework/src/Illuminate/Routing/Router.php(750): Illuminate\\Routing\\Router->runRoute()
#26 /var/www/SAAFCECEYT/vendor/laravel/framework/src/Illuminate/Routing/Router.php(739): Illuminate\\Routing\\Router->dispatchToRoute()
#27 /var/www/SAAFCECEYT/vendor/laravel/framework/src/Illuminate/Foundation/Http/Kernel.php(201): Illuminate\\Routing\\Router->dispatch()
#28 /var/www/SAAFCECEYT/vendor/laravel/framework/src/Illuminate/Pipeline/Pipeline.php(144): Illuminate\\Foundation\\Http\\Kernel->Illuminate\\Foundation\\Http\\{closure}()
#29 /var/www/SAAFCECEYT/vendor/laravel/framework/src/Illuminate/Foundation/Http/Middleware/TransformsRequest.php(21): Illuminate\\Pipeline\\Pipeline->Illuminate\\Pipeline\\{closure}()
#30 /var/www/SAAFCECEYT/vendor/laravel/framework/src/Illuminate/Foundation/Http/Middleware/ConvertEmptyStringsToNull.php(31): Illuminate\\Foundation\\Http\\Middleware\\TransformsRequest->handle()
#31 /var/www/SAAFCECEYT/vendor/laravel/framework/src/Illuminate/Pipeline/Pipeline.php(183): Illuminate\\Foundation\\Http\\Middleware\\ConvertEmptyStringsToNull->handle()
#32 /var/www/SAAFCECEYT/vendor/laravel/framework/src/Illuminate/Foundation/Http/Middleware/TransformsRequest.php(21): Illuminate\\Pipeline\\Pipeline->Illuminate\\Pipeline\\{closure}()
#33 /var/www/SAAFCECEYT/vendor/laravel/framework/src/Illuminate/Foundation/Http/Middleware/TrimStrings.php(51): Illuminate\\Foundation\\Http\\Middleware\\TransformsRequest->handle()
#34 /var/www/SAAFCECEYT/vendor/laravel/framework/src/Illuminate/Pipeline/Pipeline.php(183): Illuminate\\Foundation\\Http\\Middleware\\TrimStrings->handle()
#35 /var/www/SAAFCECEYT/vendor/laravel/framework/src/Illuminate/Http/Middleware/ValidatePostSize.php(27): Illuminate\\Pipeline\\Pipeline->Illuminate\\Pipeline\\{closure}()
#36 /var/www/SAAFCECEYT/vendor/laravel/framework/src/Illuminate/Pipeline/Pipeline.php(183): Illuminate\\Http\\Middleware\\ValidatePostSize->handle()
#37 /var/www/SAAFCECEYT/vendor/laravel/framework/src/Illuminate/Foundation/Http/Middleware/PreventRequestsDuringMaintenance.php(110): Illuminate\\Pipeline\\Pipeline->Illuminate\\Pipeline\\{closure}()
#38 /var/www/SAAFCECEYT/vendor/laravel/framework/src/Illuminate/Pipeline/Pipeline.php(183): Illuminate\\Foundation\\Http\\Middleware\\PreventRequestsDuringMaintenance->handle()
#39 /var/www/SAAFCECEYT/vendor/laravel/framework/src/Illuminate/Http/Middleware/HandleCors.php(49): Illuminate\\Pipeline\\Pipeline->Illuminate\\Pipeline\\{closure}()
#40 /var/www/SAAFCECEYT/vendor/laravel/framework/src/Illuminate/Pipeline/Pipeline.php(183): Illuminate\\Http\\Middleware\\HandleCors->handle()
#41 /var/www/SAAFCECEYT/vendor/laravel/framework/src/Illuminate/Http/Middleware/TrustProxies.php(58): Illuminate\\Pipeline\\Pipeline->Illuminate\\Pipeline\\{closure}()
#42 /var/www/SAAFCECEYT/vendor/laravel/framework/src/Illuminate/Pipeline/Pipeline.php(183): Illuminate\\Http\\Middleware\\TrustProxies->handle()
#43 /var/www/SAAFCECEYT/vendor/laravel/framework/src/Illuminate/Foundation/Http/Middleware/InvokeDeferredCallbacks.php(22): Illuminate\\Pipeline\\Pipeline->Illuminate\\Pipeline\\{closure}()
#44 /var/www/SAAFCECEYT/vendor/laravel/framework/src/Illuminate/Pipeline/Pipeline.php(183): Illuminate\\Foundation\\Http\\Middleware\\InvokeDeferredCallbacks->handle()
#45 /var/www/SAAFCECEYT/vendor/laravel/framework/src/Illuminate/Pipeline/Pipeline.php(119): Illuminate\\Pipeline\\Pipeline->Illuminate\\Pipeline\\{closure}()
#46 /var/www/SAAFCECEYT/vendor/laravel/framework/src/Illuminate/Foundation/Http/Kernel.php(176): Illuminate\\Pipeline\\Pipeline->then()
#47 /var/www/SAAFCECEYT/vendor/laravel/framework/src/Illuminate/Foundation/Http/Kernel.php(145): Illuminate\\Foundation\\Http\\Kernel->sendRequestThroughRouter()
#48 /var/www/SAAFCECEYT/vendor/laravel/framework/src/Illuminate/Foundation/Application.php(1190): Illuminate\\Foundation\\Http\\Kernel->handle()
#49 /var/www/SAAFCECEYT/public/index.php(17): Illuminate\\Foundation\\Application->handleRequest()
#50 {main}

[previous exception] [object] (PDOException(code: 1045): SQLSTATE[HY000] [1045] Access denied for user 'root'@'localhost' (using password: NO) at /var/www/SAAFCECEYT/vendor/laravel/framework/src/Illuminate/Database/Connectors/Connector.php:66)
[stacktrace]
#0 /var/www/SAAFCECEYT/vendor/laravel/framework/src/Illuminate/Database/Connectors/Connector.php(66): PDO->__construct()
#1 /var/www/SAAFCECEYT/vendor/laravel/framework/src/Illuminate/Database/Connectors/Connector.php(44): Illuminate\\Database\\Connectors\\Connector->createPdoConnection()
#2 /var/www/SAAFCECEYT/vendor/laravel/framework/src/Illuminate/Database/Connectors/MySqlConnector.php(24): Illuminate\\Database\\Connectors\\Connector->createConnection()
#3 /var/www/SAAFCECEYT/vendor/laravel/framework/src/Illuminate/Database/Connectors/ConnectionFactory.php(185): Illuminate\\Database\\Connectors\\MySqlConnector->connect()
#4 [internal function]: Illuminate\\Database\\Connectors\\ConnectionFactory->Illuminate\\Database\\Connectors\\{closure}()
#5 /var/www/SAAFCECEYT/vendor/laravel/framework/src/Illuminate/Database/Connection.php(1231): call_user_func()
#6 /var/www/SAAFCECEYT/vendor/laravel/framework/src/Illuminate/Database/Connection.php(1267): Illuminate\\Database\\Connection->getPdo()
#7 /var/www/SAAFCECEYT/vendor/laravel/framework/src/Illuminate/Database/Connection.php(512): Illuminate\\Database\\Connection->getReadPdo()
#8 /var/www/SAAFCECEYT/vendor/laravel/framework/src/Illuminate/Database/Connection.php(407): Illuminate\\Database\\Connection->getPdoForSelect()
#9 /var/www/SAAFCECEYT/vendor/laravel/framework/src/Illuminate/Database/Connection.php(812): Illuminate\\Database\\Connection->Illuminate\\Database\\{closure}()
#10 /var/www/SAAFCECEYT/vendor/laravel/framework/src/Illuminate/Database/Connection.php(779): Illuminate\\Database\\Connection->runQueryCallback()
#11 /var/www/SAAFCECEYT/vendor/laravel/framework/src/Illuminate/Database/Connection.php(398): Illuminate\\Database\\Connection->run()
#12 /var/www/SAAFCECEYT/vendor/laravel/framework/src/Illuminate/Database/Query/Builder.php(3133): Illuminate\\Database\\Connection->select()
#13 /var/www/SAAFCECEYT/vendor/laravel/framework/src/Illuminate/Database/Query/Builder.php(3118): Illuminate\\Database\\Query\\Builder->runSelect()
#14 /var/www/SAAFCECEYT/vendor/laravel/framework/src/Illuminate/Database/Query/Builder.php(3706): Illuminate\\Database\\Query\\Builder->Illuminate\\Database\\Query\\{closure}()
#15 /var/www/SAAFCECEYT/vendor/laravel/framework/src/Illuminate/Database/Query/Builder.php(3117): Illuminate\\Database\\Query\\Builder->onceWithColumns()
#16 /var/www/SAAFCECEYT/vendor/laravel/framework/src/Illuminate/Database/Concerns/BuildsQueries.php(344): Illuminate\\Database\\Query\\Builder->get()
#17 /var/www/SAAFCECEYT/vendor/laravel/framework/src/Illuminate/Database/Query/Builder.php(3038): Illuminate\\Database\\Query\\Builder->first()
#18 /var/www/SAAFCECEYT/vendor/laravel/framework/src/Illuminate/Session/DatabaseSessionHandler.php(97): Illuminate\\Database\\Query\\Builder->find()
#19 /var/www/SAAFCECEYT/vendor/laravel/framework/src/Illuminate/Session/Store.php(113): Illuminate\\Session\\DatabaseSessionHandler->read()
#20 /var/www/SAAFCECEYT/vendor/laravel/framework/src/Illuminate/Session/Store.php(101): Illuminate\\Session\\Store->readFromHandler()
#21 /var/www/SAAFCECEYT/vendor/laravel/framework/src/Illuminate/Session/Store.php(85): Illuminate\\Session\\Store->loadSession()
#22 /var/www/SAAFCECEYT/vendor/laravel/framework/src/Illuminate/Session/Middleware/StartSession.php(147): Illuminate\\Session\\Store->start()
#23 /var/www/SAAFCECEYT/vendor/laravel/framework/src/Illuminate/Support/helpers.php(393): Illuminate\\Session\\Middleware\\StartSession->Illuminate\\Session\\Middleware\\{closure}()
#24 /var/www/SAAFCECEYT/vendor/laravel/framework/src/Illuminate/Session/Middleware/StartSession.php(144): tap()
#25 /var/www/SAAFCECEYT/vendor/laravel/framework/src/Illuminate/Session/Middleware/StartSession.php(116): Illuminate\\Session\\Middleware\\StartSession->startSession()
#26 /var/www/SAAFCECEYT/vendor/laravel/framework/src/Illuminate/Session/Middleware/StartSession.php(64): Illuminate\\Session\\Middleware\\StartSession->handleStatefulRequest()
#27 /var/www/SAAFCECEYT/vendor/laravel/framework/src/Illuminate/Pipeline/Pipeline.php(183): Illuminate\\Session\\Middleware\\StartSession->handle()
#28 /var/www/SAAFCECEYT/vendor/laravel/framework/src/Illuminate/Cookie/Middleware/AddQueuedCookiesToResponse.php(37): Illuminate\\Pipeline\\Pipeline->Illuminate\\Pipeline\\{closure}()
#29 /var/www/SAAFCECEYT/vendor/laravel/framework/src/Illuminate/Pipeline/Pipeline.php(183): Illuminate\\Cookie\\Middleware\\AddQueuedCookiesToResponse->handle()
#30 /var/www/SAAFCECEYT/vendor/laravel/framework/src/Illuminate/Cookie/Middleware/EncryptCookies.php(75): Illuminate\\Pipeline\\Pipeline->Illuminate\\Pipeline\\{closure}()
#31 /var/www/SAAFCECEYT/vendor/laravel/framework/src/Illuminate/Pipeline/Pipeline.php(183): Illuminate\\Cookie\\Middleware\\EncryptCookies->handle()
#32 /var/www/SAAFCECEYT/vendor/laravel/framework/src/Illuminate/Pipeline/Pipeline.php(119): Illuminate\\Pipeline\\Pipeline->Illuminate\\Pipeline\\{closure}()
#33 /var/www/SAAFCECEYT/vendor/laravel/framework/src/Illuminate/Routing/Router.php(807): Illuminate\\Pipeline\\Pipeline->then()
#34 /var/www/SAAFCECEYT/vendor/laravel/framework/src/Illuminate/Routing/Router.php(786): Illuminate\\Routing\\Router->runRouteWithinStack()
#35 /var/www/SAAFCECEYT/vendor/laravel/framework/src/Illuminate/Routing/Router.php(750): Illuminate\\Routing\\Router->runRoute()
#36 /var/www/SAAFCECEYT/vendor/laravel/framework/src/Illuminate/Routing/Router.php(739): Illuminate\\Routing\\Router->dispatchToRoute()
#37 /var/www/SAAFCECEYT/vendor/laravel/framework/src/Illuminate/Foundation/Http/Kernel.php(201): Illuminate\\Routing\\Router->dispatch()
#38 /var/www/SAAFCECEYT/vendor/laravel/framework/src/Illuminate/Pipeline/Pipeline.php(144): Illuminate\\Foundation\\Http\\Kernel->Illuminate\\Foundation\\Http\\{closure}()
#39 /var/www/SAAFCECEYT/vendor/laravel/framework/src/Illuminate/Foundation/Http/Middleware/TransformsRequest.php(21): Illuminate\\Pipeline\\Pipeline->Illuminate\\Pipeline\\{closure}()
#40 /var/www/SAAFCECEYT/vendor/laravel/framework/src/Illuminate/Foundation/Http/Middleware/ConvertEmptyStringsToNull.php(31): Illuminate\\Foundation\\Http\\Middleware\\TransformsRequest->handle()
#41 /var/www/SAAFCECEYT/vendor/laravel/framework/src/Illuminate/Pipeline/Pipeline.php(183): Illuminate\\Foundation\\Http\\Middleware\\ConvertEmptyStringsToNull->handle()
#42 /var/www/SAAFCECEYT/vendor/laravel/framework/src/Illuminate/Foundation/Http/Middleware/TransformsRequest.php(21): Illuminate\\Pipeline\\Pipeline->Illuminate\\Pipeline\\{closure}()
#43 /var/www/SAAFCECEYT/vendor/laravel/framework/src/Illuminate/Foundation/Http/Middleware/TrimStrings.php(51): Illuminate\\Foundation\\Http\\Middleware\\TransformsRequest->handle()
#44 /var/www/SAAFCECEYT/vendor/laravel/framework/src/Illuminate/Pipeline/Pipeline.php(183): Illuminate\\Foundation\\Http\\Middleware\\TrimStrings->handle()
#45 /var/www/SAAFCECEYT/vendor/laravel/framework/src/Illuminate/Http/Middleware/ValidatePostSize.php(27): Illuminate\\Pipeline\\Pipeline->Illuminate\\Pipeline\\{closure}()
#46 /var/www/SAAFCECEYT/vendor/laravel/framework/src/Illuminate/Pipeline/Pipeline.php(183): Illuminate\\Http\\Middleware\\ValidatePostSize->handle()
#47 /var/www/SAAFCECEYT/vendor/laravel/framework/src/Illuminate/Foundation/Http/Middleware/PreventRequestsDuringMaintenance.php(110): Illuminate\\Pipeline\\Pipeline->Illuminate\\Pipeline\\{closure}()
#48 /var/www/SAAFCECEYT/vendor/laravel/framework/src/Illuminate/Pipeline/Pipeline.php(183): Illuminate\\Foundation\\Http\\Middleware\\PreventRequestsDuringMaintenance->handle()
#49 /var/www/SAAFCECEYT/vendor/laravel/framework/src/Illuminate/Http/Middleware/HandleCors.php(49): Illuminate\\Pipeline\\Pipeline->Illuminate\\Pipeline\\{closure}()
#50 /var/www/SAAFCECEYT/vendor/laravel/framework/src/Illuminate/Pipeline/Pipeline.php(183): Illuminate\\Http\\Middleware\\HandleCors->handle()
#51 /var/www/SAAFCECEYT/vendor/laravel/framework/src/Illuminate/Http/Middleware/TrustProxies.php(58): Illuminate\\Pipeline\\Pipeline->Illuminate\\Pipeline\\{closure}()
#52 /var/www/SAAFCECEYT/vendor/laravel/framework/src/Illuminate/Pipeline/Pipeline.php(183): Illuminate\\Http\\Middleware\\TrustProxies->handle()
#53 /var/www/SAAFCECEYT/vendor/laravel/framework/src/Illuminate/Foundation/Http/Middleware/InvokeDeferredCallbacks.php(22): Illuminate\\Pipeline\\Pipeline->Illuminate\\Pipeline\\{closure}()
#54 /var/www/SAAFCECEYT/vendor/laravel/framework/src/Illuminate/Pipeline/Pipeline.php(183): Illuminate\\Foundation\\Http\\Middleware\\InvokeDeferredCallbacks->handle()
#55 /var/www/SAAFCECEYT/vendor/laravel/framework/src/Illuminate/Pipeline/Pipeline.php(119): Illuminate\\Pipeline\\Pipeline->Illuminate\\Pipeline\\{closure}()
#56 /var/www/SAAFCECEYT/vendor/laravel/framework/src/Illuminate/Foundation/Http/Kernel.php(176): Illuminate\\Pipeline\\Pipeline->then()
#57 /var/www/SAAFCECEYT/vendor/laravel/framework/src/Illuminate/Foundation/Http/Kernel.php(145): Illuminate\\Foundation\\Http\\Kernel->sendRequestThroughRouter()
#58 /var/www/SAAFCECEYT/vendor/laravel/framework/src/Illuminate/Foundation/Application.php(1190): Illuminate\\Foundation\\Http\\Kernel->handle()
#59 /var/www/SAAFCECEYT/public/index.php(17): Illuminate\\Foundation\\Application->handleRequest()
#60 {main}
"} 
[2025-08-23 18:47:03] local.ERROR: SQLSTATE[HY000] [1045] Access denied for user 'root'@'localhost' (using password: NO) (Connection: mysql, SQL: select * from `sessions` where `id` = 2tRIHypm5oilJJnXdn3Q3pQXpYNQltQp73eyyLeh limit 1) {"exception":"[object] (Illuminate\\Database\\QueryException(code: 1045): SQLSTATE[HY000] [1045] Access denied for user 'root'@'localhost' (using password: NO) (Connection: mysql, SQL: select * from `sessions` where `id` = 2tRIHypm5oilJJnXdn3Q3pQXpYNQltQp73eyyLeh limit 1) at /var/www/SAAFCECEYT/vendor/laravel/framework/src/Illuminate/Database/Connection.php:825)
[stacktrace]
#0 /var/www/SAAFCECEYT/vendor/laravel/framework/src/Illuminate/Database/Connection.php(779): Illuminate\\Database\\Connection->runQueryCallback()
#1 /var/www/SAAFCECEYT/vendor/laravel/framework/src/Illuminate/Database/Connection.php(398): Illuminate\\Database\\Connection->run()
#2 /var/www/SAAFCECEYT/vendor/laravel/framework/src/Illuminate/Database/Query/Builder.php(3133): Illuminate\\Database\\Connection->select()
#3 /var/www/SAAFCECEYT/vendor/laravel/framework/src/Illuminate/Database/Query/Builder.php(3118): Illuminate\\Database\\Query\\Builder->runSelect()
#4 /var/www/SAAFCECEYT/vendor/laravel/framework/src/Illuminate/Database/Query/Builder.php(3706): Illuminate\\Database\\Query\\Builder->Illuminate\\Database\\Query\\{closure}()
#5 /var/www/SAAFCECEYT/vendor/laravel/framework/src/Illuminate/Database/Query/Builder.php(3117): Illuminate\\Database\\Query\\Builder->onceWithColumns()
#6 /var/www/SAAFCECEYT/vendor/laravel/framework/src/Illuminate/Database/Concerns/BuildsQueries.php(344): Illuminate\\Database\\Query\\Builder->get()
#7 /var/www/SAAFCECEYT/vendor/laravel/framework/src/Illuminate/Database/Query/Builder.php(3038): Illuminate\\Database\\Query\\Builder->first()
#8 /var/www/SAAFCECEYT/vendor/laravel/framework/src/Illuminate/Session/DatabaseSessionHandler.php(97): Illuminate\\Database\\Query\\Builder->find()
#9 /var/www/SAAFCECEYT/vendor/laravel/framework/src/Illuminate/Session/Store.php(113): Illuminate\\Session\\DatabaseSessionHandler->read()
#10 /var/www/SAAFCECEYT/vendor/laravel/framework/src/Illuminate/Session/Store.php(101): Illuminate\\Session\\Store->readFromHandler()
#11 /var/www/SAAFCECEYT/vendor/laravel/framework/src/Illuminate/Session/Store.php(85): Illuminate\\Session\\Store->loadSession()
#12 /var/www/SAAFCECEYT/vendor/laravel/framework/src/Illuminate/Session/Middleware/StartSession.php(147): Illuminate\\Session\\Store->start()
#13 /var/www/SAAFCECEYT/vendor/laravel/framework/src/Illuminate/Support/helpers.php(393): Illuminate\\Session\\Middleware\\StartSession->Illuminate\\Session\\Middleware\\{closure}()
#14 /var/www/SAAFCECEYT/vendor/laravel/framework/src/Illuminate/Session/Middleware/StartSession.php(144): tap()
#15 /var/www/SAAFCECEYT/vendor/laravel/framework/src/Illuminate/Session/Middleware/StartSession.php(116): Illuminate\\Session\\Middleware\\StartSession->startSession()
#16 /var/www/SAAFCECEYT/vendor/laravel/framework/src/Illuminate/Session/Middleware/StartSession.php(64): Illuminate\\Session\\Middleware\\StartSession->handleStatefulRequest()
#17 /var/www/SAAFCECEYT/vendor/laravel/framework/src/Illuminate/Pipeline/Pipeline.php(183): Illuminate\\Session\\Middleware\\StartSession->handle()
#18 /var/www/SAAFCECEYT/vendor/laravel/framework/src/Illuminate/Cookie/Middleware/AddQueuedCookiesToResponse.php(37): Illuminate\\Pipeline\\Pipeline->Illuminate\\Pipeline\\{closure}()
#19 /var/www/SAAFCECEYT/vendor/laravel/framework/src/Illuminate/Pipeline/Pipeline.php(183): Illuminate\\Cookie\\Middleware\\AddQueuedCookiesToResponse->handle()
#20 /var/www/SAAFCECEYT/vendor/laravel/framework/src/Illuminate/Cookie/Middleware/EncryptCookies.php(75): Illuminate\\Pipeline\\Pipeline->Illuminate\\Pipeline\\{closure}()
#21 /var/www/SAAFCECEYT/vendor/laravel/framework/src/Illuminate/Pipeline/Pipeline.php(183): Illuminate\\Cookie\\Middleware\\EncryptCookies->handle()
#22 /var/www/SAAFCECEYT/vendor/laravel/framework/src/Illuminate/Pipeline/Pipeline.php(119): Illuminate\\Pipeline\\Pipeline->Illuminate\\Pipeline\\{closure}()
#23 /var/www/SAAFCECEYT/vendor/laravel/framework/src/Illuminate/Routing/Router.php(807): Illuminate\\Pipeline\\Pipeline->then()
#24 /var/www/SAAFCECEYT/vendor/laravel/framework/src/Illuminate/Routing/Router.php(786): Illuminate\\Routing\\Router->runRouteWithinStack()
#25 /var/www/SAAFCECEYT/vendor/laravel/framework/src/Illuminate/Routing/Router.php(750): Illuminate\\Routing\\Router->runRoute()
#26 /var/www/SAAFCECEYT/vendor/laravel/framework/src/Illuminate/Routing/Router.php(739): Illuminate\\Routing\\Router->dispatchToRoute()
#27 /var/www/SAAFCECEYT/vendor/laravel/framework/src/Illuminate/Foundation/Http/Kernel.php(201): Illuminate\\Routing\\Router->dispatch()
#28 /var/www/SAAFCECEYT/vendor/laravel/framework/src/Illuminate/Pipeline/Pipeline.php(144): Illuminate\\Foundation\\Http\\Kernel->Illuminate\\Foundation\\Http\\{closure}()
#29 /var/www/SAAFCECEYT/vendor/laravel/framework/src/Illuminate/Foundation/Http/Middleware/TransformsRequest.php(21): Illuminate\\Pipeline\\Pipeline->Illuminate\\Pipeline\\{closure}()
#30 /var/www/SAAFCECEYT/vendor/laravel/framework/src/Illuminate/Foundation/Http/Middleware/ConvertEmptyStringsToNull.php(31): Illuminate\\Foundation\\Http\\Middleware\\TransformsRequest->handle()
#31 /var/www/SAAFCECEYT/vendor/laravel/framework/src/Illuminate/Pipeline/Pipeline.php(183): Illuminate\\Foundation\\Http\\Middleware\\ConvertEmptyStringsToNull->handle()
#32 /var/www/SAAFCECEYT/vendor/laravel/framework/src/Illuminate/Foundation/Http/Middleware/TransformsRequest.php(21): Illuminate\\Pipeline\\Pipeline->Illuminate\\Pipeline\\{closure}()
#33 /var/www/SAAFCECEYT/vendor/laravel/framework/src/Illuminate/Foundation/Http/Middleware/TrimStrings.php(51): Illuminate\\Foundation\\Http\\Middleware\\TransformsRequest->handle()
#34 /var/www/SAAFCECEYT/vendor/laravel/framework/src/Illuminate/Pipeline/Pipeline.php(183): Illuminate\\Foundation\\Http\\Middleware\\TrimStrings->handle()
#35 /var/www/SAAFCECEYT/vendor/laravel/framework/src/Illuminate/Http/Middleware/ValidatePostSize.php(27): Illuminate\\Pipeline\\Pipeline->Illuminate\\Pipeline\\{closure}()
#36 /var/www/SAAFCECEYT/vendor/laravel/framework/src/Illuminate/Pipeline/Pipeline.php(183): Illuminate\\Http\\Middleware\\ValidatePostSize->handle()
#37 /var/www/SAAFCECEYT/vendor/laravel/framework/src/Illuminate/Foundation/Http/Middleware/PreventRequestsDuringMaintenance.php(110): Illuminate\\Pipeline\\Pipeline->Illuminate\\Pipeline\\{closure}()
#38 /var/www/SAAFCECEYT/vendor/laravel/framework/src/Illuminate/Pipeline/Pipeline.php(183): Illuminate\\Foundation\\Http\\Middleware\\PreventRequestsDuringMaintenance->handle()
#39 /var/www/SAAFCECEYT/vendor/laravel/framework/src/Illuminate/Http/Middleware/HandleCors.php(49): Illuminate\\Pipeline\\Pipeline->Illuminate\\Pipeline\\{closure}()
#40 /var/www/SAAFCECEYT/vendor/laravel/framework/src/Illuminate/Pipeline/Pipeline.php(183): Illuminate\\Http\\Middleware\\HandleCors->handle()
#41 /var/www/SAAFCECEYT/vendor/laravel/framework/src/Illuminate/Http/Middleware/TrustProxies.php(58): Illuminate\\Pipeline\\Pipeline->Illuminate\\Pipeline\\{closure}()
#42 /var/www/SAAFCECEYT/vendor/laravel/framework/src/Illuminate/Pipeline/Pipeline.php(183): Illuminate\\Http\\Middleware\\TrustProxies->handle()
#43 /var/www/SAAFCECEYT/vendor/laravel/framework/src/Illuminate/Foundation/Http/Middleware/InvokeDeferredCallbacks.php(22): Illuminate\\Pipeline\\Pipeline->Illuminate\\Pipeline\\{closure}()
#44 /var/www/SAAFCECEYT/vendor/laravel/framework/src/Illuminate/Pipeline/Pipeline.php(183): Illuminate\\Foundation\\Http\\Middleware\\InvokeDeferredCallbacks->handle()
#45 /var/www/SAAFCECEYT/vendor/laravel/framework/src/Illuminate/Pipeline/Pipeline.php(119): Illuminate\\Pipeline\\Pipeline->Illuminate\\Pipeline\\{closure}()
#46 /var/www/SAAFCECEYT/vendor/laravel/framework/src/Illuminate/Foundation/Http/Kernel.php(176): Illuminate\\Pipeline\\Pipeline->then()
#47 /var/www/SAAFCECEYT/vendor/laravel/framework/src/Illuminate/Foundation/Http/Kernel.php(145): Illuminate\\Foundation\\Http\\Kernel->sendRequestThroughRouter()
#48 /var/www/SAAFCECEYT/vendor/laravel/framework/src/Illuminate/Foundation/Application.php(1190): Illuminate\\Foundation\\Http\\Kernel->handle()
#49 /var/www/SAAFCECEYT/public/index.php(17): Illuminate\\Foundation\\Application->handleRequest()
#50 {main}

[previous exception] [object] (PDOException(code: 1045): SQLSTATE[HY000] [1045] Access denied for user 'root'@'localhost' (using password: NO) at /var/www/SAAFCECEYT/vendor/laravel/framework/src/Illuminate/Database/Connectors/Connector.php:66)
[stacktrace]
#0 /var/www/SAAFCECEYT/vendor/laravel/framework/src/Illuminate/Database/Connectors/Connector.php(66): PDO->__construct()
#1 /var/www/SAAFCECEYT/vendor/laravel/framework/src/Illuminate/Database/Connectors/Connector.php(44): Illuminate\\Database\\Connectors\\Connector->createPdoConnection()
#2 /var/www/SAAFCECEYT/vendor/laravel/framework/src/Illuminate/Database/Connectors/MySqlConnector.php(24): Illuminate\\Database\\Connectors\\Connector->createConnection()
#3 /var/www/SAAFCECEYT/vendor/laravel/framework/src/Illuminate/Database/Connectors/ConnectionFactory.php(185): Illuminate\\Database\\Connectors\\MySqlConnector->connect()
#4 [internal function]: Illuminate\\Database\\Connectors\\ConnectionFactory->Illuminate\\Database\\Connectors\\{closure}()
#5 /var/www/SAAFCECEYT/vendor/laravel/framework/src/Illuminate/Database/Connection.php(1231): call_user_func()
#6 /var/www/SAAFCECEYT/vendor/laravel/framework/src/Illuminate/Database/Connection.php(1267): Illuminate\\Database\\Connection->getPdo()
#7 /var/www/SAAFCECEYT/vendor/laravel/framework/src/Illuminate/Database/Connection.php(512): Illuminate\\Database\\Connection->getReadPdo()
#8 /var/www/SAAFCECEYT/vendor/laravel/framework/src/Illuminate/Database/Connection.php(407): Illuminate\\Database\\Connection->getPdoForSelect()
#9 /var/www/SAAFCECEYT/vendor/laravel/framework/src/Illuminate/Database/Connection.php(812): Illuminate\\Database\\Connection->Illuminate\\Database\\{closure}()
#10 /var/www/SAAFCECEYT/vendor/laravel/framework/src/Illuminate/Database/Connection.php(779): Illuminate\\Database\\Connection->runQueryCallback()
#11 /var/www/SAAFCECEYT/vendor/laravel/framework/src/Illuminate/Database/Connection.php(398): Illuminate\\Database\\Connection->run()
#12 /var/www/SAAFCECEYT/vendor/laravel/framework/src/Illuminate/Database/Query/Builder.php(3133): Illuminate\\Database\\Connection->select()
#13 /var/www/SAAFCECEYT/vendor/laravel/framework/src/Illuminate/Database/Query/Builder.php(3118): Illuminate\\Database\\Query\\Builder->runSelect()
#14 /var/www/SAAFCECEYT/vendor/laravel/framework/src/Illuminate/Database/Query/Builder.php(3706): Illuminate\\Database\\Query\\Builder->Illuminate\\Database\\Query\\{closure}()
#15 /var/www/SAAFCECEYT/vendor/laravel/framework/src/Illuminate/Database/Query/Builder.php(3117): Illuminate\\Database\\Query\\Builder->onceWithColumns()
#16 /var/www/SAAFCECEYT/vendor/laravel/framework/src/Illuminate/Database/Concerns/BuildsQueries.php(344): Illuminate\\Database\\Query\\Builder->get()
#17 /var/www/SAAFCECEYT/vendor/laravel/framework/src/Illuminate/Database/Query/Builder.php(3038): Illuminate\\Database\\Query\\Builder->first()
#18 /var/www/SAAFCECEYT/vendor/laravel/framework/src/Illuminate/Session/DatabaseSessionHandler.php(97): Illuminate\\Database\\Query\\Builder->find()
#19 /var/www/SAAFCECEYT/vendor/laravel/framework/src/Illuminate/Session/Store.php(113): Illuminate\\Session\\DatabaseSessionHandler->read()
#20 /var/www/SAAFCECEYT/vendor/laravel/framework/src/Illuminate/Session/Store.php(101): Illuminate\\Session\\Store->readFromHandler()
#21 /var/www/SAAFCECEYT/vendor/laravel/framework/src/Illuminate/Session/Store.php(85): Illuminate\\Session\\Store->loadSession()
#22 /var/www/SAAFCECEYT/vendor/laravel/framework/src/Illuminate/Session/Middleware/StartSession.php(147): Illuminate\\Session\\Store->start()
#23 /var/www/SAAFCECEYT/vendor/laravel/framework/src/Illuminate/Support/helpers.php(393): Illuminate\\Session\\Middleware\\StartSession->Illuminate\\Session\\Middleware\\{closure}()
#24 /var/www/SAAFCECEYT/vendor/laravel/framework/src/Illuminate/Session/Middleware/StartSession.php(144): tap()
#25 /var/www/SAAFCECEYT/vendor/laravel/framework/src/Illuminate/Session/Middleware/StartSession.php(116): Illuminate\\Session\\Middleware\\StartSession->startSession()
#26 /var/www/SAAFCECEYT/vendor/laravel/framework/src/Illuminate/Session/Middleware/StartSession.php(64): Illuminate\\Session\\Middleware\\StartSession->handleStatefulRequest()
#27 /var/www/SAAFCECEYT/vendor/laravel/framework/src/Illuminate/Pipeline/Pipeline.php(183): Illuminate\\Session\\Middleware\\StartSession->handle()
#28 /var/www/SAAFCECEYT/vendor/laravel/framework/src/Illuminate/Cookie/Middleware/AddQueuedCookiesToResponse.php(37): Illuminate\\Pipeline\\Pipeline->Illuminate\\Pipeline\\{closure}()
#29 /var/www/SAAFCECEYT/vendor/laravel/framework/src/Illuminate/Pipeline/Pipeline.php(183): Illuminate\\Cookie\\Middleware\\AddQueuedCookiesToResponse->handle()
#30 /var/www/SAAFCECEYT/vendor/laravel/framework/src/Illuminate/Cookie/Middleware/EncryptCookies.php(75): Illuminate\\Pipeline\\Pipeline->Illuminate\\Pipeline\\{closure}()
#31 /var/www/SAAFCECEYT/vendor/laravel/framework/src/Illuminate/Pipeline/Pipeline.php(183): Illuminate\\Cookie\\Middleware\\EncryptCookies->handle()
#32 /var/www/SAAFCECEYT/vendor/laravel/framework/src/Illuminate/Pipeline/Pipeline.php(119): Illuminate\\Pipeline\\Pipeline->Illuminate\\Pipeline\\{closure}()
#33 /var/www/SAAFCECEYT/vendor/laravel/framework/src/Illuminate/Routing/Router.php(807): Illuminate\\Pipeline\\Pipeline->then()
#34 /var/www/SAAFCECEYT/vendor/laravel/framework/src/Illuminate/Routing/Router.php(786): Illuminate\\Routing\\Router->runRouteWithinStack()
#35 /var/www/SAAFCECEYT/vendor/laravel/framework/src/Illuminate/Routing/Router.php(750): Illuminate\\Routing\\Router->runRoute()
#36 /var/www/SAAFCECEYT/vendor/laravel/framework/src/Illuminate/Routing/Router.php(739): Illuminate\\Routing\\Router->dispatchToRoute()
#37 /var/www/SAAFCECEYT/vendor/laravel/framework/src/Illuminate/Foundation/Http/Kernel.php(201): Illuminate\\Routing\\Router->dispatch()
#38 /var/www/SAAFCECEYT/vendor/laravel/framework/src/Illuminate/Pipeline/Pipeline.php(144): Illuminate\\Foundation\\Http\\Kernel->Illuminate\\Foundation\\Http\\{closure}()
#39 /var/www/SAAFCECEYT/vendor/laravel/framework/src/Illuminate/Foundation/Http/Middleware/TransformsRequest.php(21): Illuminate\\Pipeline\\Pipeline->Illuminate\\Pipeline\\{closure}()
#40 /var/www/SAAFCECEYT/vendor/laravel/framework/src/Illuminate/Foundation/Http/Middleware/ConvertEmptyStringsToNull.php(31): Illuminate\\Foundation\\Http\\Middleware\\TransformsRequest->handle()
#41 /var/www/SAAFCECEYT/vendor/laravel/framework/src/Illuminate/Pipeline/Pipeline.php(183): Illuminate\\Foundation\\Http\\Middleware\\ConvertEmptyStringsToNull->handle()
#42 /var/www/SAAFCECEYT/vendor/laravel/framework/src/Illuminate/Foundation/Http/Middleware/TransformsRequest.php(21): Illuminate\\Pipeline\\Pipeline->Illuminate\\Pipeline\\{closure}()
#43 /var/www/SAAFCECEYT/vendor/laravel/framework/src/Illuminate/Foundation/Http/Middleware/TrimStrings.php(51): Illuminate\\Foundation\\Http\\Middleware\\TransformsRequest->handle()
#44 /var/www/SAAFCECEYT/vendor/laravel/framework/src/Illuminate/Pipeline/Pipeline.php(183): Illuminate\\Foundation\\Http\\Middleware\\TrimStrings->handle()
#45 /var/www/SAAFCECEYT/vendor/laravel/framework/src/Illuminate/Http/Middleware/ValidatePostSize.php(27): Illuminate\\Pipeline\\Pipeline->Illuminate\\Pipeline\\{closure}()
#46 /var/www/SAAFCECEYT/vendor/laravel/framework/src/Illuminate/Pipeline/Pipeline.php(183): Illuminate\\Http\\Middleware\\ValidatePostSize->handle()
#47 /var/www/SAAFCECEYT/vendor/laravel/framework/src/Illuminate/Foundation/Http/Middleware/PreventRequestsDuringMaintenance.php(110): Illuminate\\Pipeline\\Pipeline->Illuminate\\Pipeline\\{closure}()
#48 /var/www/SAAFCECEYT/vendor/laravel/framework/src/Illuminate/Pipeline/Pipeline.php(183): Illuminate\\Foundation\\Http\\Middleware\\PreventRequestsDuringMaintenance->handle()
#49 /var/www/SAAFCECEYT/vendor/laravel/framework/src/Illuminate/Http/Middleware/HandleCors.php(49): Illuminate\\Pipeline\\Pipeline->Illuminate\\Pipeline\\{closure}()
#50 /var/www/SAAFCECEYT/vendor/laravel/framework/src/Illuminate/Pipeline/Pipeline.php(183): Illuminate\\Http\\Middleware\\HandleCors->handle()
#51 /var/www/SAAFCECEYT/vendor/laravel/framework/src/Illuminate/Http/Middleware/TrustProxies.php(58): Illuminate\\Pipeline\\Pipeline->Illuminate\\Pipeline\\{closure}()
#52 /var/www/SAAFCECEYT/vendor/laravel/framework/src/Illuminate/Pipeline/Pipeline.php(183): Illuminate\\Http\\Middleware\\TrustProxies->handle()
#53 /var/www/SAAFCECEYT/vendor/laravel/framework/src/Illuminate/Foundation/Http/Middleware/InvokeDeferredCallbacks.php(22): Illuminate\\Pipeline\\Pipeline->Illuminate\\Pipeline\\{closure}()
#54 /var/www/SAAFCECEYT/vendor/laravel/framework/src/Illuminate/Pipeline/Pipeline.php(183): Illuminate\\Foundation\\Http\\Middleware\\InvokeDeferredCallbacks->handle()
#55 /var/www/SAAFCECEYT/vendor/laravel/framework/src/Illuminate/Pipeline/Pipeline.php(119): Illuminate\\Pipeline\\Pipeline->Illuminate\\Pipeline\\{closure}()
#56 /var/www/SAAFCECEYT/vendor/laravel/framework/src/Illuminate/Foundation/Http/Kernel.php(176): Illuminate\\Pipeline\\Pipeline->then()
#57 /var/www/SAAFCECEYT/vendor/laravel/framework/src/Illuminate/Foundation/Http/Kernel.php(145): Illuminate\\Foundation\\Http\\Kernel->sendRequestThroughRouter()
#58 /var/www/SAAFCECEYT/vendor/laravel/framework/src/Illuminate/Foundation/Application.php(1190): Illuminate\\Foundation\\Http\\Kernel->handle()
#59 /var/www/SAAFCECEYT/public/index.php(17): Illuminate\\Foundation\\Application->handleRequest()
#60 {main}
"} 
[2025-08-23 18:47:07] local.ERROR: SQLSTATE[HY000] [1045] Access denied for user 'root'@'localhost' (using password: NO) (Connection: mysql, SQL: select * from `sessions` where `id` = YYFtsAPEkodf063slwmZlx0bM3EMyEPLHELGysM7 limit 1) {"exception":"[object] (Illuminate\\Database\\QueryException(code: 1045): SQLSTATE[HY000] [1045] Access denied for user 'root'@'localhost' (using password: NO) (Connection: mysql, SQL: select * from `sessions` where `id` = YYFtsAPEkodf063slwmZlx0bM3EMyEPLHELGysM7 limit 1) at /var/www/SAAFCECEYT/vendor/laravel/framework/src/Illuminate/Database/Connection.php:825)
[stacktrace]
#0 /var/www/SAAFCECEYT/vendor/laravel/framework/src/Illuminate/Database/Connection.php(779): Illuminate\\Database\\Connection->runQueryCallback()
#1 /var/www/SAAFCECEYT/vendor/laravel/framework/src/Illuminate/Database/Connection.php(398): Illuminate\\Database\\Connection->run()
#2 /var/www/SAAFCECEYT/vendor/laravel/framework/src/Illuminate/Database/Query/Builder.php(3133): Illuminate\\Database\\Connection->select()
#3 /var/www/SAAFCECEYT/vendor/laravel/framework/src/Illuminate/Database/Query/Builder.php(3118): Illuminate\\Database\\Query\\Builder->runSelect()
#4 /var/www/SAAFCECEYT/vendor/laravel/framework/src/Illuminate/Database/Query/Builder.php(3706): Illuminate\\Database\\Query\\Builder->Illuminate\\Database\\Query\\{closure}()
#5 /var/www/SAAFCECEYT/vendor/laravel/framework/src/Illuminate/Database/Query/Builder.php(3117): Illuminate\\Database\\Query\\Builder->onceWithColumns()
#6 /var/www/SAAFCECEYT/vendor/laravel/framework/src/Illuminate/Database/Concerns/BuildsQueries.php(344): Illuminate\\Database\\Query\\Builder->get()
#7 /var/www/SAAFCECEYT/vendor/laravel/framework/src/Illuminate/Database/Query/Builder.php(3038): Illuminate\\Database\\Query\\Builder->first()
#8 /var/www/SAAFCECEYT/vendor/laravel/framework/src/Illuminate/Session/DatabaseSessionHandler.php(97): Illuminate\\Database\\Query\\Builder->find()
#9 /var/www/SAAFCECEYT/vendor/laravel/framework/src/Illuminate/Session/Store.php(113): Illuminate\\Session\\DatabaseSessionHandler->read()
#10 /var/www/SAAFCECEYT/vendor/laravel/framework/src/Illuminate/Session/Store.php(101): Illuminate\\Session\\Store->readFromHandler()
#11 /var/www/SAAFCECEYT/vendor/laravel/framework/src/Illuminate/Session/Store.php(85): Illuminate\\Session\\Store->loadSession()
#12 /var/www/SAAFCECEYT/vendor/laravel/framework/src/Illuminate/Session/Middleware/StartSession.php(147): Illuminate\\Session\\Store->start()
#13 /var/www/SAAFCECEYT/vendor/laravel/framework/src/Illuminate/Support/helpers.php(393): Illuminate\\Session\\Middleware\\StartSession->Illuminate\\Session\\Middleware\\{closure}()
#14 /var/www/SAAFCECEYT/vendor/laravel/framework/src/Illuminate/Session/Middleware/StartSession.php(144): tap()
#15 /var/www/SAAFCECEYT/vendor/laravel/framework/src/Illuminate/Session/Middleware/StartSession.php(116): Illuminate\\Session\\Middleware\\StartSession->startSession()
#16 /var/www/SAAFCECEYT/vendor/laravel/framework/src/Illuminate/Session/Middleware/StartSession.php(64): Illuminate\\Session\\Middleware\\StartSession->handleStatefulRequest()
#17 /var/www/SAAFCECEYT/vendor/laravel/framework/src/Illuminate/Pipeline/Pipeline.php(183): Illuminate\\Session\\Middleware\\StartSession->handle()
#18 /var/www/SAAFCECEYT/vendor/laravel/framework/src/Illuminate/Cookie/Middleware/AddQueuedCookiesToResponse.php(37): Illuminate\\Pipeline\\Pipeline->Illuminate\\Pipeline\\{closure}()
#19 /var/www/SAAFCECEYT/vendor/laravel/framework/src/Illuminate/Pipeline/Pipeline.php(183): Illuminate\\Cookie\\Middleware\\AddQueuedCookiesToResponse->handle()
#20 /var/www/SAAFCECEYT/vendor/laravel/framework/src/Illuminate/Cookie/Middleware/EncryptCookies.php(75): Illuminate\\Pipeline\\Pipeline->Illuminate\\Pipeline\\{closure}()
#21 /var/www/SAAFCECEYT/vendor/laravel/framework/src/Illuminate/Pipeline/Pipeline.php(183): Illuminate\\Cookie\\Middleware\\EncryptCookies->handle()
#22 /var/www/SAAFCECEYT/vendor/laravel/framework/src/Illuminate/Pipeline/Pipeline.php(119): Illuminate\\Pipeline\\Pipeline->Illuminate\\Pipeline\\{closure}()
#23 /var/www/SAAFCECEYT/vendor/laravel/framework/src/Illuminate/Routing/Router.php(807): Illuminate\\Pipeline\\Pipeline->then()
#24 /var/www/SAAFCECEYT/vendor/laravel/framework/src/Illuminate/Routing/Router.php(786): Illuminate\\Routing\\Router->runRouteWithinStack()
#25 /var/www/SAAFCECEYT/vendor/laravel/framework/src/Illuminate/Routing/Router.php(750): Illuminate\\Routing\\Router->runRoute()
#26 /var/www/SAAFCECEYT/vendor/laravel/framework/src/Illuminate/Routing/Router.php(739): Illuminate\\Routing\\Router->dispatchToRoute()
#27 /var/www/SAAFCECEYT/vendor/laravel/framework/src/Illuminate/Foundation/Http/Kernel.php(201): Illuminate\\Routing\\Router->dispatch()
#28 /var/www/SAAFCECEYT/vendor/laravel/framework/src/Illuminate/Pipeline/Pipeline.php(144): Illuminate\\Foundation\\Http\\Kernel->Illuminate\\Foundation\\Http\\{closure}()
#29 /var/www/SAAFCECEYT/vendor/laravel/framework/src/Illuminate/Foundation/Http/Middleware/TransformsRequest.php(21): Illuminate\\Pipeline\\Pipeline->Illuminate\\Pipeline\\{closure}()
#30 /var/www/SAAFCECEYT/vendor/laravel/framework/src/Illuminate/Foundation/Http/Middleware/ConvertEmptyStringsToNull.php(31): Illuminate\\Foundation\\Http\\Middleware\\TransformsRequest->handle()
#31 /var/www/SAAFCECEYT/vendor/laravel/framework/src/Illuminate/Pipeline/Pipeline.php(183): Illuminate\\Foundation\\Http\\Middleware\\ConvertEmptyStringsToNull->handle()
#32 /var/www/SAAFCECEYT/vendor/laravel/framework/src/Illuminate/Foundation/Http/Middleware/TransformsRequest.php(21): Illuminate\\Pipeline\\Pipeline->Illuminate\\Pipeline\\{closure}()
#33 /var/www/SAAFCECEYT/vendor/laravel/framework/src/Illuminate/Foundation/Http/Middleware/TrimStrings.php(51): Illuminate\\Foundation\\Http\\Middleware\\TransformsRequest->handle()
#34 /var/www/SAAFCECEYT/vendor/laravel/framework/src/Illuminate/Pipeline/Pipeline.php(183): Illuminate\\Foundation\\Http\\Middleware\\TrimStrings->handle()
#35 /var/www/SAAFCECEYT/vendor/laravel/framework/src/Illuminate/Http/Middleware/ValidatePostSize.php(27): Illuminate\\Pipeline\\Pipeline->Illuminate\\Pipeline\\{closure}()
#36 /var/www/SAAFCECEYT/vendor/laravel/framework/src/Illuminate/Pipeline/Pipeline.php(183): Illuminate\\Http\\Middleware\\ValidatePostSize->handle()
#37 /var/www/SAAFCECEYT/vendor/laravel/framework/src/Illuminate/Foundation/Http/Middleware/PreventRequestsDuringMaintenance.php(110): Illuminate\\Pipeline\\Pipeline->Illuminate\\Pipeline\\{closure}()
#38 /var/www/SAAFCECEYT/vendor/laravel/framework/src/Illuminate/Pipeline/Pipeline.php(183): Illuminate\\Foundation\\Http\\Middleware\\PreventRequestsDuringMaintenance->handle()
#39 /var/www/SAAFCECEYT/vendor/laravel/framework/src/Illuminate/Http/Middleware/HandleCors.php(49): Illuminate\\Pipeline\\Pipeline->Illuminate\\Pipeline\\{closure}()
#40 /var/www/SAAFCECEYT/vendor/laravel/framework/src/Illuminate/Pipeline/Pipeline.php(183): Illuminate\\Http\\Middleware\\HandleCors->handle()
#41 /var/www/SAAFCECEYT/vendor/laravel/framework/src/Illuminate/Http/Middleware/TrustProxies.php(58): Illuminate\\Pipeline\\Pipeline->Illuminate\\Pipeline\\{closure}()
#42 /var/www/SAAFCECEYT/vendor/laravel/framework/src/Illuminate/Pipeline/Pipeline.php(183): Illuminate\\Http\\Middleware\\TrustProxies->handle()
#43 /var/www/SAAFCECEYT/vendor/laravel/framework/src/Illuminate/Foundation/Http/Middleware/InvokeDeferredCallbacks.php(22): Illuminate\\Pipeline\\Pipeline->Illuminate\\Pipeline\\{closure}()
#44 /var/www/SAAFCECEYT/vendor/laravel/framework/src/Illuminate/Pipeline/Pipeline.php(183): Illuminate\\Foundation\\Http\\Middleware\\InvokeDeferredCallbacks->handle()
#45 /var/www/SAAFCECEYT/vendor/laravel/framework/src/Illuminate/Pipeline/Pipeline.php(119): Illuminate\\Pipeline\\Pipeline->Illuminate\\Pipeline\\{closure}()
#46 /var/www/SAAFCECEYT/vendor/laravel/framework/src/Illuminate/Foundation/Http/Kernel.php(176): Illuminate\\Pipeline\\Pipeline->then()
#47 /var/www/SAAFCECEYT/vendor/laravel/framework/src/Illuminate/Foundation/Http/Kernel.php(145): Illuminate\\Foundation\\Http\\Kernel->sendRequestThroughRouter()
#48 /var/www/SAAFCECEYT/vendor/laravel/framework/src/Illuminate/Foundation/Application.php(1190): Illuminate\\Foundation\\Http\\Kernel->handle()
#49 /var/www/SAAFCECEYT/public/index.php(17): Illuminate\\Foundation\\Application->handleRequest()
#50 {main}

[previous exception] [object] (PDOException(code: 1045): SQLSTATE[HY000] [1045] Access denied for user 'root'@'localhost' (using password: NO) at /var/www/SAAFCECEYT/vendor/laravel/framework/src/Illuminate/Database/Connectors/Connector.php:66)
[stacktrace]
#0 /var/www/SAAFCECEYT/vendor/laravel/framework/src/Illuminate/Database/Connectors/Connector.php(66): PDO->__construct()
#1 /var/www/SAAFCECEYT/vendor/laravel/framework/src/Illuminate/Database/Connectors/Connector.php(44): Illuminate\\Database\\Connectors\\Connector->createPdoConnection()
#2 /var/www/SAAFCECEYT/vendor/laravel/framework/src/Illuminate/Database/Connectors/MySqlConnector.php(24): Illuminate\\Database\\Connectors\\Connector->createConnection()
#3 /var/www/SAAFCECEYT/vendor/laravel/framework/src/Illuminate/Database/Connectors/ConnectionFactory.php(185): Illuminate\\Database\\Connectors\\MySqlConnector->connect()
#4 [internal function]: Illuminate\\Database\\Connectors\\ConnectionFactory->Illuminate\\Database\\Connectors\\{closure}()
#5 /var/www/SAAFCECEYT/vendor/laravel/framework/src/Illuminate/Database/Connection.php(1231): call_user_func()
#6 /var/www/SAAFCECEYT/vendor/laravel/framework/src/Illuminate/Database/Connection.php(1267): Illuminate\\Database\\Connection->getPdo()
#7 /var/www/SAAFCECEYT/vendor/laravel/framework/src/Illuminate/Database/Connection.php(512): Illuminate\\Database\\Connection->getReadPdo()
#8 /var/www/SAAFCECEYT/vendor/laravel/framework/src/Illuminate/Database/Connection.php(407): Illuminate\\Database\\Connection->getPdoForSelect()
#9 /var/www/SAAFCECEYT/vendor/laravel/framework/src/Illuminate/Database/Connection.php(812): Illuminate\\Database\\Connection->Illuminate\\Database\\{closure}()
#10 /var/www/SAAFCECEYT/vendor/laravel/framework/src/Illuminate/Database/Connection.php(779): Illuminate\\Database\\Connection->runQueryCallback()
#11 /var/www/SAAFCECEYT/vendor/laravel/framework/src/Illuminate/Database/Connection.php(398): Illuminate\\Database\\Connection->run()
#12 /var/www/SAAFCECEYT/vendor/laravel/framework/src/Illuminate/Database/Query/Builder.php(3133): Illuminate\\Database\\Connection->select()
#13 /var/www/SAAFCECEYT/vendor/laravel/framework/src/Illuminate/Database/Query/Builder.php(3118): Illuminate\\Database\\Query\\Builder->runSelect()
#14 /var/www/SAAFCECEYT/vendor/laravel/framework/src/Illuminate/Database/Query/Builder.php(3706): Illuminate\\Database\\Query\\Builder->Illuminate\\Database\\Query\\{closure}()
#15 /var/www/SAAFCECEYT/vendor/laravel/framework/src/Illuminate/Database/Query/Builder.php(3117): Illuminate\\Database\\Query\\Builder->onceWithColumns()
#16 /var/www/SAAFCECEYT/vendor/laravel/framework/src/Illuminate/Database/Concerns/BuildsQueries.php(344): Illuminate\\Database\\Query\\Builder->get()
#17 /var/www/SAAFCECEYT/vendor/laravel/framework/src/Illuminate/Database/Query/Builder.php(3038): Illuminate\\Database\\Query\\Builder->first()
#18 /var/www/SAAFCECEYT/vendor/laravel/framework/src/Illuminate/Session/DatabaseSessionHandler.php(97): Illuminate\\Database\\Query\\Builder->find()
#19 /var/www/SAAFCECEYT/vendor/laravel/framework/src/Illuminate/Session/Store.php(113): Illuminate\\Session\\DatabaseSessionHandler->read()
#20 /var/www/SAAFCECEYT/vendor/laravel/framework/src/Illuminate/Session/Store.php(101): Illuminate\\Session\\Store->readFromHandler()
#21 /var/www/SAAFCECEYT/vendor/laravel/framework/src/Illuminate/Session/Store.php(85): Illuminate\\Session\\Store->loadSession()
#22 /var/www/SAAFCECEYT/vendor/laravel/framework/src/Illuminate/Session/Middleware/StartSession.php(147): Illuminate\\Session\\Store->start()
#23 /var/www/SAAFCECEYT/vendor/laravel/framework/src/Illuminate/Support/helpers.php(393): Illuminate\\Session\\Middleware\\StartSession->Illuminate\\Session\\Middleware\\{closure}()
#24 /var/www/SAAFCECEYT/vendor/laravel/framework/src/Illuminate/Session/Middleware/StartSession.php(144): tap()
#25 /var/www/SAAFCECEYT/vendor/laravel/framework/src/Illuminate/Session/Middleware/StartSession.php(116): Illuminate\\Session\\Middleware\\StartSession->startSession()
#26 /var/www/SAAFCECEYT/vendor/laravel/framework/src/Illuminate/Session/Middleware/StartSession.php(64): Illuminate\\Session\\Middleware\\StartSession->handleStatefulRequest()
#27 /var/www/SAAFCECEYT/vendor/laravel/framework/src/Illuminate/Pipeline/Pipeline.php(183): Illuminate\\Session\\Middleware\\StartSession->handle()
#28 /var/www/SAAFCECEYT/vendor/laravel/framework/src/Illuminate/Cookie/Middleware/AddQueuedCookiesToResponse.php(37): Illuminate\\Pipeline\\Pipeline->Illuminate\\Pipeline\\{closure}()
#29 /var/www/SAAFCECEYT/vendor/laravel/framework/src/Illuminate/Pipeline/Pipeline.php(183): Illuminate\\Cookie\\Middleware\\AddQueuedCookiesToResponse->handle()
#30 /var/www/SAAFCECEYT/vendor/laravel/framework/src/Illuminate/Cookie/Middleware/EncryptCookies.php(75): Illuminate\\Pipeline\\Pipeline->Illuminate\\Pipeline\\{closure}()
#31 /var/www/SAAFCECEYT/vendor/laravel/framework/src/Illuminate/Pipeline/Pipeline.php(183): Illuminate\\Cookie\\Middleware\\EncryptCookies->handle()
#32 /var/www/SAAFCECEYT/vendor/laravel/framework/src/Illuminate/Pipeline/Pipeline.php(119): Illuminate\\Pipeline\\Pipeline->Illuminate\\Pipeline\\{closure}()
#33 /var/www/SAAFCECEYT/vendor/laravel/framework/src/Illuminate/Routing/Router.php(807): Illuminate\\Pipeline\\Pipeline->then()
#34 /var/www/SAAFCECEYT/vendor/laravel/framework/src/Illuminate/Routing/Router.php(786): Illuminate\\Routing\\Router->runRouteWithinStack()
#35 /var/www/SAAFCECEYT/vendor/laravel/framework/src/Illuminate/Routing/Router.php(750): Illuminate\\Routing\\Router->runRoute()
#36 /var/www/SAAFCECEYT/vendor/laravel/framework/src/Illuminate/Routing/Router.php(739): Illuminate\\Routing\\Router->dispatchToRoute()
#37 /var/www/SAAFCECEYT/vendor/laravel/framework/src/Illuminate/Foundation/Http/Kernel.php(201): Illuminate\\Routing\\Router->dispatch()
#38 /var/www/SAAFCECEYT/vendor/laravel/framework/src/Illuminate/Pipeline/Pipeline.php(144): Illuminate\\Foundation\\Http\\Kernel->Illuminate\\Foundation\\Http\\{closure}()
#39 /var/www/SAAFCECEYT/vendor/laravel/framework/src/Illuminate/Foundation/Http/Middleware/TransformsRequest.php(21): Illuminate\\Pipeline\\Pipeline->Illuminate\\Pipeline\\{closure}()
#40 /var/www/SAAFCECEYT/vendor/laravel/framework/src/Illuminate/Foundation/Http/Middleware/ConvertEmptyStringsToNull.php(31): Illuminate\\Foundation\\Http\\Middleware\\TransformsRequest->handle()
#41 /var/www/SAAFCECEYT/vendor/laravel/framework/src/Illuminate/Pipeline/Pipeline.php(183): Illuminate\\Foundation\\Http\\Middleware\\ConvertEmptyStringsToNull->handle()
#42 /var/www/SAAFCECEYT/vendor/laravel/framework/src/Illuminate/Foundation/Http/Middleware/TransformsRequest.php(21): Illuminate\\Pipeline\\Pipeline->Illuminate\\Pipeline\\{closure}()
#43 /var/www/SAAFCECEYT/vendor/laravel/framework/src/Illuminate/Foundation/Http/Middleware/TrimStrings.php(51): Illuminate\\Foundation\\Http\\Middleware\\TransformsRequest->handle()
#44 /var/www/SAAFCECEYT/vendor/laravel/framework/src/Illuminate/Pipeline/Pipeline.php(183): Illuminate\\Foundation\\Http\\Middleware\\TrimStrings->handle()
#45 /var/www/SAAFCECEYT/vendor/laravel/framework/src/Illuminate/Http/Middleware/ValidatePostSize.php(27): Illuminate\\Pipeline\\Pipeline->Illuminate\\Pipeline\\{closure}()
#46 /var/www/SAAFCECEYT/vendor/laravel/framework/src/Illuminate/Pipeline/Pipeline.php(183): Illuminate\\Http\\Middleware\\ValidatePostSize->handle()
#47 /var/www/SAAFCECEYT/vendor/laravel/framework/src/Illuminate/Foundation/Http/Middleware/PreventRequestsDuringMaintenance.php(110): Illuminate\\Pipeline\\Pipeline->Illuminate\\Pipeline\\{closure}()
#48 /var/www/SAAFCECEYT/vendor/laravel/framework/src/Illuminate/Pipeline/Pipeline.php(183): Illuminate\\Foundation\\Http\\Middleware\\PreventRequestsDuringMaintenance->handle()
#49 /var/www/SAAFCECEYT/vendor/laravel/framework/src/Illuminate/Http/Middleware/HandleCors.php(49): Illuminate\\Pipeline\\Pipeline->Illuminate\\Pipeline\\{closure}()
#50 /var/www/SAAFCECEYT/vendor/laravel/framework/src/Illuminate/Pipeline/Pipeline.php(183): Illuminate\\Http\\Middleware\\HandleCors->handle()
#51 /var/www/SAAFCECEYT/vendor/laravel/framework/src/Illuminate/Http/Middleware/TrustProxies.php(58): Illuminate\\Pipeline\\Pipeline->Illuminate\\Pipeline\\{closure}()
#52 /var/www/SAAFCECEYT/vendor/laravel/framework/src/Illuminate/Pipeline/Pipeline.php(183): Illuminate\\Http\\Middleware\\TrustProxies->handle()
#53 /var/www/SAAFCECEYT/vendor/laravel/framework/src/Illuminate/Foundation/Http/Middleware/InvokeDeferredCallbacks.php(22): Illuminate\\Pipeline\\Pipeline->Illuminate\\Pipeline\\{closure}()
#54 /var/www/SAAFCECEYT/vendor/laravel/framework/src/Illuminate/Pipeline/Pipeline.php(183): Illuminate\\Foundation\\Http\\Middleware\\InvokeDeferredCallbacks->handle()
#55 /var/www/SAAFCECEYT/vendor/laravel/framework/src/Illuminate/Pipeline/Pipeline.php(119): Illuminate\\Pipeline\\Pipeline->Illuminate\\Pipeline\\{closure}()
#56 /var/www/SAAFCECEYT/vendor/laravel/framework/src/Illuminate/Foundation/Http/Kernel.php(176): Illuminate\\Pipeline\\Pipeline->then()
#57 /var/www/SAAFCECEYT/vendor/laravel/framework/src/Illuminate/Foundation/Http/Kernel.php(145): Illuminate\\Foundation\\Http\\Kernel->sendRequestThroughRouter()
#58 /var/www/SAAFCECEYT/vendor/laravel/framework/src/Illuminate/Foundation/Application.php(1190): Illuminate\\Foundation\\Http\\Kernel->handle()
#59 /var/www/SAAFCECEYT/public/index.php(17): Illuminate\\Foundation\\Application->handleRequest()
#60 {main}
"} 
[2025-08-23 18:47:10] local.ERROR: SQLSTATE[HY000] [1045] Access denied for user 'root'@'localhost' (using password: NO) (Connection: mysql, SQL: select * from `sessions` where `id` = PxXLGzwNrsin8giOzserifK4leX0CR9uxiSSjBcg limit 1) {"exception":"[object] (Illuminate\\Database\\QueryException(code: 1045): SQLSTATE[HY000] [1045] Access denied for user 'root'@'localhost' (using password: NO) (Connection: mysql, SQL: select * from `sessions` where `id` = PxXLGzwNrsin8giOzserifK4leX0CR9uxiSSjBcg limit 1) at /var/www/SAAFCECEYT/vendor/laravel/framework/src/Illuminate/Database/Connection.php:825)
[stacktrace]
#0 /var/www/SAAFCECEYT/vendor/laravel/framework/src/Illuminate/Database/Connection.php(779): Illuminate\\Database\\Connection->runQueryCallback()
#1 /var/www/SAAFCECEYT/vendor/laravel/framework/src/Illuminate/Database/Connection.php(398): Illuminate\\Database\\Connection->run()
#2 /var/www/SAAFCECEYT/vendor/laravel/framework/src/Illuminate/Database/Query/Builder.php(3133): Illuminate\\Database\\Connection->select()
#3 /var/www/SAAFCECEYT/vendor/laravel/framework/src/Illuminate/Database/Query/Builder.php(3118): Illuminate\\Database\\Query\\Builder->runSelect()
#4 /var/www/SAAFCECEYT/vendor/laravel/framework/src/Illuminate/Database/Query/Builder.php(3706): Illuminate\\Database\\Query\\Builder->Illuminate\\Database\\Query\\{closure}()
#5 /var/www/SAAFCECEYT/vendor/laravel/framework/src/Illuminate/Database/Query/Builder.php(3117): Illuminate\\Database\\Query\\Builder->onceWithColumns()
#6 /var/www/SAAFCECEYT/vendor/laravel/framework/src/Illuminate/Database/Concerns/BuildsQueries.php(344): Illuminate\\Database\\Query\\Builder->get()
#7 /var/www/SAAFCECEYT/vendor/laravel/framework/src/Illuminate/Database/Query/Builder.php(3038): Illuminate\\Database\\Query\\Builder->first()
#8 /var/www/SAAFCECEYT/vendor/laravel/framework/src/Illuminate/Session/DatabaseSessionHandler.php(97): Illuminate\\Database\\Query\\Builder->find()
#9 /var/www/SAAFCECEYT/vendor/laravel/framework/src/Illuminate/Session/Store.php(113): Illuminate\\Session\\DatabaseSessionHandler->read()
#10 /var/www/SAAFCECEYT/vendor/laravel/framework/src/Illuminate/Session/Store.php(101): Illuminate\\Session\\Store->readFromHandler()
#11 /var/www/SAAFCECEYT/vendor/laravel/framework/src/Illuminate/Session/Store.php(85): Illuminate\\Session\\Store->loadSession()
#12 /var/www/SAAFCECEYT/vendor/laravel/framework/src/Illuminate/Session/Middleware/StartSession.php(147): Illuminate\\Session\\Store->start()
#13 /var/www/SAAFCECEYT/vendor/laravel/framework/src/Illuminate/Support/helpers.php(393): Illuminate\\Session\\Middleware\\StartSession->Illuminate\\Session\\Middleware\\{closure}()
#14 /var/www/SAAFCECEYT/vendor/laravel/framework/src/Illuminate/Session/Middleware/StartSession.php(144): tap()
#15 /var/www/SAAFCECEYT/vendor/laravel/framework/src/Illuminate/Session/Middleware/StartSession.php(116): Illuminate\\Session\\Middleware\\StartSession->startSession()
#16 /var/www/SAAFCECEYT/vendor/laravel/framework/src/Illuminate/Session/Middleware/StartSession.php(64): Illuminate\\Session\\Middleware\\StartSession->handleStatefulRequest()
#17 /var/www/SAAFCECEYT/vendor/laravel/framework/src/Illuminate/Pipeline/Pipeline.php(183): Illuminate\\Session\\Middleware\\StartSession->handle()
#18 /var/www/SAAFCECEYT/vendor/laravel/framework/src/Illuminate/Cookie/Middleware/AddQueuedCookiesToResponse.php(37): Illuminate\\Pipeline\\Pipeline->Illuminate\\Pipeline\\{closure}()
#19 /var/www/SAAFCECEYT/vendor/laravel/framework/src/Illuminate/Pipeline/Pipeline.php(183): Illuminate\\Cookie\\Middleware\\AddQueuedCookiesToResponse->handle()
#20 /var/www/SAAFCECEYT/vendor/laravel/framework/src/Illuminate/Cookie/Middleware/EncryptCookies.php(75): Illuminate\\Pipeline\\Pipeline->Illuminate\\Pipeline\\{closure}()
#21 /var/www/SAAFCECEYT/vendor/laravel/framework/src/Illuminate/Pipeline/Pipeline.php(183): Illuminate\\Cookie\\Middleware\\EncryptCookies->handle()
#22 /var/www/SAAFCECEYT/vendor/laravel/framework/src/Illuminate/Pipeline/Pipeline.php(119): Illuminate\\Pipeline\\Pipeline->Illuminate\\Pipeline\\{closure}()
#23 /var/www/SAAFCECEYT/vendor/laravel/framework/src/Illuminate/Routing/Router.php(807): Illuminate\\Pipeline\\Pipeline->then()
#24 /var/www/SAAFCECEYT/vendor/laravel/framework/src/Illuminate/Routing/Router.php(786): Illuminate\\Routing\\Router->runRouteWithinStack()
#25 /var/www/SAAFCECEYT/vendor/laravel/framework/src/Illuminate/Routing/Router.php(750): Illuminate\\Routing\\Router->runRoute()
#26 /var/www/SAAFCECEYT/vendor/laravel/framework/src/Illuminate/Routing/Router.php(739): Illuminate\\Routing\\Router->dispatchToRoute()
#27 /var/www/SAAFCECEYT/vendor/laravel/framework/src/Illuminate/Foundation/Http/Kernel.php(201): Illuminate\\Routing\\Router->dispatch()
#28 /var/www/SAAFCECEYT/vendor/laravel/framework/src/Illuminate/Pipeline/Pipeline.php(144): Illuminate\\Foundation\\Http\\Kernel->Illuminate\\Foundation\\Http\\{closure}()
#29 /var/www/SAAFCECEYT/vendor/laravel/framework/src/Illuminate/Foundation/Http/Middleware/TransformsRequest.php(21): Illuminate\\Pipeline\\Pipeline->Illuminate\\Pipeline\\{closure}()
#30 /var/www/SAAFCECEYT/vendor/laravel/framework/src/Illuminate/Foundation/Http/Middleware/ConvertEmptyStringsToNull.php(31): Illuminate\\Foundation\\Http\\Middleware\\TransformsRequest->handle()
#31 /var/www/SAAFCECEYT/vendor/laravel/framework/src/Illuminate/Pipeline/Pipeline.php(183): Illuminate\\Foundation\\Http\\Middleware\\ConvertEmptyStringsToNull->handle()
#32 /var/www/SAAFCECEYT/vendor/laravel/framework/src/Illuminate/Foundation/Http/Middleware/TransformsRequest.php(21): Illuminate\\Pipeline\\Pipeline->Illuminate\\Pipeline\\{closure}()
#33 /var/www/SAAFCECEYT/vendor/laravel/framework/src/Illuminate/Foundation/Http/Middleware/TrimStrings.php(51): Illuminate\\Foundation\\Http\\Middleware\\TransformsRequest->handle()
#34 /var/www/SAAFCECEYT/vendor/laravel/framework/src/Illuminate/Pipeline/Pipeline.php(183): Illuminate\\Foundation\\Http\\Middleware\\TrimStrings->handle()
#35 /var/www/SAAFCECEYT/vendor/laravel/framework/src/Illuminate/Http/Middleware/ValidatePostSize.php(27): Illuminate\\Pipeline\\Pipeline->Illuminate\\Pipeline\\{closure}()
#36 /var/www/SAAFCECEYT/vendor/laravel/framework/src/Illuminate/Pipeline/Pipeline.php(183): Illuminate\\Http\\Middleware\\ValidatePostSize->handle()
#37 /var/www/SAAFCECEYT/vendor/laravel/framework/src/Illuminate/Foundation/Http/Middleware/PreventRequestsDuringMaintenance.php(110): Illuminate\\Pipeline\\Pipeline->Illuminate\\Pipeline\\{closure}()
#38 /var/www/SAAFCECEYT/vendor/laravel/framework/src/Illuminate/Pipeline/Pipeline.php(183): Illuminate\\Foundation\\Http\\Middleware\\PreventRequestsDuringMaintenance->handle()
#39 /var/www/SAAFCECEYT/vendor/laravel/framework/src/Illuminate/Http/Middleware/HandleCors.php(49): Illuminate\\Pipeline\\Pipeline->Illuminate\\Pipeline\\{closure}()
#40 /var/www/SAAFCECEYT/vendor/laravel/framework/src/Illuminate/Pipeline/Pipeline.php(183): Illuminate\\Http\\Middleware\\HandleCors->handle()
#41 /var/www/SAAFCECEYT/vendor/laravel/framework/src/Illuminate/Http/Middleware/TrustProxies.php(58): Illuminate\\Pipeline\\Pipeline->Illuminate\\Pipeline\\{closure}()
#42 /var/www/SAAFCECEYT/vendor/laravel/framework/src/Illuminate/Pipeline/Pipeline.php(183): Illuminate\\Http\\Middleware\\TrustProxies->handle()
#43 /var/www/SAAFCECEYT/vendor/laravel/framework/src/Illuminate/Foundation/Http/Middleware/InvokeDeferredCallbacks.php(22): Illuminate\\Pipeline\\Pipeline->Illuminate\\Pipeline\\{closure}()
#44 /var/www/SAAFCECEYT/vendor/laravel/framework/src/Illuminate/Pipeline/Pipeline.php(183): Illuminate\\Foundation\\Http\\Middleware\\InvokeDeferredCallbacks->handle()
#45 /var/www/SAAFCECEYT/vendor/laravel/framework/src/Illuminate/Pipeline/Pipeline.php(119): Illuminate\\Pipeline\\Pipeline->Illuminate\\Pipeline\\{closure}()
#46 /var/www/SAAFCECEYT/vendor/laravel/framework/src/Illuminate/Foundation/Http/Kernel.php(176): Illuminate\\Pipeline\\Pipeline->then()
#47 /var/www/SAAFCECEYT/vendor/laravel/framework/src/Illuminate/Foundation/Http/Kernel.php(145): Illuminate\\Foundation\\Http\\Kernel->sendRequestThroughRouter()
#48 /var/www/SAAFCECEYT/vendor/laravel/framework/src/Illuminate/Foundation/Application.php(1190): Illuminate\\Foundation\\Http\\Kernel->handle()
#49 /var/www/SAAFCECEYT/public/index.php(17): Illuminate\\Foundation\\Application->handleRequest()
#50 {main}

[previous exception] [object] (PDOException(code: 1045): SQLSTATE[HY000] [1045] Access denied for user 'root'@'localhost' (using password: NO) at /var/www/SAAFCECEYT/vendor/laravel/framework/src/Illuminate/Database/Connectors/Connector.php:66)
[stacktrace]
#0 /var/www/SAAFCECEYT/vendor/laravel/framework/src/Illuminate/Database/Connectors/Connector.php(66): PDO->__construct()
#1 /var/www/SAAFCECEYT/vendor/laravel/framework/src/Illuminate/Database/Connectors/Connector.php(44): Illuminate\\Database\\Connectors\\Connector->createPdoConnection()
#2 /var/www/SAAFCECEYT/vendor/laravel/framework/src/Illuminate/Database/Connectors/MySqlConnector.php(24): Illuminate\\Database\\Connectors\\Connector->createConnection()
#3 /var/www/SAAFCECEYT/vendor/laravel/framework/src/Illuminate/Database/Connectors/ConnectionFactory.php(185): Illuminate\\Database\\Connectors\\MySqlConnector->connect()
#4 [internal function]: Illuminate\\Database\\Connectors\\ConnectionFactory->Illuminate\\Database\\Connectors\\{closure}()
#5 /var/www/SAAFCECEYT/vendor/laravel/framework/src/Illuminate/Database/Connection.php(1231): call_user_func()
#6 /var/www/SAAFCECEYT/vendor/laravel/framework/src/Illuminate/Database/Connection.php(1267): Illuminate\\Database\\Connection->getPdo()
#7 /var/www/SAAFCECEYT/vendor/laravel/framework/src/Illuminate/Database/Connection.php(512): Illuminate\\Database\\Connection->getReadPdo()
#8 /var/www/SAAFCECEYT/vendor/laravel/framework/src/Illuminate/Database/Connection.php(407): Illuminate\\Database\\Connection->getPdoForSelect()
#9 /var/www/SAAFCECEYT/vendor/laravel/framework/src/Illuminate/Database/Connection.php(812): Illuminate\\Database\\Connection->Illuminate\\Database\\{closure}()
#10 /var/www/SAAFCECEYT/vendor/laravel/framework/src/Illuminate/Database/Connection.php(779): Illuminate\\Database\\Connection->runQueryCallback()
#11 /var/www/SAAFCECEYT/vendor/laravel/framework/src/Illuminate/Database/Connection.php(398): Illuminate\\Database\\Connection->run()
#12 /var/www/SAAFCECEYT/vendor/laravel/framework/src/Illuminate/Database/Query/Builder.php(3133): Illuminate\\Database\\Connection->select()
#13 /var/www/SAAFCECEYT/vendor/laravel/framework/src/Illuminate/Database/Query/Builder.php(3118): Illuminate\\Database\\Query\\Builder->runSelect()
#14 /var/www/SAAFCECEYT/vendor/laravel/framework/src/Illuminate/Database/Query/Builder.php(3706): Illuminate\\Database\\Query\\Builder->Illuminate\\Database\\Query\\{closure}()
#15 /var/www/SAAFCECEYT/vendor/laravel/framework/src/Illuminate/Database/Query/Builder.php(3117): Illuminate\\Database\\Query\\Builder->onceWithColumns()
#16 /var/www/SAAFCECEYT/vendor/laravel/framework/src/Illuminate/Database/Concerns/BuildsQueries.php(344): Illuminate\\Database\\Query\\Builder->get()
#17 /var/www/SAAFCECEYT/vendor/laravel/framework/src/Illuminate/Database/Query/Builder.php(3038): Illuminate\\Database\\Query\\Builder->first()
#18 /var/www/SAAFCECEYT/vendor/laravel/framework/src/Illuminate/Session/DatabaseSessionHandler.php(97): Illuminate\\Database\\Query\\Builder->find()
#19 /var/www/SAAFCECEYT/vendor/laravel/framework/src/Illuminate/Session/Store.php(113): Illuminate\\Session\\DatabaseSessionHandler->read()
#20 /var/www/SAAFCECEYT/vendor/laravel/framework/src/Illuminate/Session/Store.php(101): Illuminate\\Session\\Store->readFromHandler()
#21 /var/www/SAAFCECEYT/vendor/laravel/framework/src/Illuminate/Session/Store.php(85): Illuminate\\Session\\Store->loadSession()
#22 /var/www/SAAFCECEYT/vendor/laravel/framework/src/Illuminate/Session/Middleware/StartSession.php(147): Illuminate\\Session\\Store->start()
#23 /var/www/SAAFCECEYT/vendor/laravel/framework/src/Illuminate/Support/helpers.php(393): Illuminate\\Session\\Middleware\\StartSession->Illuminate\\Session\\Middleware\\{closure}()
#24 /var/www/SAAFCECEYT/vendor/laravel/framework/src/Illuminate/Session/Middleware/StartSession.php(144): tap()
#25 /var/www/SAAFCECEYT/vendor/laravel/framework/src/Illuminate/Session/Middleware/StartSession.php(116): Illuminate\\Session\\Middleware\\StartSession->startSession()
#26 /var/www/SAAFCECEYT/vendor/laravel/framework/src/Illuminate/Session/Middleware/StartSession.php(64): Illuminate\\Session\\Middleware\\StartSession->handleStatefulRequest()
#27 /var/www/SAAFCECEYT/vendor/laravel/framework/src/Illuminate/Pipeline/Pipeline.php(183): Illuminate\\Session\\Middleware\\StartSession->handle()
#28 /var/www/SAAFCECEYT/vendor/laravel/framework/src/Illuminate/Cookie/Middleware/AddQueuedCookiesToResponse.php(37): Illuminate\\Pipeline\\Pipeline->Illuminate\\Pipeline\\{closure}()
#29 /var/www/SAAFCECEYT/vendor/laravel/framework/src/Illuminate/Pipeline/Pipeline.php(183): Illuminate\\Cookie\\Middleware\\AddQueuedCookiesToResponse->handle()
#30 /var/www/SAAFCECEYT/vendor/laravel/framework/src/Illuminate/Cookie/Middleware/EncryptCookies.php(75): Illuminate\\Pipeline\\Pipeline->Illuminate\\Pipeline\\{closure}()
#31 /var/www/SAAFCECEYT/vendor/laravel/framework/src/Illuminate/Pipeline/Pipeline.php(183): Illuminate\\Cookie\\Middleware\\EncryptCookies->handle()
#32 /var/www/SAAFCECEYT/vendor/laravel/framework/src/Illuminate/Pipeline/Pipeline.php(119): Illuminate\\Pipeline\\Pipeline->Illuminate\\Pipeline\\{closure}()
#33 /var/www/SAAFCECEYT/vendor/laravel/framework/src/Illuminate/Routing/Router.php(807): Illuminate\\Pipeline\\Pipeline->then()
#34 /var/www/SAAFCECEYT/vendor/laravel/framework/src/Illuminate/Routing/Router.php(786): Illuminate\\Routing\\Router->runRouteWithinStack()
#35 /var/www/SAAFCECEYT/vendor/laravel/framework/src/Illuminate/Routing/Router.php(750): Illuminate\\Routing\\Router->runRoute()
#36 /var/www/SAAFCECEYT/vendor/laravel/framework/src/Illuminate/Routing/Router.php(739): Illuminate\\Routing\\Router->dispatchToRoute()
#37 /var/www/SAAFCECEYT/vendor/laravel/framework/src/Illuminate/Foundation/Http/Kernel.php(201): Illuminate\\Routing\\Router->dispatch()
#38 /var/www/SAAFCECEYT/vendor/laravel/framework/src/Illuminate/Pipeline/Pipeline.php(144): Illuminate\\Foundation\\Http\\Kernel->Illuminate\\Foundation\\Http\\{closure}()
#39 /var/www/SAAFCECEYT/vendor/laravel/framework/src/Illuminate/Foundation/Http/Middleware/TransformsRequest.php(21): Illuminate\\Pipeline\\Pipeline->Illuminate\\Pipeline\\{closure}()
#40 /var/www/SAAFCECEYT/vendor/laravel/framework/src/Illuminate/Foundation/Http/Middleware/ConvertEmptyStringsToNull.php(31): Illuminate\\Foundation\\Http\\Middleware\\TransformsRequest->handle()
#41 /var/www/SAAFCECEYT/vendor/laravel/framework/src/Illuminate/Pipeline/Pipeline.php(183): Illuminate\\Foundation\\Http\\Middleware\\ConvertEmptyStringsToNull->handle()
#42 /var/www/SAAFCECEYT/vendor/laravel/framework/src/Illuminate/Foundation/Http/Middleware/TransformsRequest.php(21): Illuminate\\Pipeline\\Pipeline->Illuminate\\Pipeline\\{closure}()
#43 /var/www/SAAFCECEYT/vendor/laravel/framework/src/Illuminate/Foundation/Http/Middleware/TrimStrings.php(51): Illuminate\\Foundation\\Http\\Middleware\\TransformsRequest->handle()
#44 /var/www/SAAFCECEYT/vendor/laravel/framework/src/Illuminate/Pipeline/Pipeline.php(183): Illuminate\\Foundation\\Http\\Middleware\\TrimStrings->handle()
#45 /var/www/SAAFCECEYT/vendor/laravel/framework/src/Illuminate/Http/Middleware/ValidatePostSize.php(27): Illuminate\\Pipeline\\Pipeline->Illuminate\\Pipeline\\{closure}()
#46 /var/www/SAAFCECEYT/vendor/laravel/framework/src/Illuminate/Pipeline/Pipeline.php(183): Illuminate\\Http\\Middleware\\ValidatePostSize->handle()
#47 /var/www/SAAFCECEYT/vendor/laravel/framework/src/Illuminate/Foundation/Http/Middleware/PreventRequestsDuringMaintenance.php(110): Illuminate\\Pipeline\\Pipeline->Illuminate\\Pipeline\\{closure}()
#48 /var/www/SAAFCECEYT/vendor/laravel/framework/src/Illuminate/Pipeline/Pipeline.php(183): Illuminate\\Foundation\\Http\\Middleware\\PreventRequestsDuringMaintenance->handle()
#49 /var/www/SAAFCECEYT/vendor/laravel/framework/src/Illuminate/Http/Middleware/HandleCors.php(49): Illuminate\\Pipeline\\Pipeline->Illuminate\\Pipeline\\{closure}()
#50 /var/www/SAAFCECEYT/vendor/laravel/framework/src/Illuminate/Pipeline/Pipeline.php(183): Illuminate\\Http\\Middleware\\HandleCors->handle()
#51 /var/www/SAAFCECEYT/vendor/laravel/framework/src/Illuminate/Http/Middleware/TrustProxies.php(58): Illuminate\\Pipeline\\Pipeline->Illuminate\\Pipeline\\{closure}()
#52 /var/www/SAAFCECEYT/vendor/laravel/framework/src/Illuminate/Pipeline/Pipeline.php(183): Illuminate\\Http\\Middleware\\TrustProxies->handle()
#53 /var/www/SAAFCECEYT/vendor/laravel/framework/src/Illuminate/Foundation/Http/Middleware/InvokeDeferredCallbacks.php(22): Illuminate\\Pipeline\\Pipeline->Illuminate\\Pipeline\\{closure}()
#54 /var/www/SAAFCECEYT/vendor/laravel/framework/src/Illuminate/Pipeline/Pipeline.php(183): Illuminate\\Foundation\\Http\\Middleware\\InvokeDeferredCallbacks->handle()
#55 /var/www/SAAFCECEYT/vendor/laravel/framework/src/Illuminate/Pipeline/Pipeline.php(119): Illuminate\\Pipeline\\Pipeline->Illuminate\\Pipeline\\{closure}()
#56 /var/www/SAAFCECEYT/vendor/laravel/framework/src/Illuminate/Foundation/Http/Kernel.php(176): Illuminate\\Pipeline\\Pipeline->then()
#57 /var/www/SAAFCECEYT/vendor/laravel/framework/src/Illuminate/Foundation/Http/Kernel.php(145): Illuminate\\Foundation\\Http\\Kernel->sendRequestThroughRouter()
#58 /var/www/SAAFCECEYT/vendor/laravel/framework/src/Illuminate/Foundation/Application.php(1190): Illuminate\\Foundation\\Http\\Kernel->handle()
#59 /var/www/SAAFCECEYT/public/index.php(17): Illuminate\\Foundation\\Application->handleRequest()
#60 {main}
"} 
[2025-08-27 01:08:08] local.ERROR: SQLSTATE[HY000] [1698] Access denied for user 'root'@'localhost' (Connection: mysql, SQL: select * from `sessions` where `id` = vFekZgHTm3tbI5laPljOpwUsxmVi5Yy6RZ8uRK7Z limit 1) {"exception":"[object] (Illuminate\\Database\\QueryException(code: 1698): SQLSTATE[HY000] [1698] Access denied for user 'root'@'localhost' (Connection: mysql, SQL: select * from `sessions` where `id` = vFekZgHTm3tbI5laPljOpwUsxmVi5Yy6RZ8uRK7Z limit 1) at /home/dylontech/Downloads/SAAFCECEYT/vendor/laravel/framework/src/Illuminate/Database/Connection.php:825)
[stacktrace]
#0 /home/dylontech/Downloads/SAAFCECEYT/vendor/laravel/framework/src/Illuminate/Database/Connection.php(779): Illuminate\\Database\\Connection->runQueryCallback()
#1 /home/dylontech/Downloads/SAAFCECEYT/vendor/laravel/framework/src/Illuminate/Database/Connection.php(398): Illuminate\\Database\\Connection->run()
#2 /home/dylontech/Downloads/SAAFCECEYT/vendor/laravel/framework/src/Illuminate/Database/Query/Builder.php(3133): Illuminate\\Database\\Connection->select()
#3 /home/dylontech/Downloads/SAAFCECEYT/vendor/laravel/framework/src/Illuminate/Database/Query/Builder.php(3118): Illuminate\\Database\\Query\\Builder->runSelect()
#4 /home/dylontech/Downloads/SAAFCECEYT/vendor/laravel/framework/src/Illuminate/Database/Query/Builder.php(3706): Illuminate\\Database\\Query\\Builder->Illuminate\\Database\\Query\\{closure}()
#5 /home/dylontech/Downloads/SAAFCECEYT/vendor/laravel/framework/src/Illuminate/Database/Query/Builder.php(3117): Illuminate\\Database\\Query\\Builder->onceWithColumns()
#6 /home/dylontech/Downloads/SAAFCECEYT/vendor/laravel/framework/src/Illuminate/Database/Concerns/BuildsQueries.php(344): Illuminate\\Database\\Query\\Builder->get()
#7 /home/dylontech/Downloads/SAAFCECEYT/vendor/laravel/framework/src/Illuminate/Database/Query/Builder.php(3038): Illuminate\\Database\\Query\\Builder->first()
#8 /home/dylontech/Downloads/SAAFCECEYT/vendor/laravel/framework/src/Illuminate/Session/DatabaseSessionHandler.php(97): Illuminate\\Database\\Query\\Builder->find()
#9 /home/dylontech/Downloads/SAAFCECEYT/vendor/laravel/framework/src/Illuminate/Session/Store.php(113): Illuminate\\Session\\DatabaseSessionHandler->read()
#10 /home/dylontech/Downloads/SAAFCECEYT/vendor/laravel/framework/src/Illuminate/Session/Store.php(101): Illuminate\\Session\\Store->readFromHandler()
#11 /home/dylontech/Downloads/SAAFCECEYT/vendor/laravel/framework/src/Illuminate/Session/Store.php(85): Illuminate\\Session\\Store->loadSession()
#12 /home/dylontech/Downloads/SAAFCECEYT/vendor/laravel/framework/src/Illuminate/Session/Middleware/StartSession.php(147): Illuminate\\Session\\Store->start()
#13 /home/dylontech/Downloads/SAAFCECEYT/vendor/laravel/framework/src/Illuminate/Support/helpers.php(393): Illuminate\\Session\\Middleware\\StartSession->Illuminate\\Session\\Middleware\\{closure}()
#14 /home/dylontech/Downloads/SAAFCECEYT/vendor/laravel/framework/src/Illuminate/Session/Middleware/StartSession.php(144): tap()
#15 /home/dylontech/Downloads/SAAFCECEYT/vendor/laravel/framework/src/Illuminate/Session/Middleware/StartSession.php(116): Illuminate\\Session\\Middleware\\StartSession->startSession()
#16 /home/dylontech/Downloads/SAAFCECEYT/vendor/laravel/framework/src/Illuminate/Session/Middleware/StartSession.php(64): Illuminate\\Session\\Middleware\\StartSession->handleStatefulRequest()
#17 /home/dylontech/Downloads/SAAFCECEYT/vendor/laravel/framework/src/Illuminate/Pipeline/Pipeline.php(183): Illuminate\\Session\\Middleware\\StartSession->handle()
#18 /home/dylontech/Downloads/SAAFCECEYT/vendor/laravel/framework/src/Illuminate/Cookie/Middleware/AddQueuedCookiesToResponse.php(37): Illuminate\\Pipeline\\Pipeline->Illuminate\\Pipeline\\{closure}()
#19 /home/dylontech/Downloads/SAAFCECEYT/vendor/laravel/framework/src/Illuminate/Pipeline/Pipeline.php(183): Illuminate\\Cookie\\Middleware\\AddQueuedCookiesToResponse->handle()
#20 /home/dylontech/Downloads/SAAFCECEYT/vendor/laravel/framework/src/Illuminate/Cookie/Middleware/EncryptCookies.php(75): Illuminate\\Pipeline\\Pipeline->Illuminate\\Pipeline\\{closure}()
#21 /home/dylontech/Downloads/SAAFCECEYT/vendor/laravel/framework/src/Illuminate/Pipeline/Pipeline.php(183): Illuminate\\Cookie\\Middleware\\EncryptCookies->handle()
#22 /home/dylontech/Downloads/SAAFCECEYT/vendor/laravel/framework/src/Illuminate/Pipeline/Pipeline.php(119): Illuminate\\Pipeline\\Pipeline->Illuminate\\Pipeline\\{closure}()
#23 /home/dylontech/Downloads/SAAFCECEYT/vendor/laravel/framework/src/Illuminate/Routing/Router.php(807): Illuminate\\Pipeline\\Pipeline->then()
#24 /home/dylontech/Downloads/SAAFCECEYT/vendor/laravel/framework/src/Illuminate/Routing/Router.php(786): Illuminate\\Routing\\Router->runRouteWithinStack()
#25 /home/dylontech/Downloads/SAAFCECEYT/vendor/laravel/framework/src/Illuminate/Routing/Router.php(750): Illuminate\\Routing\\Router->runRoute()
#26 /home/dylontech/Downloads/SAAFCECEYT/vendor/laravel/framework/src/Illuminate/Routing/Router.php(739): Illuminate\\Routing\\Router->dispatchToRoute()
#27 /home/dylontech/Downloads/SAAFCECEYT/vendor/laravel/framework/src/Illuminate/Foundation/Http/Kernel.php(201): Illuminate\\Routing\\Router->dispatch()
#28 /home/dylontech/Downloads/SAAFCECEYT/vendor/laravel/framework/src/Illuminate/Pipeline/Pipeline.php(144): Illuminate\\Foundation\\Http\\Kernel->Illuminate\\Foundation\\Http\\{closure}()
#29 /home/dylontech/Downloads/SAAFCECEYT/vendor/laravel/framework/src/Illuminate/Foundation/Http/Middleware/TransformsRequest.php(21): Illuminate\\Pipeline\\Pipeline->Illuminate\\Pipeline\\{closure}()
#30 /home/dylontech/Downloads/SAAFCECEYT/vendor/laravel/framework/src/Illuminate/Foundation/Http/Middleware/ConvertEmptyStringsToNull.php(31): Illuminate\\Foundation\\Http\\Middleware\\TransformsRequest->handle()
#31 /home/dylontech/Downloads/SAAFCECEYT/vendor/laravel/framework/src/Illuminate/Pipeline/Pipeline.php(183): Illuminate\\Foundation\\Http\\Middleware\\ConvertEmptyStringsToNull->handle()
#32 /home/dylontech/Downloads/SAAFCECEYT/vendor/laravel/framework/src/Illuminate/Foundation/Http/Middleware/TransformsRequest.php(21): Illuminate\\Pipeline\\Pipeline->Illuminate\\Pipeline\\{closure}()
#33 /home/dylontech/Downloads/SAAFCECEYT/vendor/laravel/framework/src/Illuminate/Foundation/Http/Middleware/TrimStrings.php(51): Illuminate\\Foundation\\Http\\Middleware\\TransformsRequest->handle()
#34 /home/dylontech/Downloads/SAAFCECEYT/vendor/laravel/framework/src/Illuminate/Pipeline/Pipeline.php(183): Illuminate\\Foundation\\Http\\Middleware\\TrimStrings->handle()
#35 /home/dylontech/Downloads/SAAFCECEYT/vendor/laravel/framework/src/Illuminate/Http/Middleware/ValidatePostSize.php(27): Illuminate\\Pipeline\\Pipeline->Illuminate\\Pipeline\\{closure}()
#36 /home/dylontech/Downloads/SAAFCECEYT/vendor/laravel/framework/src/Illuminate/Pipeline/Pipeline.php(183): Illuminate\\Http\\Middleware\\ValidatePostSize->handle()
#37 /home/dylontech/Downloads/SAAFCECEYT/vendor/laravel/framework/src/Illuminate/Foundation/Http/Middleware/PreventRequestsDuringMaintenance.php(110): Illuminate\\Pipeline\\Pipeline->Illuminate\\Pipeline\\{closure}()
#38 /home/dylontech/Downloads/SAAFCECEYT/vendor/laravel/framework/src/Illuminate/Pipeline/Pipeline.php(183): Illuminate\\Foundation\\Http\\Middleware\\PreventRequestsDuringMaintenance->handle()
#39 /home/dylontech/Downloads/SAAFCECEYT/vendor/laravel/framework/src/Illuminate/Http/Middleware/HandleCors.php(49): Illuminate\\Pipeline\\Pipeline->Illuminate\\Pipeline\\{closure}()
#40 /home/dylontech/Downloads/SAAFCECEYT/vendor/laravel/framework/src/Illuminate/Pipeline/Pipeline.php(183): Illuminate\\Http\\Middleware\\HandleCors->handle()
#41 /home/dylontech/Downloads/SAAFCECEYT/vendor/laravel/framework/src/Illuminate/Http/Middleware/TrustProxies.php(58): Illuminate\\Pipeline\\Pipeline->Illuminate\\Pipeline\\{closure}()
#42 /home/dylontech/Downloads/SAAFCECEYT/vendor/laravel/framework/src/Illuminate/Pipeline/Pipeline.php(183): Illuminate\\Http\\Middleware\\TrustProxies->handle()
#43 /home/dylontech/Downloads/SAAFCECEYT/vendor/laravel/framework/src/Illuminate/Foundation/Http/Middleware/InvokeDeferredCallbacks.php(22): Illuminate\\Pipeline\\Pipeline->Illuminate\\Pipeline\\{closure}()
#44 /home/dylontech/Downloads/SAAFCECEYT/vendor/laravel/framework/src/Illuminate/Pipeline/Pipeline.php(183): Illuminate\\Foundation\\Http\\Middleware\\InvokeDeferredCallbacks->handle()
#45 /home/dylontech/Downloads/SAAFCECEYT/vendor/laravel/framework/src/Illuminate/Pipeline/Pipeline.php(119): Illuminate\\Pipeline\\Pipeline->Illuminate\\Pipeline\\{closure}()
#46 /home/dylontech/Downloads/SAAFCECEYT/vendor/laravel/framework/src/Illuminate/Foundation/Http/Kernel.php(176): Illuminate\\Pipeline\\Pipeline->then()
#47 /home/dylontech/Downloads/SAAFCECEYT/vendor/laravel/framework/src/Illuminate/Foundation/Http/Kernel.php(145): Illuminate\\Foundation\\Http\\Kernel->sendRequestThroughRouter()
#48 /home/dylontech/Downloads/SAAFCECEYT/vendor/laravel/framework/src/Illuminate/Foundation/Application.php(1190): Illuminate\\Foundation\\Http\\Kernel->handle()
#49 /home/dylontech/Downloads/SAAFCECEYT/public/index.php(17): Illuminate\\Foundation\\Application->handleRequest()
#50 /home/dylontech/Downloads/SAAFCECEYT/vendor/laravel/framework/src/Illuminate/Foundation/resources/server.php(23): require_once('...')
#51 {main}

[previous exception] [object] (PDOException(code: 1698): SQLSTATE[HY000] [1698] Access denied for user 'root'@'localhost' at /home/dylontech/Downloads/SAAFCECEYT/vendor/laravel/framework/src/Illuminate/Database/Connectors/Connector.php:66)
[stacktrace]
#0 /home/dylontech/Downloads/SAAFCECEYT/vendor/laravel/framework/src/Illuminate/Database/Connectors/Connector.php(66): PDO->__construct()
#1 /home/dylontech/Downloads/SAAFCECEYT/vendor/laravel/framework/src/Illuminate/Database/Connectors/Connector.php(44): Illuminate\\Database\\Connectors\\Connector->createPdoConnection()
#2 /home/dylontech/Downloads/SAAFCECEYT/vendor/laravel/framework/src/Illuminate/Database/Connectors/MySqlConnector.php(24): Illuminate\\Database\\Connectors\\Connector->createConnection()
#3 /home/dylontech/Downloads/SAAFCECEYT/vendor/laravel/framework/src/Illuminate/Database/Connectors/ConnectionFactory.php(185): Illuminate\\Database\\Connectors\\MySqlConnector->connect()
#4 [internal function]: Illuminate\\Database\\Connectors\\ConnectionFactory->Illuminate\\Database\\Connectors\\{closure}()
#5 /home/dylontech/Downloads/SAAFCECEYT/vendor/laravel/framework/src/Illuminate/Database/Connection.php(1231): call_user_func()
#6 /home/dylontech/Downloads/SAAFCECEYT/vendor/laravel/framework/src/Illuminate/Database/Connection.php(1267): Illuminate\\Database\\Connection->getPdo()
#7 /home/dylontech/Downloads/SAAFCECEYT/vendor/laravel/framework/src/Illuminate/Database/Connection.php(512): Illuminate\\Database\\Connection->getReadPdo()
#8 /home/dylontech/Downloads/SAAFCECEYT/vendor/laravel/framework/src/Illuminate/Database/Connection.php(407): Illuminate\\Database\\Connection->getPdoForSelect()
#9 /home/dylontech/Downloads/SAAFCECEYT/vendor/laravel/framework/src/Illuminate/Database/Connection.php(812): Illuminate\\Database\\Connection->Illuminate\\Database\\{closure}()
#10 /home/dylontech/Downloads/SAAFCECEYT/vendor/laravel/framework/src/Illuminate/Database/Connection.php(779): Illuminate\\Database\\Connection->runQueryCallback()
#11 /home/dylontech/Downloads/SAAFCECEYT/vendor/laravel/framework/src/Illuminate/Database/Connection.php(398): Illuminate\\Database\\Connection->run()
#12 /home/dylontech/Downloads/SAAFCECEYT/vendor/laravel/framework/src/Illuminate/Database/Query/Builder.php(3133): Illuminate\\Database\\Connection->select()
#13 /home/dylontech/Downloads/SAAFCECEYT/vendor/laravel/framework/src/Illuminate/Database/Query/Builder.php(3118): Illuminate\\Database\\Query\\Builder->runSelect()
#14 /home/dylontech/Downloads/SAAFCECEYT/vendor/laravel/framework/src/Illuminate/Database/Query/Builder.php(3706): Illuminate\\Database\\Query\\Builder->Illuminate\\Database\\Query\\{closure}()
#15 /home/dylontech/Downloads/SAAFCECEYT/vendor/laravel/framework/src/Illuminate/Database/Query/Builder.php(3117): Illuminate\\Database\\Query\\Builder->onceWithColumns()
#16 /home/dylontech/Downloads/SAAFCECEYT/vendor/laravel/framework/src/Illuminate/Database/Concerns/BuildsQueries.php(344): Illuminate\\Database\\Query\\Builder->get()
#17 /home/dylontech/Downloads/SAAFCECEYT/vendor/laravel/framework/src/Illuminate/Database/Query/Builder.php(3038): Illuminate\\Database\\Query\\Builder->first()
#18 /home/dylontech/Downloads/SAAFCECEYT/vendor/laravel/framework/src/Illuminate/Session/DatabaseSessionHandler.php(97): Illuminate\\Database\\Query\\Builder->find()
#19 /home/dylontech/Downloads/SAAFCECEYT/vendor/laravel/framework/src/Illuminate/Session/Store.php(113): Illuminate\\Session\\DatabaseSessionHandler->read()
#20 /home/dylontech/Downloads/SAAFCECEYT/vendor/laravel/framework/src/Illuminate/Session/Store.php(101): Illuminate\\Session\\Store->readFromHandler()
#21 /home/dylontech/Downloads/SAAFCECEYT/vendor/laravel/framework/src/Illuminate/Session/Store.php(85): Illuminate\\Session\\Store->loadSession()
#22 /home/dylontech/Downloads/SAAFCECEYT/vendor/laravel/framework/src/Illuminate/Session/Middleware/StartSession.php(147): Illuminate\\Session\\Store->start()
#23 /home/dylontech/Downloads/SAAFCECEYT/vendor/laravel/framework/src/Illuminate/Support/helpers.php(393): Illuminate\\Session\\Middleware\\StartSession->Illuminate\\Session\\Middleware\\{closure}()
#24 /home/dylontech/Downloads/SAAFCECEYT/vendor/laravel/framework/src/Illuminate/Session/Middleware/StartSession.php(144): tap()
#25 /home/dylontech/Downloads/SAAFCECEYT/vendor/laravel/framework/src/Illuminate/Session/Middleware/StartSession.php(116): Illuminate\\Session\\Middleware\\StartSession->startSession()
#26 /home/dylontech/Downloads/SAAFCECEYT/vendor/laravel/framework/src/Illuminate/Session/Middleware/StartSession.php(64): Illuminate\\Session\\Middleware\\StartSession->handleStatefulRequest()
#27 /home/dylontech/Downloads/SAAFCECEYT/vendor/laravel/framework/src/Illuminate/Pipeline/Pipeline.php(183): Illuminate\\Session\\Middleware\\StartSession->handle()
#28 /home/dylontech/Downloads/SAAFCECEYT/vendor/laravel/framework/src/Illuminate/Cookie/Middleware/AddQueuedCookiesToResponse.php(37): Illuminate\\Pipeline\\Pipeline->Illuminate\\Pipeline\\{closure}()
#29 /home/dylontech/Downloads/SAAFCECEYT/vendor/laravel/framework/src/Illuminate/Pipeline/Pipeline.php(183): Illuminate\\Cookie\\Middleware\\AddQueuedCookiesToResponse->handle()
#30 /home/dylontech/Downloads/SAAFCECEYT/vendor/laravel/framework/src/Illuminate/Cookie/Middleware/EncryptCookies.php(75): Illuminate\\Pipeline\\Pipeline->Illuminate\\Pipeline\\{closure}()
#31 /home/dylontech/Downloads/SAAFCECEYT/vendor/laravel/framework/src/Illuminate/Pipeline/Pipeline.php(183): Illuminate\\Cookie\\Middleware\\EncryptCookies->handle()
#32 /home/dylontech/Downloads/SAAFCECEYT/vendor/laravel/framework/src/Illuminate/Pipeline/Pipeline.php(119): Illuminate\\Pipeline\\Pipeline->Illuminate\\Pipeline\\{closure}()
#33 /home/dylontech/Downloads/SAAFCECEYT/vendor/laravel/framework/src/Illuminate/Routing/Router.php(807): Illuminate\\Pipeline\\Pipeline->then()
#34 /home/dylontech/Downloads/SAAFCECEYT/vendor/laravel/framework/src/Illuminate/Routing/Router.php(786): Illuminate\\Routing\\Router->runRouteWithinStack()
#35 /home/dylontech/Downloads/SAAFCECEYT/vendor/laravel/framework/src/Illuminate/Routing/Router.php(750): Illuminate\\Routing\\Router->runRoute()
#36 /home/dylontech/Downloads/SAAFCECEYT/vendor/laravel/framework/src/Illuminate/Routing/Router.php(739): Illuminate\\Routing\\Router->dispatchToRoute()
#37 /home/dylontech/Downloads/SAAFCECEYT/vendor/laravel/framework/src/Illuminate/Foundation/Http/Kernel.php(201): Illuminate\\Routing\\Router->dispatch()
#38 /home/dylontech/Downloads/SAAFCECEYT/vendor/laravel/framework/src/Illuminate/Pipeline/Pipeline.php(144): Illuminate\\Foundation\\Http\\Kernel->Illuminate\\Foundation\\Http\\{closure}()
#39 /home/dylontech/Downloads/SAAFCECEYT/vendor/laravel/framework/src/Illuminate/Foundation/Http/Middleware/TransformsRequest.php(21): Illuminate\\Pipeline\\Pipeline->Illuminate\\Pipeline\\{closure}()
#40 /home/dylontech/Downloads/SAAFCECEYT/vendor/laravel/framework/src/Illuminate/Foundation/Http/Middleware/ConvertEmptyStringsToNull.php(31): Illuminate\\Foundation\\Http\\Middleware\\TransformsRequest->handle()
#41 /home/dylontech/Downloads/SAAFCECEYT/vendor/laravel/framework/src/Illuminate/Pipeline/Pipeline.php(183): Illuminate\\Foundation\\Http\\Middleware\\ConvertEmptyStringsToNull->handle()
#42 /home/dylontech/Downloads/SAAFCECEYT/vendor/laravel/framework/src/Illuminate/Foundation/Http/Middleware/TransformsRequest.php(21): Illuminate\\Pipeline\\Pipeline->Illuminate\\Pipeline\\{closure}()
#43 /home/dylontech/Downloads/SAAFCECEYT/vendor/laravel/framework/src/Illuminate/Foundation/Http/Middleware/TrimStrings.php(51): Illuminate\\Foundation\\Http\\Middleware\\TransformsRequest->handle()
#44 /home/dylontech/Downloads/SAAFCECEYT/vendor/laravel/framework/src/Illuminate/Pipeline/Pipeline.php(183): Illuminate\\Foundation\\Http\\Middleware\\TrimStrings->handle()
#45 /home/dylontech/Downloads/SAAFCECEYT/vendor/laravel/framework/src/Illuminate/Http/Middleware/ValidatePostSize.php(27): Illuminate\\Pipeline\\Pipeline->Illuminate\\Pipeline\\{closure}()
#46 /home/dylontech/Downloads/SAAFCECEYT/vendor/laravel/framework/src/Illuminate/Pipeline/Pipeline.php(183): Illuminate\\Http\\Middleware\\ValidatePostSize->handle()
#47 /home/dylontech/Downloads/SAAFCECEYT/vendor/laravel/framework/src/Illuminate/Foundation/Http/Middleware/PreventRequestsDuringMaintenance.php(110): Illuminate\\Pipeline\\Pipeline->Illuminate\\Pipeline\\{closure}()
#48 /home/dylontech/Downloads/SAAFCECEYT/vendor/laravel/framework/src/Illuminate/Pipeline/Pipeline.php(183): Illuminate\\Foundation\\Http\\Middleware\\PreventRequestsDuringMaintenance->handle()
#49 /home/dylontech/Downloads/SAAFCECEYT/vendor/laravel/framework/src/Illuminate/Http/Middleware/HandleCors.php(49): Illuminate\\Pipeline\\Pipeline->Illuminate\\Pipeline\\{closure}()
#50 /home/dylontech/Downloads/SAAFCECEYT/vendor/laravel/framework/src/Illuminate/Pipeline/Pipeline.php(183): Illuminate\\Http\\Middleware\\HandleCors->handle()
#51 /home/dylontech/Downloads/SAAFCECEYT/vendor/laravel/framework/src/Illuminate/Http/Middleware/TrustProxies.php(58): Illuminate\\Pipeline\\Pipeline->Illuminate\\Pipeline\\{closure}()
#52 /home/dylontech/Downloads/SAAFCECEYT/vendor/laravel/framework/src/Illuminate/Pipeline/Pipeline.php(183): Illuminate\\Http\\Middleware\\TrustProxies->handle()
#53 /home/dylontech/Downloads/SAAFCECEYT/vendor/laravel/framework/src/Illuminate/Foundation/Http/Middleware/InvokeDeferredCallbacks.php(22): Illuminate\\Pipeline\\Pipeline->Illuminate\\Pipeline\\{closure}()
#54 /home/dylontech/Downloads/SAAFCECEYT/vendor/laravel/framework/src/Illuminate/Pipeline/Pipeline.php(183): Illuminate\\Foundation\\Http\\Middleware\\InvokeDeferredCallbacks->handle()
#55 /home/dylontech/Downloads/SAAFCECEYT/vendor/laravel/framework/src/Illuminate/Pipeline/Pipeline.php(119): Illuminate\\Pipeline\\Pipeline->Illuminate\\Pipeline\\{closure}()
#56 /home/dylontech/Downloads/SAAFCECEYT/vendor/laravel/framework/src/Illuminate/Foundation/Http/Kernel.php(176): Illuminate\\Pipeline\\Pipeline->then()
#57 /home/dylontech/Downloads/SAAFCECEYT/vendor/laravel/framework/src/Illuminate/Foundation/Http/Kernel.php(145): Illuminate\\Foundation\\Http\\Kernel->sendRequestThroughRouter()
#58 /home/dylontech/Downloads/SAAFCECEYT/vendor/laravel/framework/src/Illuminate/Foundation/Application.php(1190): Illuminate\\Foundation\\Http\\Kernel->handle()
#59 /home/dylontech/Downloads/SAAFCECEYT/public/index.php(17): Illuminate\\Foundation\\Application->handleRequest()
#60 /home/dylontech/Downloads/SAAFCECEYT/vendor/laravel/framework/src/Illuminate/Foundation/resources/server.php(23): require_once('...')
#61 {main}
"} 
[2025-08-27 01:09:19] local.ERROR: SQLSTATE[HY000] [1698] Access denied for user 'root'@'localhost' (Connection: mysql, SQL: select * from `sessions` where `id` = vFekZgHTm3tbI5laPljOpwUsxmVi5Yy6RZ8uRK7Z limit 1) {"exception":"[object] (Illuminate\\Database\\QueryException(code: 1698): SQLSTATE[HY000] [1698] Access denied for user 'root'@'localhost' (Connection: mysql, SQL: select * from `sessions` where `id` = vFekZgHTm3tbI5laPljOpwUsxmVi5Yy6RZ8uRK7Z limit 1) at /home/dylontech/Downloads/SAAFCECEYT/vendor/laravel/framework/src/Illuminate/Database/Connection.php:825)
[stacktrace]
#0 /home/dylontech/Downloads/SAAFCECEYT/vendor/laravel/framework/src/Illuminate/Database/Connection.php(779): Illuminate\\Database\\Connection->runQueryCallback()
#1 /home/dylontech/Downloads/SAAFCECEYT/vendor/laravel/framework/src/Illuminate/Database/Connection.php(398): Illuminate\\Database\\Connection->run()
#2 /home/dylontech/Downloads/SAAFCECEYT/vendor/laravel/framework/src/Illuminate/Database/Query/Builder.php(3133): Illuminate\\Database\\Connection->select()
#3 /home/dylontech/Downloads/SAAFCECEYT/vendor/laravel/framework/src/Illuminate/Database/Query/Builder.php(3118): Illuminate\\Database\\Query\\Builder->runSelect()
#4 /home/dylontech/Downloads/SAAFCECEYT/vendor/laravel/framework/src/Illuminate/Database/Query/Builder.php(3706): Illuminate\\Database\\Query\\Builder->Illuminate\\Database\\Query\\{closure}()
#5 /home/dylontech/Downloads/SAAFCECEYT/vendor/laravel/framework/src/Illuminate/Database/Query/Builder.php(3117): Illuminate\\Database\\Query\\Builder->onceWithColumns()
#6 /home/dylontech/Downloads/SAAFCECEYT/vendor/laravel/framework/src/Illuminate/Database/Concerns/BuildsQueries.php(344): Illuminate\\Database\\Query\\Builder->get()
#7 /home/dylontech/Downloads/SAAFCECEYT/vendor/laravel/framework/src/Illuminate/Database/Query/Builder.php(3038): Illuminate\\Database\\Query\\Builder->first()
#8 /home/dylontech/Downloads/SAAFCECEYT/vendor/laravel/framework/src/Illuminate/Session/DatabaseSessionHandler.php(97): Illuminate\\Database\\Query\\Builder->find()
#9 /home/dylontech/Downloads/SAAFCECEYT/vendor/laravel/framework/src/Illuminate/Session/Store.php(113): Illuminate\\Session\\DatabaseSessionHandler->read()
#10 /home/dylontech/Downloads/SAAFCECEYT/vendor/laravel/framework/src/Illuminate/Session/Store.php(101): Illuminate\\Session\\Store->readFromHandler()
#11 /home/dylontech/Downloads/SAAFCECEYT/vendor/laravel/framework/src/Illuminate/Session/Store.php(85): Illuminate\\Session\\Store->loadSession()
#12 /home/dylontech/Downloads/SAAFCECEYT/vendor/laravel/framework/src/Illuminate/Session/Middleware/StartSession.php(147): Illuminate\\Session\\Store->start()
#13 /home/dylontech/Downloads/SAAFCECEYT/vendor/laravel/framework/src/Illuminate/Support/helpers.php(393): Illuminate\\Session\\Middleware\\StartSession->Illuminate\\Session\\Middleware\\{closure}()
#14 /home/dylontech/Downloads/SAAFCECEYT/vendor/laravel/framework/src/Illuminate/Session/Middleware/StartSession.php(144): tap()
#15 /home/dylontech/Downloads/SAAFCECEYT/vendor/laravel/framework/src/Illuminate/Session/Middleware/StartSession.php(116): Illuminate\\Session\\Middleware\\StartSession->startSession()
#16 /home/dylontech/Downloads/SAAFCECEYT/vendor/laravel/framework/src/Illuminate/Session/Middleware/StartSession.php(64): Illuminate\\Session\\Middleware\\StartSession->handleStatefulRequest()
#17 /home/dylontech/Downloads/SAAFCECEYT/vendor/laravel/framework/src/Illuminate/Pipeline/Pipeline.php(183): Illuminate\\Session\\Middleware\\StartSession->handle()
#18 /home/dylontech/Downloads/SAAFCECEYT/vendor/laravel/framework/src/Illuminate/Cookie/Middleware/AddQueuedCookiesToResponse.php(37): Illuminate\\Pipeline\\Pipeline->Illuminate\\Pipeline\\{closure}()
#19 /home/dylontech/Downloads/SAAFCECEYT/vendor/laravel/framework/src/Illuminate/Pipeline/Pipeline.php(183): Illuminate\\Cookie\\Middleware\\AddQueuedCookiesToResponse->handle()
#20 /home/dylontech/Downloads/SAAFCECEYT/vendor/laravel/framework/src/Illuminate/Cookie/Middleware/EncryptCookies.php(75): Illuminate\\Pipeline\\Pipeline->Illuminate\\Pipeline\\{closure}()
#21 /home/dylontech/Downloads/SAAFCECEYT/vendor/laravel/framework/src/Illuminate/Pipeline/Pipeline.php(183): Illuminate\\Cookie\\Middleware\\EncryptCookies->handle()
#22 /home/dylontech/Downloads/SAAFCECEYT/vendor/laravel/framework/src/Illuminate/Pipeline/Pipeline.php(119): Illuminate\\Pipeline\\Pipeline->Illuminate\\Pipeline\\{closure}()
#23 /home/dylontech/Downloads/SAAFCECEYT/vendor/laravel/framework/src/Illuminate/Routing/Router.php(807): Illuminate\\Pipeline\\Pipeline->then()
#24 /home/dylontech/Downloads/SAAFCECEYT/vendor/laravel/framework/src/Illuminate/Routing/Router.php(786): Illuminate\\Routing\\Router->runRouteWithinStack()
#25 /home/dylontech/Downloads/SAAFCECEYT/vendor/laravel/framework/src/Illuminate/Routing/Router.php(750): Illuminate\\Routing\\Router->runRoute()
#26 /home/dylontech/Downloads/SAAFCECEYT/vendor/laravel/framework/src/Illuminate/Routing/Router.php(739): Illuminate\\Routing\\Router->dispatchToRoute()
#27 /home/dylontech/Downloads/SAAFCECEYT/vendor/laravel/framework/src/Illuminate/Foundation/Http/Kernel.php(201): Illuminate\\Routing\\Router->dispatch()
#28 /home/dylontech/Downloads/SAAFCECEYT/vendor/laravel/framework/src/Illuminate/Pipeline/Pipeline.php(144): Illuminate\\Foundation\\Http\\Kernel->Illuminate\\Foundation\\Http\\{closure}()
#29 /home/dylontech/Downloads/SAAFCECEYT/vendor/laravel/framework/src/Illuminate/Foundation/Http/Middleware/TransformsRequest.php(21): Illuminate\\Pipeline\\Pipeline->Illuminate\\Pipeline\\{closure}()
#30 /home/dylontech/Downloads/SAAFCECEYT/vendor/laravel/framework/src/Illuminate/Foundation/Http/Middleware/ConvertEmptyStringsToNull.php(31): Illuminate\\Foundation\\Http\\Middleware\\TransformsRequest->handle()
#31 /home/dylontech/Downloads/SAAFCECEYT/vendor/laravel/framework/src/Illuminate/Pipeline/Pipeline.php(183): Illuminate\\Foundation\\Http\\Middleware\\ConvertEmptyStringsToNull->handle()
#32 /home/dylontech/Downloads/SAAFCECEYT/vendor/laravel/framework/src/Illuminate/Foundation/Http/Middleware/TransformsRequest.php(21): Illuminate\\Pipeline\\Pipeline->Illuminate\\Pipeline\\{closure}()
#33 /home/dylontech/Downloads/SAAFCECEYT/vendor/laravel/framework/src/Illuminate/Foundation/Http/Middleware/TrimStrings.php(51): Illuminate\\Foundation\\Http\\Middleware\\TransformsRequest->handle()
#34 /home/dylontech/Downloads/SAAFCECEYT/vendor/laravel/framework/src/Illuminate/Pipeline/Pipeline.php(183): Illuminate\\Foundation\\Http\\Middleware\\TrimStrings->handle()
#35 /home/dylontech/Downloads/SAAFCECEYT/vendor/laravel/framework/src/Illuminate/Http/Middleware/ValidatePostSize.php(27): Illuminate\\Pipeline\\Pipeline->Illuminate\\Pipeline\\{closure}()
#36 /home/dylontech/Downloads/SAAFCECEYT/vendor/laravel/framework/src/Illuminate/Pipeline/Pipeline.php(183): Illuminate\\Http\\Middleware\\ValidatePostSize->handle()
#37 /home/dylontech/Downloads/SAAFCECEYT/vendor/laravel/framework/src/Illuminate/Foundation/Http/Middleware/PreventRequestsDuringMaintenance.php(110): Illuminate\\Pipeline\\Pipeline->Illuminate\\Pipeline\\{closure}()
#38 /home/dylontech/Downloads/SAAFCECEYT/vendor/laravel/framework/src/Illuminate/Pipeline/Pipeline.php(183): Illuminate\\Foundation\\Http\\Middleware\\PreventRequestsDuringMaintenance->handle()
#39 /home/dylontech/Downloads/SAAFCECEYT/vendor/laravel/framework/src/Illuminate/Http/Middleware/HandleCors.php(49): Illuminate\\Pipeline\\Pipeline->Illuminate\\Pipeline\\{closure}()
#40 /home/dylontech/Downloads/SAAFCECEYT/vendor/laravel/framework/src/Illuminate/Pipeline/Pipeline.php(183): Illuminate\\Http\\Middleware\\HandleCors->handle()
#41 /home/dylontech/Downloads/SAAFCECEYT/vendor/laravel/framework/src/Illuminate/Http/Middleware/TrustProxies.php(58): Illuminate\\Pipeline\\Pipeline->Illuminate\\Pipeline\\{closure}()
#42 /home/dylontech/Downloads/SAAFCECEYT/vendor/laravel/framework/src/Illuminate/Pipeline/Pipeline.php(183): Illuminate\\Http\\Middleware\\TrustProxies->handle()
#43 /home/dylontech/Downloads/SAAFCECEYT/vendor/laravel/framework/src/Illuminate/Foundation/Http/Middleware/InvokeDeferredCallbacks.php(22): Illuminate\\Pipeline\\Pipeline->Illuminate\\Pipeline\\{closure}()
#44 /home/dylontech/Downloads/SAAFCECEYT/vendor/laravel/framework/src/Illuminate/Pipeline/Pipeline.php(183): Illuminate\\Foundation\\Http\\Middleware\\InvokeDeferredCallbacks->handle()
#45 /home/dylontech/Downloads/SAAFCECEYT/vendor/laravel/framework/src/Illuminate/Pipeline/Pipeline.php(119): Illuminate\\Pipeline\\Pipeline->Illuminate\\Pipeline\\{closure}()
#46 /home/dylontech/Downloads/SAAFCECEYT/vendor/laravel/framework/src/Illuminate/Foundation/Http/Kernel.php(176): Illuminate\\Pipeline\\Pipeline->then()
#47 /home/dylontech/Downloads/SAAFCECEYT/vendor/laravel/framework/src/Illuminate/Foundation/Http/Kernel.php(145): Illuminate\\Foundation\\Http\\Kernel->sendRequestThroughRouter()
#48 /home/dylontech/Downloads/SAAFCECEYT/vendor/laravel/framework/src/Illuminate/Foundation/Application.php(1190): Illuminate\\Foundation\\Http\\Kernel->handle()
#49 /home/dylontech/Downloads/SAAFCECEYT/public/index.php(17): Illuminate\\Foundation\\Application->handleRequest()
#50 /home/dylontech/Downloads/SAAFCECEYT/vendor/laravel/framework/src/Illuminate/Foundation/resources/server.php(23): require_once('...')
#51 {main}

[previous exception] [object] (PDOException(code: 1698): SQLSTATE[HY000] [1698] Access denied for user 'root'@'localhost' at /home/dylontech/Downloads/SAAFCECEYT/vendor/laravel/framework/src/Illuminate/Database/Connectors/Connector.php:66)
[stacktrace]
#0 /home/dylontech/Downloads/SAAFCECEYT/vendor/laravel/framework/src/Illuminate/Database/Connectors/Connector.php(66): PDO->__construct()
#1 /home/dylontech/Downloads/SAAFCECEYT/vendor/laravel/framework/src/Illuminate/Database/Connectors/Connector.php(44): Illuminate\\Database\\Connectors\\Connector->createPdoConnection()
#2 /home/dylontech/Downloads/SAAFCECEYT/vendor/laravel/framework/src/Illuminate/Database/Connectors/MySqlConnector.php(24): Illuminate\\Database\\Connectors\\Connector->createConnection()
#3 /home/dylontech/Downloads/SAAFCECEYT/vendor/laravel/framework/src/Illuminate/Database/Connectors/ConnectionFactory.php(185): Illuminate\\Database\\Connectors\\MySqlConnector->connect()
#4 [internal function]: Illuminate\\Database\\Connectors\\ConnectionFactory->Illuminate\\Database\\Connectors\\{closure}()
#5 /home/dylontech/Downloads/SAAFCECEYT/vendor/laravel/framework/src/Illuminate/Database/Connection.php(1231): call_user_func()
#6 /home/dylontech/Downloads/SAAFCECEYT/vendor/laravel/framework/src/Illuminate/Database/Connection.php(1267): Illuminate\\Database\\Connection->getPdo()
#7 /home/dylontech/Downloads/SAAFCECEYT/vendor/laravel/framework/src/Illuminate/Database/Connection.php(512): Illuminate\\Database\\Connection->getReadPdo()
#8 /home/dylontech/Downloads/SAAFCECEYT/vendor/laravel/framework/src/Illuminate/Database/Connection.php(407): Illuminate\\Database\\Connection->getPdoForSelect()
#9 /home/dylontech/Downloads/SAAFCECEYT/vendor/laravel/framework/src/Illuminate/Database/Connection.php(812): Illuminate\\Database\\Connection->Illuminate\\Database\\{closure}()
#10 /home/dylontech/Downloads/SAAFCECEYT/vendor/laravel/framework/src/Illuminate/Database/Connection.php(779): Illuminate\\Database\\Connection->runQueryCallback()
#11 /home/dylontech/Downloads/SAAFCECEYT/vendor/laravel/framework/src/Illuminate/Database/Connection.php(398): Illuminate\\Database\\Connection->run()
#12 /home/dylontech/Downloads/SAAFCECEYT/vendor/laravel/framework/src/Illuminate/Database/Query/Builder.php(3133): Illuminate\\Database\\Connection->select()
#13 /home/dylontech/Downloads/SAAFCECEYT/vendor/laravel/framework/src/Illuminate/Database/Query/Builder.php(3118): Illuminate\\Database\\Query\\Builder->runSelect()
#14 /home/dylontech/Downloads/SAAFCECEYT/vendor/laravel/framework/src/Illuminate/Database/Query/Builder.php(3706): Illuminate\\Database\\Query\\Builder->Illuminate\\Database\\Query\\{closure}()
#15 /home/dylontech/Downloads/SAAFCECEYT/vendor/laravel/framework/src/Illuminate/Database/Query/Builder.php(3117): Illuminate\\Database\\Query\\Builder->onceWithColumns()
#16 /home/dylontech/Downloads/SAAFCECEYT/vendor/laravel/framework/src/Illuminate/Database/Concerns/BuildsQueries.php(344): Illuminate\\Database\\Query\\Builder->get()
#17 /home/dylontech/Downloads/SAAFCECEYT/vendor/laravel/framework/src/Illuminate/Database/Query/Builder.php(3038): Illuminate\\Database\\Query\\Builder->first()
#18 /home/dylontech/Downloads/SAAFCECEYT/vendor/laravel/framework/src/Illuminate/Session/DatabaseSessionHandler.php(97): Illuminate\\Database\\Query\\Builder->find()
#19 /home/dylontech/Downloads/SAAFCECEYT/vendor/laravel/framework/src/Illuminate/Session/Store.php(113): Illuminate\\Session\\DatabaseSessionHandler->read()
#20 /home/dylontech/Downloads/SAAFCECEYT/vendor/laravel/framework/src/Illuminate/Session/Store.php(101): Illuminate\\Session\\Store->readFromHandler()
#21 /home/dylontech/Downloads/SAAFCECEYT/vendor/laravel/framework/src/Illuminate/Session/Store.php(85): Illuminate\\Session\\Store->loadSession()
#22 /home/dylontech/Downloads/SAAFCECEYT/vendor/laravel/framework/src/Illuminate/Session/Middleware/StartSession.php(147): Illuminate\\Session\\Store->start()
#23 /home/dylontech/Downloads/SAAFCECEYT/vendor/laravel/framework/src/Illuminate/Support/helpers.php(393): Illuminate\\Session\\Middleware\\StartSession->Illuminate\\Session\\Middleware\\{closure}()
#24 /home/dylontech/Downloads/SAAFCECEYT/vendor/laravel/framework/src/Illuminate/Session/Middleware/StartSession.php(144): tap()
#25 /home/dylontech/Downloads/SAAFCECEYT/vendor/laravel/framework/src/Illuminate/Session/Middleware/StartSession.php(116): Illuminate\\Session\\Middleware\\StartSession->startSession()
#26 /home/dylontech/Downloads/SAAFCECEYT/vendor/laravel/framework/src/Illuminate/Session/Middleware/StartSession.php(64): Illuminate\\Session\\Middleware\\StartSession->handleStatefulRequest()
#27 /home/dylontech/Downloads/SAAFCECEYT/vendor/laravel/framework/src/Illuminate/Pipeline/Pipeline.php(183): Illuminate\\Session\\Middleware\\StartSession->handle()
#28 /home/dylontech/Downloads/SAAFCECEYT/vendor/laravel/framework/src/Illuminate/Cookie/Middleware/AddQueuedCookiesToResponse.php(37): Illuminate\\Pipeline\\Pipeline->Illuminate\\Pipeline\\{closure}()
#29 /home/dylontech/Downloads/SAAFCECEYT/vendor/laravel/framework/src/Illuminate/Pipeline/Pipeline.php(183): Illuminate\\Cookie\\Middleware\\AddQueuedCookiesToResponse->handle()
#30 /home/dylontech/Downloads/SAAFCECEYT/vendor/laravel/framework/src/Illuminate/Cookie/Middleware/EncryptCookies.php(75): Illuminate\\Pipeline\\Pipeline->Illuminate\\Pipeline\\{closure}()
#31 /home/dylontech/Downloads/SAAFCECEYT/vendor/laravel/framework/src/Illuminate/Pipeline/Pipeline.php(183): Illuminate\\Cookie\\Middleware\\EncryptCookies->handle()
#32 /home/dylontech/Downloads/SAAFCECEYT/vendor/laravel/framework/src/Illuminate/Pipeline/Pipeline.php(119): Illuminate\\Pipeline\\Pipeline->Illuminate\\Pipeline\\{closure}()
#33 /home/dylontech/Downloads/SAAFCECEYT/vendor/laravel/framework/src/Illuminate/Routing/Router.php(807): Illuminate\\Pipeline\\Pipeline->then()
#34 /home/dylontech/Downloads/SAAFCECEYT/vendor/laravel/framework/src/Illuminate/Routing/Router.php(786): Illuminate\\Routing\\Router->runRouteWithinStack()
#35 /home/dylontech/Downloads/SAAFCECEYT/vendor/laravel/framework/src/Illuminate/Routing/Router.php(750): Illuminate\\Routing\\Router->runRoute()
#36 /home/dylontech/Downloads/SAAFCECEYT/vendor/laravel/framework/src/Illuminate/Routing/Router.php(739): Illuminate\\Routing\\Router->dispatchToRoute()
#37 /home/dylontech/Downloads/SAAFCECEYT/vendor/laravel/framework/src/Illuminate/Foundation/Http/Kernel.php(201): Illuminate\\Routing\\Router->dispatch()
#38 /home/dylontech/Downloads/SAAFCECEYT/vendor/laravel/framework/src/Illuminate/Pipeline/Pipeline.php(144): Illuminate\\Foundation\\Http\\Kernel->Illuminate\\Foundation\\Http\\{closure}()
#39 /home/dylontech/Downloads/SAAFCECEYT/vendor/laravel/framework/src/Illuminate/Foundation/Http/Middleware/TransformsRequest.php(21): Illuminate\\Pipeline\\Pipeline->Illuminate\\Pipeline\\{closure}()
#40 /home/dylontech/Downloads/SAAFCECEYT/vendor/laravel/framework/src/Illuminate/Foundation/Http/Middleware/ConvertEmptyStringsToNull.php(31): Illuminate\\Foundation\\Http\\Middleware\\TransformsRequest->handle()
#41 /home/dylontech/Downloads/SAAFCECEYT/vendor/laravel/framework/src/Illuminate/Pipeline/Pipeline.php(183): Illuminate\\Foundation\\Http\\Middleware\\ConvertEmptyStringsToNull->handle()
#42 /home/dylontech/Downloads/SAAFCECEYT/vendor/laravel/framework/src/Illuminate/Foundation/Http/Middleware/TransformsRequest.php(21): Illuminate\\Pipeline\\Pipeline->Illuminate\\Pipeline\\{closure}()
#43 /home/dylontech/Downloads/SAAFCECEYT/vendor/laravel/framework/src/Illuminate/Foundation/Http/Middleware/TrimStrings.php(51): Illuminate\\Foundation\\Http\\Middleware\\TransformsRequest->handle()
#44 /home/dylontech/Downloads/SAAFCECEYT/vendor/laravel/framework/src/Illuminate/Pipeline/Pipeline.php(183): Illuminate\\Foundation\\Http\\Middleware\\TrimStrings->handle()
#45 /home/dylontech/Downloads/SAAFCECEYT/vendor/laravel/framework/src/Illuminate/Http/Middleware/ValidatePostSize.php(27): Illuminate\\Pipeline\\Pipeline->Illuminate\\Pipeline\\{closure}()
#46 /home/dylontech/Downloads/SAAFCECEYT/vendor/laravel/framework/src/Illuminate/Pipeline/Pipeline.php(183): Illuminate\\Http\\Middleware\\ValidatePostSize->handle()
#47 /home/dylontech/Downloads/SAAFCECEYT/vendor/laravel/framework/src/Illuminate/Foundation/Http/Middleware/PreventRequestsDuringMaintenance.php(110): Illuminate\\Pipeline\\Pipeline->Illuminate\\Pipeline\\{closure}()
#48 /home/dylontech/Downloads/SAAFCECEYT/vendor/laravel/framework/src/Illuminate/Pipeline/Pipeline.php(183): Illuminate\\Foundation\\Http\\Middleware\\PreventRequestsDuringMaintenance->handle()
#49 /home/dylontech/Downloads/SAAFCECEYT/vendor/laravel/framework/src/Illuminate/Http/Middleware/HandleCors.php(49): Illuminate\\Pipeline\\Pipeline->Illuminate\\Pipeline\\{closure}()
#50 /home/dylontech/Downloads/SAAFCECEYT/vendor/laravel/framework/src/Illuminate/Pipeline/Pipeline.php(183): Illuminate\\Http\\Middleware\\HandleCors->handle()
#51 /home/dylontech/Downloads/SAAFCECEYT/vendor/laravel/framework/src/Illuminate/Http/Middleware/TrustProxies.php(58): Illuminate\\Pipeline\\Pipeline->Illuminate\\Pipeline\\{closure}()
#52 /home/dylontech/Downloads/SAAFCECEYT/vendor/laravel/framework/src/Illuminate/Pipeline/Pipeline.php(183): Illuminate\\Http\\Middleware\\TrustProxies->handle()
#53 /home/dylontech/Downloads/SAAFCECEYT/vendor/laravel/framework/src/Illuminate/Foundation/Http/Middleware/InvokeDeferredCallbacks.php(22): Illuminate\\Pipeline\\Pipeline->Illuminate\\Pipeline\\{closure}()
#54 /home/dylontech/Downloads/SAAFCECEYT/vendor/laravel/framework/src/Illuminate/Pipeline/Pipeline.php(183): Illuminate\\Foundation\\Http\\Middleware\\InvokeDeferredCallbacks->handle()
#55 /home/dylontech/Downloads/SAAFCECEYT/vendor/laravel/framework/src/Illuminate/Pipeline/Pipeline.php(119): Illuminate\\Pipeline\\Pipeline->Illuminate\\Pipeline\\{closure}()
#56 /home/dylontech/Downloads/SAAFCECEYT/vendor/laravel/framework/src/Illuminate/Foundation/Http/Kernel.php(176): Illuminate\\Pipeline\\Pipeline->then()
#57 /home/dylontech/Downloads/SAAFCECEYT/vendor/laravel/framework/src/Illuminate/Foundation/Http/Kernel.php(145): Illuminate\\Foundation\\Http\\Kernel->sendRequestThroughRouter()
#58 /home/dylontech/Downloads/SAAFCECEYT/vendor/laravel/framework/src/Illuminate/Foundation/Application.php(1190): Illuminate\\Foundation\\Http\\Kernel->handle()
#59 /home/dylontech/Downloads/SAAFCECEYT/public/index.php(17): Illuminate\\Foundation\\Application->handleRequest()
#60 /home/dylontech/Downloads/SAAFCECEYT/vendor/laravel/framework/src/Illuminate/Foundation/resources/server.php(23): require_once('...')
#61 {main}
"} 
[2025-08-27 01:13:22] local.ERROR: SQLSTATE[HY000] [1698] Access denied for user 'root'@'localhost' (Connection: mysql, SQL: select * from `sessions` where `id` = vFekZgHTm3tbI5laPljOpwUsxmVi5Yy6RZ8uRK7Z limit 1) {"exception":"[object] (Illuminate\\Database\\QueryException(code: 1698): SQLSTATE[HY000] [1698] Access denied for user 'root'@'localhost' (Connection: mysql, SQL: select * from `sessions` where `id` = vFekZgHTm3tbI5laPljOpwUsxmVi5Yy6RZ8uRK7Z limit 1) at /home/dylontech/Downloads/SAAFCECEYT/vendor/laravel/framework/src/Illuminate/Database/Connection.php:825)
[stacktrace]
#0 /home/dylontech/Downloads/SAAFCECEYT/vendor/laravel/framework/src/Illuminate/Database/Connection.php(779): Illuminate\\Database\\Connection->runQueryCallback()
#1 /home/dylontech/Downloads/SAAFCECEYT/vendor/laravel/framework/src/Illuminate/Database/Connection.php(398): Illuminate\\Database\\Connection->run()
#2 /home/dylontech/Downloads/SAAFCECEYT/vendor/laravel/framework/src/Illuminate/Database/Query/Builder.php(3133): Illuminate\\Database\\Connection->select()
#3 /home/dylontech/Downloads/SAAFCECEYT/vendor/laravel/framework/src/Illuminate/Database/Query/Builder.php(3118): Illuminate\\Database\\Query\\Builder->runSelect()
#4 /home/dylontech/Downloads/SAAFCECEYT/vendor/laravel/framework/src/Illuminate/Database/Query/Builder.php(3706): Illuminate\\Database\\Query\\Builder->Illuminate\\Database\\Query\\{closure}()
#5 /home/dylontech/Downloads/SAAFCECEYT/vendor/laravel/framework/src/Illuminate/Database/Query/Builder.php(3117): Illuminate\\Database\\Query\\Builder->onceWithColumns()
#6 /home/dylontech/Downloads/SAAFCECEYT/vendor/laravel/framework/src/Illuminate/Database/Concerns/BuildsQueries.php(344): Illuminate\\Database\\Query\\Builder->get()
#7 /home/dylontech/Downloads/SAAFCECEYT/vendor/laravel/framework/src/Illuminate/Database/Query/Builder.php(3038): Illuminate\\Database\\Query\\Builder->first()
#8 /home/dylontech/Downloads/SAAFCECEYT/vendor/laravel/framework/src/Illuminate/Session/DatabaseSessionHandler.php(97): Illuminate\\Database\\Query\\Builder->find()
#9 /home/dylontech/Downloads/SAAFCECEYT/vendor/laravel/framework/src/Illuminate/Session/Store.php(113): Illuminate\\Session\\DatabaseSessionHandler->read()
#10 /home/dylontech/Downloads/SAAFCECEYT/vendor/laravel/framework/src/Illuminate/Session/Store.php(101): Illuminate\\Session\\Store->readFromHandler()
#11 /home/dylontech/Downloads/SAAFCECEYT/vendor/laravel/framework/src/Illuminate/Session/Store.php(85): Illuminate\\Session\\Store->loadSession()
#12 /home/dylontech/Downloads/SAAFCECEYT/vendor/laravel/framework/src/Illuminate/Session/Middleware/StartSession.php(147): Illuminate\\Session\\Store->start()
#13 /home/dylontech/Downloads/SAAFCECEYT/vendor/laravel/framework/src/Illuminate/Support/helpers.php(393): Illuminate\\Session\\Middleware\\StartSession->Illuminate\\Session\\Middleware\\{closure}()
#14 /home/dylontech/Downloads/SAAFCECEYT/vendor/laravel/framework/src/Illuminate/Session/Middleware/StartSession.php(144): tap()
#15 /home/dylontech/Downloads/SAAFCECEYT/vendor/laravel/framework/src/Illuminate/Session/Middleware/StartSession.php(116): Illuminate\\Session\\Middleware\\StartSession->startSession()
#16 /home/dylontech/Downloads/SAAFCECEYT/vendor/laravel/framework/src/Illuminate/Session/Middleware/StartSession.php(64): Illuminate\\Session\\Middleware\\StartSession->handleStatefulRequest()
#17 /home/dylontech/Downloads/SAAFCECEYT/vendor/laravel/framework/src/Illuminate/Pipeline/Pipeline.php(183): Illuminate\\Session\\Middleware\\StartSession->handle()
#18 /home/dylontech/Downloads/SAAFCECEYT/vendor/laravel/framework/src/Illuminate/Cookie/Middleware/AddQueuedCookiesToResponse.php(37): Illuminate\\Pipeline\\Pipeline->Illuminate\\Pipeline\\{closure}()
#19 /home/dylontech/Downloads/SAAFCECEYT/vendor/laravel/framework/src/Illuminate/Pipeline/Pipeline.php(183): Illuminate\\Cookie\\Middleware\\AddQueuedCookiesToResponse->handle()
#20 /home/dylontech/Downloads/SAAFCECEYT/vendor/laravel/framework/src/Illuminate/Cookie/Middleware/EncryptCookies.php(75): Illuminate\\Pipeline\\Pipeline->Illuminate\\Pipeline\\{closure}()
#21 /home/dylontech/Downloads/SAAFCECEYT/vendor/laravel/framework/src/Illuminate/Pipeline/Pipeline.php(183): Illuminate\\Cookie\\Middleware\\EncryptCookies->handle()
#22 /home/dylontech/Downloads/SAAFCECEYT/vendor/laravel/framework/src/Illuminate/Pipeline/Pipeline.php(119): Illuminate\\Pipeline\\Pipeline->Illuminate\\Pipeline\\{closure}()
#23 /home/dylontech/Downloads/SAAFCECEYT/vendor/laravel/framework/src/Illuminate/Routing/Router.php(807): Illuminate\\Pipeline\\Pipeline->then()
#24 /home/dylontech/Downloads/SAAFCECEYT/vendor/laravel/framework/src/Illuminate/Routing/Router.php(786): Illuminate\\Routing\\Router->runRouteWithinStack()
#25 /home/dylontech/Downloads/SAAFCECEYT/vendor/laravel/framework/src/Illuminate/Routing/Router.php(750): Illuminate\\Routing\\Router->runRoute()
#26 /home/dylontech/Downloads/SAAFCECEYT/vendor/laravel/framework/src/Illuminate/Routing/Router.php(739): Illuminate\\Routing\\Router->dispatchToRoute()
#27 /home/dylontech/Downloads/SAAFCECEYT/vendor/laravel/framework/src/Illuminate/Foundation/Http/Kernel.php(201): Illuminate\\Routing\\Router->dispatch()
#28 /home/dylontech/Downloads/SAAFCECEYT/vendor/laravel/framework/src/Illuminate/Pipeline/Pipeline.php(144): Illuminate\\Foundation\\Http\\Kernel->Illuminate\\Foundation\\Http\\{closure}()
#29 /home/dylontech/Downloads/SAAFCECEYT/vendor/laravel/framework/src/Illuminate/Foundation/Http/Middleware/TransformsRequest.php(21): Illuminate\\Pipeline\\Pipeline->Illuminate\\Pipeline\\{closure}()
#30 /home/dylontech/Downloads/SAAFCECEYT/vendor/laravel/framework/src/Illuminate/Foundation/Http/Middleware/ConvertEmptyStringsToNull.php(31): Illuminate\\Foundation\\Http\\Middleware\\TransformsRequest->handle()
#31 /home/dylontech/Downloads/SAAFCECEYT/vendor/laravel/framework/src/Illuminate/Pipeline/Pipeline.php(183): Illuminate\\Foundation\\Http\\Middleware\\ConvertEmptyStringsToNull->handle()
#32 /home/dylontech/Downloads/SAAFCECEYT/vendor/laravel/framework/src/Illuminate/Foundation/Http/Middleware/TransformsRequest.php(21): Illuminate\\Pipeline\\Pipeline->Illuminate\\Pipeline\\{closure}()
#33 /home/dylontech/Downloads/SAAFCECEYT/vendor/laravel/framework/src/Illuminate/Foundation/Http/Middleware/TrimStrings.php(51): Illuminate\\Foundation\\Http\\Middleware\\TransformsRequest->handle()
#34 /home/dylontech/Downloads/SAAFCECEYT/vendor/laravel/framework/src/Illuminate/Pipeline/Pipeline.php(183): Illuminate\\Foundation\\Http\\Middleware\\TrimStrings->handle()
#35 /home/dylontech/Downloads/SAAFCECEYT/vendor/laravel/framework/src/Illuminate/Http/Middleware/ValidatePostSize.php(27): Illuminate\\Pipeline\\Pipeline->Illuminate\\Pipeline\\{closure}()
#36 /home/dylontech/Downloads/SAAFCECEYT/vendor/laravel/framework/src/Illuminate/Pipeline/Pipeline.php(183): Illuminate\\Http\\Middleware\\ValidatePostSize->handle()
#37 /home/dylontech/Downloads/SAAFCECEYT/vendor/laravel/framework/src/Illuminate/Foundation/Http/Middleware/PreventRequestsDuringMaintenance.php(110): Illuminate\\Pipeline\\Pipeline->Illuminate\\Pipeline\\{closure}()
#38 /home/dylontech/Downloads/SAAFCECEYT/vendor/laravel/framework/src/Illuminate/Pipeline/Pipeline.php(183): Illuminate\\Foundation\\Http\\Middleware\\PreventRequestsDuringMaintenance->handle()
#39 /home/dylontech/Downloads/SAAFCECEYT/vendor/laravel/framework/src/Illuminate/Http/Middleware/HandleCors.php(49): Illuminate\\Pipeline\\Pipeline->Illuminate\\Pipeline\\{closure}()
#40 /home/dylontech/Downloads/SAAFCECEYT/vendor/laravel/framework/src/Illuminate/Pipeline/Pipeline.php(183): Illuminate\\Http\\Middleware\\HandleCors->handle()
#41 /home/dylontech/Downloads/SAAFCECEYT/vendor/laravel/framework/src/Illuminate/Http/Middleware/TrustProxies.php(58): Illuminate\\Pipeline\\Pipeline->Illuminate\\Pipeline\\{closure}()
#42 /home/dylontech/Downloads/SAAFCECEYT/vendor/laravel/framework/src/Illuminate/Pipeline/Pipeline.php(183): Illuminate\\Http\\Middleware\\TrustProxies->handle()
#43 /home/dylontech/Downloads/SAAFCECEYT/vendor/laravel/framework/src/Illuminate/Foundation/Http/Middleware/InvokeDeferredCallbacks.php(22): Illuminate\\Pipeline\\Pipeline->Illuminate\\Pipeline\\{closure}()
#44 /home/dylontech/Downloads/SAAFCECEYT/vendor/laravel/framework/src/Illuminate/Pipeline/Pipeline.php(183): Illuminate\\Foundation\\Http\\Middleware\\InvokeDeferredCallbacks->handle()
#45 /home/dylontech/Downloads/SAAFCECEYT/vendor/laravel/framework/src/Illuminate/Pipeline/Pipeline.php(119): Illuminate\\Pipeline\\Pipeline->Illuminate\\Pipeline\\{closure}()
#46 /home/dylontech/Downloads/SAAFCECEYT/vendor/laravel/framework/src/Illuminate/Foundation/Http/Kernel.php(176): Illuminate\\Pipeline\\Pipeline->then()
#47 /home/dylontech/Downloads/SAAFCECEYT/vendor/laravel/framework/src/Illuminate/Foundation/Http/Kernel.php(145): Illuminate\\Foundation\\Http\\Kernel->sendRequestThroughRouter()
#48 /home/dylontech/Downloads/SAAFCECEYT/vendor/laravel/framework/src/Illuminate/Foundation/Application.php(1190): Illuminate\\Foundation\\Http\\Kernel->handle()
#49 /home/dylontech/Downloads/SAAFCECEYT/public/index.php(17): Illuminate\\Foundation\\Application->handleRequest()
#50 /home/dylontech/Downloads/SAAFCECEYT/vendor/laravel/framework/src/Illuminate/Foundation/resources/server.php(23): require_once('...')
#51 {main}

[previous exception] [object] (PDOException(code: 1698): SQLSTATE[HY000] [1698] Access denied for user 'root'@'localhost' at /home/dylontech/Downloads/SAAFCECEYT/vendor/laravel/framework/src/Illuminate/Database/Connectors/Connector.php:66)
[stacktrace]
#0 /home/dylontech/Downloads/SAAFCECEYT/vendor/laravel/framework/src/Illuminate/Database/Connectors/Connector.php(66): PDO->__construct()
#1 /home/dylontech/Downloads/SAAFCECEYT/vendor/laravel/framework/src/Illuminate/Database/Connectors/Connector.php(44): Illuminate\\Database\\Connectors\\Connector->createPdoConnection()
#2 /home/dylontech/Downloads/SAAFCECEYT/vendor/laravel/framework/src/Illuminate/Database/Connectors/MySqlConnector.php(24): Illuminate\\Database\\Connectors\\Connector->createConnection()
#3 /home/dylontech/Downloads/SAAFCECEYT/vendor/laravel/framework/src/Illuminate/Database/Connectors/ConnectionFactory.php(185): Illuminate\\Database\\Connectors\\MySqlConnector->connect()
#4 [internal function]: Illuminate\\Database\\Connectors\\ConnectionFactory->Illuminate\\Database\\Connectors\\{closure}()
#5 /home/dylontech/Downloads/SAAFCECEYT/vendor/laravel/framework/src/Illuminate/Database/Connection.php(1231): call_user_func()
#6 /home/dylontech/Downloads/SAAFCECEYT/vendor/laravel/framework/src/Illuminate/Database/Connection.php(1267): Illuminate\\Database\\Connection->getPdo()
#7 /home/dylontech/Downloads/SAAFCECEYT/vendor/laravel/framework/src/Illuminate/Database/Connection.php(512): Illuminate\\Database\\Connection->getReadPdo()
#8 /home/dylontech/Downloads/SAAFCECEYT/vendor/laravel/framework/src/Illuminate/Database/Connection.php(407): Illuminate\\Database\\Connection->getPdoForSelect()
#9 /home/dylontech/Downloads/SAAFCECEYT/vendor/laravel/framework/src/Illuminate/Database/Connection.php(812): Illuminate\\Database\\Connection->Illuminate\\Database\\{closure}()
#10 /home/dylontech/Downloads/SAAFCECEYT/vendor/laravel/framework/src/Illuminate/Database/Connection.php(779): Illuminate\\Database\\Connection->runQueryCallback()
#11 /home/dylontech/Downloads/SAAFCECEYT/vendor/laravel/framework/src/Illuminate/Database/Connection.php(398): Illuminate\\Database\\Connection->run()
#12 /home/dylontech/Downloads/SAAFCECEYT/vendor/laravel/framework/src/Illuminate/Database/Query/Builder.php(3133): Illuminate\\Database\\Connection->select()
#13 /home/dylontech/Downloads/SAAFCECEYT/vendor/laravel/framework/src/Illuminate/Database/Query/Builder.php(3118): Illuminate\\Database\\Query\\Builder->runSelect()
#14 /home/dylontech/Downloads/SAAFCECEYT/vendor/laravel/framework/src/Illuminate/Database/Query/Builder.php(3706): Illuminate\\Database\\Query\\Builder->Illuminate\\Database\\Query\\{closure}()
#15 /home/dylontech/Downloads/SAAFCECEYT/vendor/laravel/framework/src/Illuminate/Database/Query/Builder.php(3117): Illuminate\\Database\\Query\\Builder->onceWithColumns()
#16 /home/dylontech/Downloads/SAAFCECEYT/vendor/laravel/framework/src/Illuminate/Database/Concerns/BuildsQueries.php(344): Illuminate\\Database\\Query\\Builder->get()
#17 /home/dylontech/Downloads/SAAFCECEYT/vendor/laravel/framework/src/Illuminate/Database/Query/Builder.php(3038): Illuminate\\Database\\Query\\Builder->first()
#18 /home/dylontech/Downloads/SAAFCECEYT/vendor/laravel/framework/src/Illuminate/Session/DatabaseSessionHandler.php(97): Illuminate\\Database\\Query\\Builder->find()
#19 /home/dylontech/Downloads/SAAFCECEYT/vendor/laravel/framework/src/Illuminate/Session/Store.php(113): Illuminate\\Session\\DatabaseSessionHandler->read()
#20 /home/dylontech/Downloads/SAAFCECEYT/vendor/laravel/framework/src/Illuminate/Session/Store.php(101): Illuminate\\Session\\Store->readFromHandler()
#21 /home/dylontech/Downloads/SAAFCECEYT/vendor/laravel/framework/src/Illuminate/Session/Store.php(85): Illuminate\\Session\\Store->loadSession()
#22 /home/dylontech/Downloads/SAAFCECEYT/vendor/laravel/framework/src/Illuminate/Session/Middleware/StartSession.php(147): Illuminate\\Session\\Store->start()
#23 /home/dylontech/Downloads/SAAFCECEYT/vendor/laravel/framework/src/Illuminate/Support/helpers.php(393): Illuminate\\Session\\Middleware\\StartSession->Illuminate\\Session\\Middleware\\{closure}()
#24 /home/dylontech/Downloads/SAAFCECEYT/vendor/laravel/framework/src/Illuminate/Session/Middleware/StartSession.php(144): tap()
#25 /home/dylontech/Downloads/SAAFCECEYT/vendor/laravel/framework/src/Illuminate/Session/Middleware/StartSession.php(116): Illuminate\\Session\\Middleware\\StartSession->startSession()
#26 /home/dylontech/Downloads/SAAFCECEYT/vendor/laravel/framework/src/Illuminate/Session/Middleware/StartSession.php(64): Illuminate\\Session\\Middleware\\StartSession->handleStatefulRequest()
#27 /home/dylontech/Downloads/SAAFCECEYT/vendor/laravel/framework/src/Illuminate/Pipeline/Pipeline.php(183): Illuminate\\Session\\Middleware\\StartSession->handle()
#28 /home/dylontech/Downloads/SAAFCECEYT/vendor/laravel/framework/src/Illuminate/Cookie/Middleware/AddQueuedCookiesToResponse.php(37): Illuminate\\Pipeline\\Pipeline->Illuminate\\Pipeline\\{closure}()
#29 /home/dylontech/Downloads/SAAFCECEYT/vendor/laravel/framework/src/Illuminate/Pipeline/Pipeline.php(183): Illuminate\\Cookie\\Middleware\\AddQueuedCookiesToResponse->handle()
#30 /home/dylontech/Downloads/SAAFCECEYT/vendor/laravel/framework/src/Illuminate/Cookie/Middleware/EncryptCookies.php(75): Illuminate\\Pipeline\\Pipeline->Illuminate\\Pipeline\\{closure}()
#31 /home/dylontech/Downloads/SAAFCECEYT/vendor/laravel/framework/src/Illuminate/Pipeline/Pipeline.php(183): Illuminate\\Cookie\\Middleware\\EncryptCookies->handle()
#32 /home/dylontech/Downloads/SAAFCECEYT/vendor/laravel/framework/src/Illuminate/Pipeline/Pipeline.php(119): Illuminate\\Pipeline\\Pipeline->Illuminate\\Pipeline\\{closure}()
#33 /home/dylontech/Downloads/SAAFCECEYT/vendor/laravel/framework/src/Illuminate/Routing/Router.php(807): Illuminate\\Pipeline\\Pipeline->then()
#34 /home/dylontech/Downloads/SAAFCECEYT/vendor/laravel/framework/src/Illuminate/Routing/Router.php(786): Illuminate\\Routing\\Router->runRouteWithinStack()
#35 /home/dylontech/Downloads/SAAFCECEYT/vendor/laravel/framework/src/Illuminate/Routing/Router.php(750): Illuminate\\Routing\\Router->runRoute()
#36 /home/dylontech/Downloads/SAAFCECEYT/vendor/laravel/framework/src/Illuminate/Routing/Router.php(739): Illuminate\\Routing\\Router->dispatchToRoute()
#37 /home/dylontech/Downloads/SAAFCECEYT/vendor/laravel/framework/src/Illuminate/Foundation/Http/Kernel.php(201): Illuminate\\Routing\\Router->dispatch()
#38 /home/dylontech/Downloads/SAAFCECEYT/vendor/laravel/framework/src/Illuminate/Pipeline/Pipeline.php(144): Illuminate\\Foundation\\Http\\Kernel->Illuminate\\Foundation\\Http\\{closure}()
#39 /home/dylontech/Downloads/SAAFCECEYT/vendor/laravel/framework/src/Illuminate/Foundation/Http/Middleware/TransformsRequest.php(21): Illuminate\\Pipeline\\Pipeline->Illuminate\\Pipeline\\{closure}()
#40 /home/dylontech/Downloads/SAAFCECEYT/vendor/laravel/framework/src/Illuminate/Foundation/Http/Middleware/ConvertEmptyStringsToNull.php(31): Illuminate\\Foundation\\Http\\Middleware\\TransformsRequest->handle()
#41 /home/dylontech/Downloads/SAAFCECEYT/vendor/laravel/framework/src/Illuminate/Pipeline/Pipeline.php(183): Illuminate\\Foundation\\Http\\Middleware\\ConvertEmptyStringsToNull->handle()
#42 /home/dylontech/Downloads/SAAFCECEYT/vendor/laravel/framework/src/Illuminate/Foundation/Http/Middleware/TransformsRequest.php(21): Illuminate\\Pipeline\\Pipeline->Illuminate\\Pipeline\\{closure}()
#43 /home/dylontech/Downloads/SAAFCECEYT/vendor/laravel/framework/src/Illuminate/Foundation/Http/Middleware/TrimStrings.php(51): Illuminate\\Foundation\\Http\\Middleware\\TransformsRequest->handle()
#44 /home/dylontech/Downloads/SAAFCECEYT/vendor/laravel/framework/src/Illuminate/Pipeline/Pipeline.php(183): Illuminate\\Foundation\\Http\\Middleware\\TrimStrings->handle()
#45 /home/dylontech/Downloads/SAAFCECEYT/vendor/laravel/framework/src/Illuminate/Http/Middleware/ValidatePostSize.php(27): Illuminate\\Pipeline\\Pipeline->Illuminate\\Pipeline\\{closure}()
#46 /home/dylontech/Downloads/SAAFCECEYT/vendor/laravel/framework/src/Illuminate/Pipeline/Pipeline.php(183): Illuminate\\Http\\Middleware\\ValidatePostSize->handle()
#47 /home/dylontech/Downloads/SAAFCECEYT/vendor/laravel/framework/src/Illuminate/Foundation/Http/Middleware/PreventRequestsDuringMaintenance.php(110): Illuminate\\Pipeline\\Pipeline->Illuminate\\Pipeline\\{closure}()
#48 /home/dylontech/Downloads/SAAFCECEYT/vendor/laravel/framework/src/Illuminate/Pipeline/Pipeline.php(183): Illuminate\\Foundation\\Http\\Middleware\\PreventRequestsDuringMaintenance->handle()
#49 /home/dylontech/Downloads/SAAFCECEYT/vendor/laravel/framework/src/Illuminate/Http/Middleware/HandleCors.php(49): Illuminate\\Pipeline\\Pipeline->Illuminate\\Pipeline\\{closure}()
#50 /home/dylontech/Downloads/SAAFCECEYT/vendor/laravel/framework/src/Illuminate/Pipeline/Pipeline.php(183): Illuminate\\Http\\Middleware\\HandleCors->handle()
#51 /home/dylontech/Downloads/SAAFCECEYT/vendor/laravel/framework/src/Illuminate/Http/Middleware/TrustProxies.php(58): Illuminate\\Pipeline\\Pipeline->Illuminate\\Pipeline\\{closure}()
#52 /home/dylontech/Downloads/SAAFCECEYT/vendor/laravel/framework/src/Illuminate/Pipeline/Pipeline.php(183): Illuminate\\Http\\Middleware\\TrustProxies->handle()
#53 /home/dylontech/Downloads/SAAFCECEYT/vendor/laravel/framework/src/Illuminate/Foundation/Http/Middleware/InvokeDeferredCallbacks.php(22): Illuminate\\Pipeline\\Pipeline->Illuminate\\Pipeline\\{closure}()
#54 /home/dylontech/Downloads/SAAFCECEYT/vendor/laravel/framework/src/Illuminate/Pipeline/Pipeline.php(183): Illuminate\\Foundation\\Http\\Middleware\\InvokeDeferredCallbacks->handle()
#55 /home/dylontech/Downloads/SAAFCECEYT/vendor/laravel/framework/src/Illuminate/Pipeline/Pipeline.php(119): Illuminate\\Pipeline\\Pipeline->Illuminate\\Pipeline\\{closure}()
#56 /home/dylontech/Downloads/SAAFCECEYT/vendor/laravel/framework/src/Illuminate/Foundation/Http/Kernel.php(176): Illuminate\\Pipeline\\Pipeline->then()
#57 /home/dylontech/Downloads/SAAFCECEYT/vendor/laravel/framework/src/Illuminate/Foundation/Http/Kernel.php(145): Illuminate\\Foundation\\Http\\Kernel->sendRequestThroughRouter()
#58 /home/dylontech/Downloads/SAAFCECEYT/vendor/laravel/framework/src/Illuminate/Foundation/Application.php(1190): Illuminate\\Foundation\\Http\\Kernel->handle()
#59 /home/dylontech/Downloads/SAAFCECEYT/public/index.php(17): Illuminate\\Foundation\\Application->handleRequest()
#60 /home/dylontech/Downloads/SAAFCECEYT/vendor/laravel/framework/src/Illuminate/Foundation/resources/server.php(23): require_once('...')
#61 {main}
"} 
[2025-08-27 01:15:56] local.ERROR: SQLSTATE[HY000] [1698] Access denied for user 'root'@'localhost' (Connection: mysql, SQL: select * from `sessions` where `id` = tcC3fdRP9iBtgdwWjYc8ZTykKSlP0VjBJ0yk26Tz limit 1) {"exception":"[object] (Illuminate\\Database\\QueryException(code: 1698): SQLSTATE[HY000] [1698] Access denied for user 'root'@'localhost' (Connection: mysql, SQL: select * from `sessions` where `id` = tcC3fdRP9iBtgdwWjYc8ZTykKSlP0VjBJ0yk26Tz limit 1) at /home/dylontech/Downloads/SAAFCECEYT/vendor/laravel/framework/src/Illuminate/Database/Connection.php:825)
[stacktrace]
#0 /home/dylontech/Downloads/SAAFCECEYT/vendor/laravel/framework/src/Illuminate/Database/Connection.php(779): Illuminate\\Database\\Connection->runQueryCallback()
#1 /home/dylontech/Downloads/SAAFCECEYT/vendor/laravel/framework/src/Illuminate/Database/Connection.php(398): Illuminate\\Database\\Connection->run()
#2 /home/dylontech/Downloads/SAAFCECEYT/vendor/laravel/framework/src/Illuminate/Database/Query/Builder.php(3133): Illuminate\\Database\\Connection->select()
#3 /home/dylontech/Downloads/SAAFCECEYT/vendor/laravel/framework/src/Illuminate/Database/Query/Builder.php(3118): Illuminate\\Database\\Query\\Builder->runSelect()
#4 /home/dylontech/Downloads/SAAFCECEYT/vendor/laravel/framework/src/Illuminate/Database/Query/Builder.php(3706): Illuminate\\Database\\Query\\Builder->Illuminate\\Database\\Query\\{closure}()
#5 /home/dylontech/Downloads/SAAFCECEYT/vendor/laravel/framework/src/Illuminate/Database/Query/Builder.php(3117): Illuminate\\Database\\Query\\Builder->onceWithColumns()
#6 /home/dylontech/Downloads/SAAFCECEYT/vendor/laravel/framework/src/Illuminate/Database/Concerns/BuildsQueries.php(344): Illuminate\\Database\\Query\\Builder->get()
#7 /home/dylontech/Downloads/SAAFCECEYT/vendor/laravel/framework/src/Illuminate/Database/Query/Builder.php(3038): Illuminate\\Database\\Query\\Builder->first()
#8 /home/dylontech/Downloads/SAAFCECEYT/vendor/laravel/framework/src/Illuminate/Session/DatabaseSessionHandler.php(97): Illuminate\\Database\\Query\\Builder->find()
#9 /home/dylontech/Downloads/SAAFCECEYT/vendor/laravel/framework/src/Illuminate/Session/Store.php(113): Illuminate\\Session\\DatabaseSessionHandler->read()
#10 /home/dylontech/Downloads/SAAFCECEYT/vendor/laravel/framework/src/Illuminate/Session/Store.php(101): Illuminate\\Session\\Store->readFromHandler()
#11 /home/dylontech/Downloads/SAAFCECEYT/vendor/laravel/framework/src/Illuminate/Session/Store.php(85): Illuminate\\Session\\Store->loadSession()
#12 /home/dylontech/Downloads/SAAFCECEYT/vendor/laravel/framework/src/Illuminate/Session/Middleware/StartSession.php(147): Illuminate\\Session\\Store->start()
#13 /home/dylontech/Downloads/SAAFCECEYT/vendor/laravel/framework/src/Illuminate/Support/helpers.php(393): Illuminate\\Session\\Middleware\\StartSession->Illuminate\\Session\\Middleware\\{closure}()
#14 /home/dylontech/Downloads/SAAFCECEYT/vendor/laravel/framework/src/Illuminate/Session/Middleware/StartSession.php(144): tap()
#15 /home/dylontech/Downloads/SAAFCECEYT/vendor/laravel/framework/src/Illuminate/Session/Middleware/StartSession.php(116): Illuminate\\Session\\Middleware\\StartSession->startSession()
#16 /home/dylontech/Downloads/SAAFCECEYT/vendor/laravel/framework/src/Illuminate/Session/Middleware/StartSession.php(64): Illuminate\\Session\\Middleware\\StartSession->handleStatefulRequest()
#17 /home/dylontech/Downloads/SAAFCECEYT/vendor/laravel/framework/src/Illuminate/Pipeline/Pipeline.php(183): Illuminate\\Session\\Middleware\\StartSession->handle()
#18 /home/dylontech/Downloads/SAAFCECEYT/vendor/laravel/framework/src/Illuminate/Cookie/Middleware/AddQueuedCookiesToResponse.php(37): Illuminate\\Pipeline\\Pipeline->Illuminate\\Pipeline\\{closure}()
#19 /home/dylontech/Downloads/SAAFCECEYT/vendor/laravel/framework/src/Illuminate/Pipeline/Pipeline.php(183): Illuminate\\Cookie\\Middleware\\AddQueuedCookiesToResponse->handle()
#20 /home/dylontech/Downloads/SAAFCECEYT/vendor/laravel/framework/src/Illuminate/Cookie/Middleware/EncryptCookies.php(75): Illuminate\\Pipeline\\Pipeline->Illuminate\\Pipeline\\{closure}()
#21 /home/dylontech/Downloads/SAAFCECEYT/vendor/laravel/framework/src/Illuminate/Pipeline/Pipeline.php(183): Illuminate\\Cookie\\Middleware\\EncryptCookies->handle()
#22 /home/dylontech/Downloads/SAAFCECEYT/vendor/laravel/framework/src/Illuminate/Pipeline/Pipeline.php(119): Illuminate\\Pipeline\\Pipeline->Illuminate\\Pipeline\\{closure}()
#23 /home/dylontech/Downloads/SAAFCECEYT/vendor/laravel/framework/src/Illuminate/Routing/Router.php(807): Illuminate\\Pipeline\\Pipeline->then()
#24 /home/dylontech/Downloads/SAAFCECEYT/vendor/laravel/framework/src/Illuminate/Routing/Router.php(786): Illuminate\\Routing\\Router->runRouteWithinStack()
#25 /home/dylontech/Downloads/SAAFCECEYT/vendor/laravel/framework/src/Illuminate/Routing/Router.php(750): Illuminate\\Routing\\Router->runRoute()
#26 /home/dylontech/Downloads/SAAFCECEYT/vendor/laravel/framework/src/Illuminate/Routing/Router.php(739): Illuminate\\Routing\\Router->dispatchToRoute()
#27 /home/dylontech/Downloads/SAAFCECEYT/vendor/laravel/framework/src/Illuminate/Foundation/Http/Kernel.php(201): Illuminate\\Routing\\Router->dispatch()
#28 /home/dylontech/Downloads/SAAFCECEYT/vendor/laravel/framework/src/Illuminate/Pipeline/Pipeline.php(144): Illuminate\\Foundation\\Http\\Kernel->Illuminate\\Foundation\\Http\\{closure}()
#29 /home/dylontech/Downloads/SAAFCECEYT/vendor/laravel/framework/src/Illuminate/Foundation/Http/Middleware/TransformsRequest.php(21): Illuminate\\Pipeline\\Pipeline->Illuminate\\Pipeline\\{closure}()
#30 /home/dylontech/Downloads/SAAFCECEYT/vendor/laravel/framework/src/Illuminate/Foundation/Http/Middleware/ConvertEmptyStringsToNull.php(31): Illuminate\\Foundation\\Http\\Middleware\\TransformsRequest->handle()
#31 /home/dylontech/Downloads/SAAFCECEYT/vendor/laravel/framework/src/Illuminate/Pipeline/Pipeline.php(183): Illuminate\\Foundation\\Http\\Middleware\\ConvertEmptyStringsToNull->handle()
#32 /home/dylontech/Downloads/SAAFCECEYT/vendor/laravel/framework/src/Illuminate/Foundation/Http/Middleware/TransformsRequest.php(21): Illuminate\\Pipeline\\Pipeline->Illuminate\\Pipeline\\{closure}()
#33 /home/dylontech/Downloads/SAAFCECEYT/vendor/laravel/framework/src/Illuminate/Foundation/Http/Middleware/TrimStrings.php(51): Illuminate\\Foundation\\Http\\Middleware\\TransformsRequest->handle()
#34 /home/dylontech/Downloads/SAAFCECEYT/vendor/laravel/framework/src/Illuminate/Pipeline/Pipeline.php(183): Illuminate\\Foundation\\Http\\Middleware\\TrimStrings->handle()
#35 /home/dylontech/Downloads/SAAFCECEYT/vendor/laravel/framework/src/Illuminate/Http/Middleware/ValidatePostSize.php(27): Illuminate\\Pipeline\\Pipeline->Illuminate\\Pipeline\\{closure}()
#36 /home/dylontech/Downloads/SAAFCECEYT/vendor/laravel/framework/src/Illuminate/Pipeline/Pipeline.php(183): Illuminate\\Http\\Middleware\\ValidatePostSize->handle()
#37 /home/dylontech/Downloads/SAAFCECEYT/vendor/laravel/framework/src/Illuminate/Foundation/Http/Middleware/PreventRequestsDuringMaintenance.php(110): Illuminate\\Pipeline\\Pipeline->Illuminate\\Pipeline\\{closure}()
#38 /home/dylontech/Downloads/SAAFCECEYT/vendor/laravel/framework/src/Illuminate/Pipeline/Pipeline.php(183): Illuminate\\Foundation\\Http\\Middleware\\PreventRequestsDuringMaintenance->handle()
#39 /home/dylontech/Downloads/SAAFCECEYT/vendor/laravel/framework/src/Illuminate/Http/Middleware/HandleCors.php(49): Illuminate\\Pipeline\\Pipeline->Illuminate\\Pipeline\\{closure}()
#40 /home/dylontech/Downloads/SAAFCECEYT/vendor/laravel/framework/src/Illuminate/Pipeline/Pipeline.php(183): Illuminate\\Http\\Middleware\\HandleCors->handle()
#41 /home/dylontech/Downloads/SAAFCECEYT/vendor/laravel/framework/src/Illuminate/Http/Middleware/TrustProxies.php(58): Illuminate\\Pipeline\\Pipeline->Illuminate\\Pipeline\\{closure}()
#42 /home/dylontech/Downloads/SAAFCECEYT/vendor/laravel/framework/src/Illuminate/Pipeline/Pipeline.php(183): Illuminate\\Http\\Middleware\\TrustProxies->handle()
#43 /home/dylontech/Downloads/SAAFCECEYT/vendor/laravel/framework/src/Illuminate/Foundation/Http/Middleware/InvokeDeferredCallbacks.php(22): Illuminate\\Pipeline\\Pipeline->Illuminate\\Pipeline\\{closure}()
#44 /home/dylontech/Downloads/SAAFCECEYT/vendor/laravel/framework/src/Illuminate/Pipeline/Pipeline.php(183): Illuminate\\Foundation\\Http\\Middleware\\InvokeDeferredCallbacks->handle()
#45 /home/dylontech/Downloads/SAAFCECEYT/vendor/laravel/framework/src/Illuminate/Pipeline/Pipeline.php(119): Illuminate\\Pipeline\\Pipeline->Illuminate\\Pipeline\\{closure}()
#46 /home/dylontech/Downloads/SAAFCECEYT/vendor/laravel/framework/src/Illuminate/Foundation/Http/Kernel.php(176): Illuminate\\Pipeline\\Pipeline->then()
#47 /home/dylontech/Downloads/SAAFCECEYT/vendor/laravel/framework/src/Illuminate/Foundation/Http/Kernel.php(145): Illuminate\\Foundation\\Http\\Kernel->sendRequestThroughRouter()
#48 /home/dylontech/Downloads/SAAFCECEYT/vendor/laravel/framework/src/Illuminate/Foundation/Application.php(1190): Illuminate\\Foundation\\Http\\Kernel->handle()
#49 /home/dylontech/Downloads/SAAFCECEYT/public/index.php(17): Illuminate\\Foundation\\Application->handleRequest()
#50 /home/dylontech/Downloads/SAAFCECEYT/vendor/laravel/framework/src/Illuminate/Foundation/resources/server.php(23): require_once('...')
#51 {main}

[previous exception] [object] (PDOException(code: 1698): SQLSTATE[HY000] [1698] Access denied for user 'root'@'localhost' at /home/dylontech/Downloads/SAAFCECEYT/vendor/laravel/framework/src/Illuminate/Database/Connectors/Connector.php:66)
[stacktrace]
#0 /home/dylontech/Downloads/SAAFCECEYT/vendor/laravel/framework/src/Illuminate/Database/Connectors/Connector.php(66): PDO->__construct()
#1 /home/dylontech/Downloads/SAAFCECEYT/vendor/laravel/framework/src/Illuminate/Database/Connectors/Connector.php(44): Illuminate\\Database\\Connectors\\Connector->createPdoConnection()
#2 /home/dylontech/Downloads/SAAFCECEYT/vendor/laravel/framework/src/Illuminate/Database/Connectors/MySqlConnector.php(24): Illuminate\\Database\\Connectors\\Connector->createConnection()
#3 /home/dylontech/Downloads/SAAFCECEYT/vendor/laravel/framework/src/Illuminate/Database/Connectors/ConnectionFactory.php(185): Illuminate\\Database\\Connectors\\MySqlConnector->connect()
#4 [internal function]: Illuminate\\Database\\Connectors\\ConnectionFactory->Illuminate\\Database\\Connectors\\{closure}()
#5 /home/dylontech/Downloads/SAAFCECEYT/vendor/laravel/framework/src/Illuminate/Database/Connection.php(1231): call_user_func()
#6 /home/dylontech/Downloads/SAAFCECEYT/vendor/laravel/framework/src/Illuminate/Database/Connection.php(1267): Illuminate\\Database\\Connection->getPdo()
#7 /home/dylontech/Downloads/SAAFCECEYT/vendor/laravel/framework/src/Illuminate/Database/Connection.php(512): Illuminate\\Database\\Connection->getReadPdo()
#8 /home/dylontech/Downloads/SAAFCECEYT/vendor/laravel/framework/src/Illuminate/Database/Connection.php(407): Illuminate\\Database\\Connection->getPdoForSelect()
#9 /home/dylontech/Downloads/SAAFCECEYT/vendor/laravel/framework/src/Illuminate/Database/Connection.php(812): Illuminate\\Database\\Connection->Illuminate\\Database\\{closure}()
#10 /home/dylontech/Downloads/SAAFCECEYT/vendor/laravel/framework/src/Illuminate/Database/Connection.php(779): Illuminate\\Database\\Connection->runQueryCallback()
#11 /home/dylontech/Downloads/SAAFCECEYT/vendor/laravel/framework/src/Illuminate/Database/Connection.php(398): Illuminate\\Database\\Connection->run()
#12 /home/dylontech/Downloads/SAAFCECEYT/vendor/laravel/framework/src/Illuminate/Database/Query/Builder.php(3133): Illuminate\\Database\\Connection->select()
#13 /home/dylontech/Downloads/SAAFCECEYT/vendor/laravel/framework/src/Illuminate/Database/Query/Builder.php(3118): Illuminate\\Database\\Query\\Builder->runSelect()
#14 /home/dylontech/Downloads/SAAFCECEYT/vendor/laravel/framework/src/Illuminate/Database/Query/Builder.php(3706): Illuminate\\Database\\Query\\Builder->Illuminate\\Database\\Query\\{closure}()
#15 /home/dylontech/Downloads/SAAFCECEYT/vendor/laravel/framework/src/Illuminate/Database/Query/Builder.php(3117): Illuminate\\Database\\Query\\Builder->onceWithColumns()
#16 /home/dylontech/Downloads/SAAFCECEYT/vendor/laravel/framework/src/Illuminate/Database/Concerns/BuildsQueries.php(344): Illuminate\\Database\\Query\\Builder->get()
#17 /home/dylontech/Downloads/SAAFCECEYT/vendor/laravel/framework/src/Illuminate/Database/Query/Builder.php(3038): Illuminate\\Database\\Query\\Builder->first()
#18 /home/dylontech/Downloads/SAAFCECEYT/vendor/laravel/framework/src/Illuminate/Session/DatabaseSessionHandler.php(97): Illuminate\\Database\\Query\\Builder->find()
#19 /home/dylontech/Downloads/SAAFCECEYT/vendor/laravel/framework/src/Illuminate/Session/Store.php(113): Illuminate\\Session\\DatabaseSessionHandler->read()
#20 /home/dylontech/Downloads/SAAFCECEYT/vendor/laravel/framework/src/Illuminate/Session/Store.php(101): Illuminate\\Session\\Store->readFromHandler()
#21 /home/dylontech/Downloads/SAAFCECEYT/vendor/laravel/framework/src/Illuminate/Session/Store.php(85): Illuminate\\Session\\Store->loadSession()
#22 /home/dylontech/Downloads/SAAFCECEYT/vendor/laravel/framework/src/Illuminate/Session/Middleware/StartSession.php(147): Illuminate\\Session\\Store->start()
#23 /home/dylontech/Downloads/SAAFCECEYT/vendor/laravel/framework/src/Illuminate/Support/helpers.php(393): Illuminate\\Session\\Middleware\\StartSession->Illuminate\\Session\\Middleware\\{closure}()
#24 /home/dylontech/Downloads/SAAFCECEYT/vendor/laravel/framework/src/Illuminate/Session/Middleware/StartSession.php(144): tap()
#25 /home/dylontech/Downloads/SAAFCECEYT/vendor/laravel/framework/src/Illuminate/Session/Middleware/StartSession.php(116): Illuminate\\Session\\Middleware\\StartSession->startSession()
#26 /home/dylontech/Downloads/SAAFCECEYT/vendor/laravel/framework/src/Illuminate/Session/Middleware/StartSession.php(64): Illuminate\\Session\\Middleware\\StartSession->handleStatefulRequest()
#27 /home/dylontech/Downloads/SAAFCECEYT/vendor/laravel/framework/src/Illuminate/Pipeline/Pipeline.php(183): Illuminate\\Session\\Middleware\\StartSession->handle()
#28 /home/dylontech/Downloads/SAAFCECEYT/vendor/laravel/framework/src/Illuminate/Cookie/Middleware/AddQueuedCookiesToResponse.php(37): Illuminate\\Pipeline\\Pipeline->Illuminate\\Pipeline\\{closure}()
#29 /home/dylontech/Downloads/SAAFCECEYT/vendor/laravel/framework/src/Illuminate/Pipeline/Pipeline.php(183): Illuminate\\Cookie\\Middleware\\AddQueuedCookiesToResponse->handle()
#30 /home/dylontech/Downloads/SAAFCECEYT/vendor/laravel/framework/src/Illuminate/Cookie/Middleware/EncryptCookies.php(75): Illuminate\\Pipeline\\Pipeline->Illuminate\\Pipeline\\{closure}()
#31 /home/dylontech/Downloads/SAAFCECEYT/vendor/laravel/framework/src/Illuminate/Pipeline/Pipeline.php(183): Illuminate\\Cookie\\Middleware\\EncryptCookies->handle()
#32 /home/dylontech/Downloads/SAAFCECEYT/vendor/laravel/framework/src/Illuminate/Pipeline/Pipeline.php(119): Illuminate\\Pipeline\\Pipeline->Illuminate\\Pipeline\\{closure}()
#33 /home/dylontech/Downloads/SAAFCECEYT/vendor/laravel/framework/src/Illuminate/Routing/Router.php(807): Illuminate\\Pipeline\\Pipeline->then()
#34 /home/dylontech/Downloads/SAAFCECEYT/vendor/laravel/framework/src/Illuminate/Routing/Router.php(786): Illuminate\\Routing\\Router->runRouteWithinStack()
#35 /home/dylontech/Downloads/SAAFCECEYT/vendor/laravel/framework/src/Illuminate/Routing/Router.php(750): Illuminate\\Routing\\Router->runRoute()
#36 /home/dylontech/Downloads/SAAFCECEYT/vendor/laravel/framework/src/Illuminate/Routing/Router.php(739): Illuminate\\Routing\\Router->dispatchToRoute()
#37 /home/dylontech/Downloads/SAAFCECEYT/vendor/laravel/framework/src/Illuminate/Foundation/Http/Kernel.php(201): Illuminate\\Routing\\Router->dispatch()
#38 /home/dylontech/Downloads/SAAFCECEYT/vendor/laravel/framework/src/Illuminate/Pipeline/Pipeline.php(144): Illuminate\\Foundation\\Http\\Kernel->Illuminate\\Foundation\\Http\\{closure}()
#39 /home/dylontech/Downloads/SAAFCECEYT/vendor/laravel/framework/src/Illuminate/Foundation/Http/Middleware/TransformsRequest.php(21): Illuminate\\Pipeline\\Pipeline->Illuminate\\Pipeline\\{closure}()
#40 /home/dylontech/Downloads/SAAFCECEYT/vendor/laravel/framework/src/Illuminate/Foundation/Http/Middleware/ConvertEmptyStringsToNull.php(31): Illuminate\\Foundation\\Http\\Middleware\\TransformsRequest->handle()
#41 /home/dylontech/Downloads/SAAFCECEYT/vendor/laravel/framework/src/Illuminate/Pipeline/Pipeline.php(183): Illuminate\\Foundation\\Http\\Middleware\\ConvertEmptyStringsToNull->handle()
#42 /home/dylontech/Downloads/SAAFCECEYT/vendor/laravel/framework/src/Illuminate/Foundation/Http/Middleware/TransformsRequest.php(21): Illuminate\\Pipeline\\Pipeline->Illuminate\\Pipeline\\{closure}()
#43 /home/dylontech/Downloads/SAAFCECEYT/vendor/laravel/framework/src/Illuminate/Foundation/Http/Middleware/TrimStrings.php(51): Illuminate\\Foundation\\Http\\Middleware\\TransformsRequest->handle()
#44 /home/dylontech/Downloads/SAAFCECEYT/vendor/laravel/framework/src/Illuminate/Pipeline/Pipeline.php(183): Illuminate\\Foundation\\Http\\Middleware\\TrimStrings->handle()
#45 /home/dylontech/Downloads/SAAFCECEYT/vendor/laravel/framework/src/Illuminate/Http/Middleware/ValidatePostSize.php(27): Illuminate\\Pipeline\\Pipeline->Illuminate\\Pipeline\\{closure}()
#46 /home/dylontech/Downloads/SAAFCECEYT/vendor/laravel/framework/src/Illuminate/Pipeline/Pipeline.php(183): Illuminate\\Http\\Middleware\\ValidatePostSize->handle()
#47 /home/dylontech/Downloads/SAAFCECEYT/vendor/laravel/framework/src/Illuminate/Foundation/Http/Middleware/PreventRequestsDuringMaintenance.php(110): Illuminate\\Pipeline\\Pipeline->Illuminate\\Pipeline\\{closure}()
#48 /home/dylontech/Downloads/SAAFCECEYT/vendor/laravel/framework/src/Illuminate/Pipeline/Pipeline.php(183): Illuminate\\Foundation\\Http\\Middleware\\PreventRequestsDuringMaintenance->handle()
#49 /home/dylontech/Downloads/SAAFCECEYT/vendor/laravel/framework/src/Illuminate/Http/Middleware/HandleCors.php(49): Illuminate\\Pipeline\\Pipeline->Illuminate\\Pipeline\\{closure}()
#50 /home/dylontech/Downloads/SAAFCECEYT/vendor/laravel/framework/src/Illuminate/Pipeline/Pipeline.php(183): Illuminate\\Http\\Middleware\\HandleCors->handle()
#51 /home/dylontech/Downloads/SAAFCECEYT/vendor/laravel/framework/src/Illuminate/Http/Middleware/TrustProxies.php(58): Illuminate\\Pipeline\\Pipeline->Illuminate\\Pipeline\\{closure}()
#52 /home/dylontech/Downloads/SAAFCECEYT/vendor/laravel/framework/src/Illuminate/Pipeline/Pipeline.php(183): Illuminate\\Http\\Middleware\\TrustProxies->handle()
#53 /home/dylontech/Downloads/SAAFCECEYT/vendor/laravel/framework/src/Illuminate/Foundation/Http/Middleware/InvokeDeferredCallbacks.php(22): Illuminate\\Pipeline\\Pipeline->Illuminate\\Pipeline\\{closure}()
#54 /home/dylontech/Downloads/SAAFCECEYT/vendor/laravel/framework/src/Illuminate/Pipeline/Pipeline.php(183): Illuminate\\Foundation\\Http\\Middleware\\InvokeDeferredCallbacks->handle()
#55 /home/dylontech/Downloads/SAAFCECEYT/vendor/laravel/framework/src/Illuminate/Pipeline/Pipeline.php(119): Illuminate\\Pipeline\\Pipeline->Illuminate\\Pipeline\\{closure}()
#56 /home/dylontech/Downloads/SAAFCECEYT/vendor/laravel/framework/src/Illuminate/Foundation/Http/Kernel.php(176): Illuminate\\Pipeline\\Pipeline->then()
#57 /home/dylontech/Downloads/SAAFCECEYT/vendor/laravel/framework/src/Illuminate/Foundation/Http/Kernel.php(145): Illuminate\\Foundation\\Http\\Kernel->sendRequestThroughRouter()
#58 /home/dylontech/Downloads/SAAFCECEYT/vendor/laravel/framework/src/Illuminate/Foundation/Application.php(1190): Illuminate\\Foundation\\Http\\Kernel->handle()
#59 /home/dylontech/Downloads/SAAFCECEYT/public/index.php(17): Illuminate\\Foundation\\Application->handleRequest()
#60 /home/dylontech/Downloads/SAAFCECEYT/vendor/laravel/framework/src/Illuminate/Foundation/resources/server.php(23): require_once('...')
#61 {main}
"} 
[2025-08-27 01:21:52] local.ERROR: SQLSTATE[HY000] [1698] Access denied for user 'root'@'localhost' (Connection: mysql, SQL: select * from `sessions` where `id` = tcC3fdRP9iBtgdwWjYc8ZTykKSlP0VjBJ0yk26Tz limit 1) {"exception":"[object] (Illuminate\\Database\\QueryException(code: 1698): SQLSTATE[HY000] [1698] Access denied for user 'root'@'localhost' (Connection: mysql, SQL: select * from `sessions` where `id` = tcC3fdRP9iBtgdwWjYc8ZTykKSlP0VjBJ0yk26Tz limit 1) at /home/dylontech/Downloads/SAAFCECEYT/vendor/laravel/framework/src/Illuminate/Database/Connection.php:825)
[stacktrace]
#0 /home/dylontech/Downloads/SAAFCECEYT/vendor/laravel/framework/src/Illuminate/Database/Connection.php(779): Illuminate\\Database\\Connection->runQueryCallback()
#1 /home/dylontech/Downloads/SAAFCECEYT/vendor/laravel/framework/src/Illuminate/Database/Connection.php(398): Illuminate\\Database\\Connection->run()
#2 /home/dylontech/Downloads/SAAFCECEYT/vendor/laravel/framework/src/Illuminate/Database/Query/Builder.php(3133): Illuminate\\Database\\Connection->select()
#3 /home/dylontech/Downloads/SAAFCECEYT/vendor/laravel/framework/src/Illuminate/Database/Query/Builder.php(3118): Illuminate\\Database\\Query\\Builder->runSelect()
#4 /home/dylontech/Downloads/SAAFCECEYT/vendor/laravel/framework/src/Illuminate/Database/Query/Builder.php(3706): Illuminate\\Database\\Query\\Builder->Illuminate\\Database\\Query\\{closure}()
#5 /home/dylontech/Downloads/SAAFCECEYT/vendor/laravel/framework/src/Illuminate/Database/Query/Builder.php(3117): Illuminate\\Database\\Query\\Builder->onceWithColumns()
#6 /home/dylontech/Downloads/SAAFCECEYT/vendor/laravel/framework/src/Illuminate/Database/Concerns/BuildsQueries.php(344): Illuminate\\Database\\Query\\Builder->get()
#7 /home/dylontech/Downloads/SAAFCECEYT/vendor/laravel/framework/src/Illuminate/Database/Query/Builder.php(3038): Illuminate\\Database\\Query\\Builder->first()
#8 /home/dylontech/Downloads/SAAFCECEYT/vendor/laravel/framework/src/Illuminate/Session/DatabaseSessionHandler.php(97): Illuminate\\Database\\Query\\Builder->find()
#9 /home/dylontech/Downloads/SAAFCECEYT/vendor/laravel/framework/src/Illuminate/Session/Store.php(113): Illuminate\\Session\\DatabaseSessionHandler->read()
#10 /home/dylontech/Downloads/SAAFCECEYT/vendor/laravel/framework/src/Illuminate/Session/Store.php(101): Illuminate\\Session\\Store->readFromHandler()
#11 /home/dylontech/Downloads/SAAFCECEYT/vendor/laravel/framework/src/Illuminate/Session/Store.php(85): Illuminate\\Session\\Store->loadSession()
#12 /home/dylontech/Downloads/SAAFCECEYT/vendor/laravel/framework/src/Illuminate/Session/Middleware/StartSession.php(147): Illuminate\\Session\\Store->start()
#13 /home/dylontech/Downloads/SAAFCECEYT/vendor/laravel/framework/src/Illuminate/Support/helpers.php(393): Illuminate\\Session\\Middleware\\StartSession->Illuminate\\Session\\Middleware\\{closure}()
#14 /home/dylontech/Downloads/SAAFCECEYT/vendor/laravel/framework/src/Illuminate/Session/Middleware/StartSession.php(144): tap()
#15 /home/dylontech/Downloads/SAAFCECEYT/vendor/laravel/framework/src/Illuminate/Session/Middleware/StartSession.php(116): Illuminate\\Session\\Middleware\\StartSession->startSession()
#16 /home/dylontech/Downloads/SAAFCECEYT/vendor/laravel/framework/src/Illuminate/Session/Middleware/StartSession.php(64): Illuminate\\Session\\Middleware\\StartSession->handleStatefulRequest()
#17 /home/dylontech/Downloads/SAAFCECEYT/vendor/laravel/framework/src/Illuminate/Pipeline/Pipeline.php(183): Illuminate\\Session\\Middleware\\StartSession->handle()
#18 /home/dylontech/Downloads/SAAFCECEYT/vendor/laravel/framework/src/Illuminate/Cookie/Middleware/AddQueuedCookiesToResponse.php(37): Illuminate\\Pipeline\\Pipeline->Illuminate\\Pipeline\\{closure}()
#19 /home/dylontech/Downloads/SAAFCECEYT/vendor/laravel/framework/src/Illuminate/Pipeline/Pipeline.php(183): Illuminate\\Cookie\\Middleware\\AddQueuedCookiesToResponse->handle()
#20 /home/dylontech/Downloads/SAAFCECEYT/vendor/laravel/framework/src/Illuminate/Cookie/Middleware/EncryptCookies.php(75): Illuminate\\Pipeline\\Pipeline->Illuminate\\Pipeline\\{closure}()
#21 /home/dylontech/Downloads/SAAFCECEYT/vendor/laravel/framework/src/Illuminate/Pipeline/Pipeline.php(183): Illuminate\\Cookie\\Middleware\\EncryptCookies->handle()
#22 /home/dylontech/Downloads/SAAFCECEYT/vendor/laravel/framework/src/Illuminate/Pipeline/Pipeline.php(119): Illuminate\\Pipeline\\Pipeline->Illuminate\\Pipeline\\{closure}()
#23 /home/dylontech/Downloads/SAAFCECEYT/vendor/laravel/framework/src/Illuminate/Routing/Router.php(807): Illuminate\\Pipeline\\Pipeline->then()
#24 /home/dylontech/Downloads/SAAFCECEYT/vendor/laravel/framework/src/Illuminate/Routing/Router.php(786): Illuminate\\Routing\\Router->runRouteWithinStack()
#25 /home/dylontech/Downloads/SAAFCECEYT/vendor/laravel/framework/src/Illuminate/Routing/Router.php(750): Illuminate\\Routing\\Router->runRoute()
#26 /home/dylontech/Downloads/SAAFCECEYT/vendor/laravel/framework/src/Illuminate/Routing/Router.php(739): Illuminate\\Routing\\Router->dispatchToRoute()
#27 /home/dylontech/Downloads/SAAFCECEYT/vendor/laravel/framework/src/Illuminate/Foundation/Http/Kernel.php(201): Illuminate\\Routing\\Router->dispatch()
#28 /home/dylontech/Downloads/SAAFCECEYT/vendor/laravel/framework/src/Illuminate/Pipeline/Pipeline.php(144): Illuminate\\Foundation\\Http\\Kernel->Illuminate\\Foundation\\Http\\{closure}()
#29 /home/dylontech/Downloads/SAAFCECEYT/vendor/laravel/framework/src/Illuminate/Foundation/Http/Middleware/TransformsRequest.php(21): Illuminate\\Pipeline\\Pipeline->Illuminate\\Pipeline\\{closure}()
#30 /home/dylontech/Downloads/SAAFCECEYT/vendor/laravel/framework/src/Illuminate/Foundation/Http/Middleware/ConvertEmptyStringsToNull.php(31): Illuminate\\Foundation\\Http\\Middleware\\TransformsRequest->handle()
#31 /home/dylontech/Downloads/SAAFCECEYT/vendor/laravel/framework/src/Illuminate/Pipeline/Pipeline.php(183): Illuminate\\Foundation\\Http\\Middleware\\ConvertEmptyStringsToNull->handle()
#32 /home/dylontech/Downloads/SAAFCECEYT/vendor/laravel/framework/src/Illuminate/Foundation/Http/Middleware/TransformsRequest.php(21): Illuminate\\Pipeline\\Pipeline->Illuminate\\Pipeline\\{closure}()
#33 /home/dylontech/Downloads/SAAFCECEYT/vendor/laravel/framework/src/Illuminate/Foundation/Http/Middleware/TrimStrings.php(51): Illuminate\\Foundation\\Http\\Middleware\\TransformsRequest->handle()
#34 /home/dylontech/Downloads/SAAFCECEYT/vendor/laravel/framework/src/Illuminate/Pipeline/Pipeline.php(183): Illuminate\\Foundation\\Http\\Middleware\\TrimStrings->handle()
#35 /home/dylontech/Downloads/SAAFCECEYT/vendor/laravel/framework/src/Illuminate/Http/Middleware/ValidatePostSize.php(27): Illuminate\\Pipeline\\Pipeline->Illuminate\\Pipeline\\{closure}()
#36 /home/dylontech/Downloads/SAAFCECEYT/vendor/laravel/framework/src/Illuminate/Pipeline/Pipeline.php(183): Illuminate\\Http\\Middleware\\ValidatePostSize->handle()
#37 /home/dylontech/Downloads/SAAFCECEYT/vendor/laravel/framework/src/Illuminate/Foundation/Http/Middleware/PreventRequestsDuringMaintenance.php(110): Illuminate\\Pipeline\\Pipeline->Illuminate\\Pipeline\\{closure}()
#38 /home/dylontech/Downloads/SAAFCECEYT/vendor/laravel/framework/src/Illuminate/Pipeline/Pipeline.php(183): Illuminate\\Foundation\\Http\\Middleware\\PreventRequestsDuringMaintenance->handle()
#39 /home/dylontech/Downloads/SAAFCECEYT/vendor/laravel/framework/src/Illuminate/Http/Middleware/HandleCors.php(49): Illuminate\\Pipeline\\Pipeline->Illuminate\\Pipeline\\{closure}()
#40 /home/dylontech/Downloads/SAAFCECEYT/vendor/laravel/framework/src/Illuminate/Pipeline/Pipeline.php(183): Illuminate\\Http\\Middleware\\HandleCors->handle()
#41 /home/dylontech/Downloads/SAAFCECEYT/vendor/laravel/framework/src/Illuminate/Http/Middleware/TrustProxies.php(58): Illuminate\\Pipeline\\Pipeline->Illuminate\\Pipeline\\{closure}()
#42 /home/dylontech/Downloads/SAAFCECEYT/vendor/laravel/framework/src/Illuminate/Pipeline/Pipeline.php(183): Illuminate\\Http\\Middleware\\TrustProxies->handle()
#43 /home/dylontech/Downloads/SAAFCECEYT/vendor/laravel/framework/src/Illuminate/Foundation/Http/Middleware/InvokeDeferredCallbacks.php(22): Illuminate\\Pipeline\\Pipeline->Illuminate\\Pipeline\\{closure}()
#44 /home/dylontech/Downloads/SAAFCECEYT/vendor/laravel/framework/src/Illuminate/Pipeline/Pipeline.php(183): Illuminate\\Foundation\\Http\\Middleware\\InvokeDeferredCallbacks->handle()
#45 /home/dylontech/Downloads/SAAFCECEYT/vendor/laravel/framework/src/Illuminate/Pipeline/Pipeline.php(119): Illuminate\\Pipeline\\Pipeline->Illuminate\\Pipeline\\{closure}()
#46 /home/dylontech/Downloads/SAAFCECEYT/vendor/laravel/framework/src/Illuminate/Foundation/Http/Kernel.php(176): Illuminate\\Pipeline\\Pipeline->then()
#47 /home/dylontech/Downloads/SAAFCECEYT/vendor/laravel/framework/src/Illuminate/Foundation/Http/Kernel.php(145): Illuminate\\Foundation\\Http\\Kernel->sendRequestThroughRouter()
#48 /home/dylontech/Downloads/SAAFCECEYT/vendor/laravel/framework/src/Illuminate/Foundation/Application.php(1190): Illuminate\\Foundation\\Http\\Kernel->handle()
#49 /home/dylontech/Downloads/SAAFCECEYT/public/index.php(17): Illuminate\\Foundation\\Application->handleRequest()
#50 /home/dylontech/Downloads/SAAFCECEYT/vendor/laravel/framework/src/Illuminate/Foundation/resources/server.php(23): require_once('...')
#51 {main}

[previous exception] [object] (PDOException(code: 1698): SQLSTATE[HY000] [1698] Access denied for user 'root'@'localhost' at /home/dylontech/Downloads/SAAFCECEYT/vendor/laravel/framework/src/Illuminate/Database/Connectors/Connector.php:66)
[stacktrace]
#0 /home/dylontech/Downloads/SAAFCECEYT/vendor/laravel/framework/src/Illuminate/Database/Connectors/Connector.php(66): PDO->__construct()
#1 /home/dylontech/Downloads/SAAFCECEYT/vendor/laravel/framework/src/Illuminate/Database/Connectors/Connector.php(44): Illuminate\\Database\\Connectors\\Connector->createPdoConnection()
#2 /home/dylontech/Downloads/SAAFCECEYT/vendor/laravel/framework/src/Illuminate/Database/Connectors/MySqlConnector.php(24): Illuminate\\Database\\Connectors\\Connector->createConnection()
#3 /home/dylontech/Downloads/SAAFCECEYT/vendor/laravel/framework/src/Illuminate/Database/Connectors/ConnectionFactory.php(185): Illuminate\\Database\\Connectors\\MySqlConnector->connect()
#4 [internal function]: Illuminate\\Database\\Connectors\\ConnectionFactory->Illuminate\\Database\\Connectors\\{closure}()
#5 /home/dylontech/Downloads/SAAFCECEYT/vendor/laravel/framework/src/Illuminate/Database/Connection.php(1231): call_user_func()
#6 /home/dylontech/Downloads/SAAFCECEYT/vendor/laravel/framework/src/Illuminate/Database/Connection.php(1267): Illuminate\\Database\\Connection->getPdo()
#7 /home/dylontech/Downloads/SAAFCECEYT/vendor/laravel/framework/src/Illuminate/Database/Connection.php(512): Illuminate\\Database\\Connection->getReadPdo()
#8 /home/dylontech/Downloads/SAAFCECEYT/vendor/laravel/framework/src/Illuminate/Database/Connection.php(407): Illuminate\\Database\\Connection->getPdoForSelect()
#9 /home/dylontech/Downloads/SAAFCECEYT/vendor/laravel/framework/src/Illuminate/Database/Connection.php(812): Illuminate\\Database\\Connection->Illuminate\\Database\\{closure}()
#10 /home/dylontech/Downloads/SAAFCECEYT/vendor/laravel/framework/src/Illuminate/Database/Connection.php(779): Illuminate\\Database\\Connection->runQueryCallback()
#11 /home/dylontech/Downloads/SAAFCECEYT/vendor/laravel/framework/src/Illuminate/Database/Connection.php(398): Illuminate\\Database\\Connection->run()
#12 /home/dylontech/Downloads/SAAFCECEYT/vendor/laravel/framework/src/Illuminate/Database/Query/Builder.php(3133): Illuminate\\Database\\Connection->select()
#13 /home/dylontech/Downloads/SAAFCECEYT/vendor/laravel/framework/src/Illuminate/Database/Query/Builder.php(3118): Illuminate\\Database\\Query\\Builder->runSelect()
#14 /home/dylontech/Downloads/SAAFCECEYT/vendor/laravel/framework/src/Illuminate/Database/Query/Builder.php(3706): Illuminate\\Database\\Query\\Builder->Illuminate\\Database\\Query\\{closure}()
#15 /home/dylontech/Downloads/SAAFCECEYT/vendor/laravel/framework/src/Illuminate/Database/Query/Builder.php(3117): Illuminate\\Database\\Query\\Builder->onceWithColumns()
#16 /home/dylontech/Downloads/SAAFCECEYT/vendor/laravel/framework/src/Illuminate/Database/Concerns/BuildsQueries.php(344): Illuminate\\Database\\Query\\Builder->get()
#17 /home/dylontech/Downloads/SAAFCECEYT/vendor/laravel/framework/src/Illuminate/Database/Query/Builder.php(3038): Illuminate\\Database\\Query\\Builder->first()
#18 /home/dylontech/Downloads/SAAFCECEYT/vendor/laravel/framework/src/Illuminate/Session/DatabaseSessionHandler.php(97): Illuminate\\Database\\Query\\Builder->find()
#19 /home/dylontech/Downloads/SAAFCECEYT/vendor/laravel/framework/src/Illuminate/Session/Store.php(113): Illuminate\\Session\\DatabaseSessionHandler->read()
#20 /home/dylontech/Downloads/SAAFCECEYT/vendor/laravel/framework/src/Illuminate/Session/Store.php(101): Illuminate\\Session\\Store->readFromHandler()
#21 /home/dylontech/Downloads/SAAFCECEYT/vendor/laravel/framework/src/Illuminate/Session/Store.php(85): Illuminate\\Session\\Store->loadSession()
#22 /home/dylontech/Downloads/SAAFCECEYT/vendor/laravel/framework/src/Illuminate/Session/Middleware/StartSession.php(147): Illuminate\\Session\\Store->start()
#23 /home/dylontech/Downloads/SAAFCECEYT/vendor/laravel/framework/src/Illuminate/Support/helpers.php(393): Illuminate\\Session\\Middleware\\StartSession->Illuminate\\Session\\Middleware\\{closure}()
#24 /home/dylontech/Downloads/SAAFCECEYT/vendor/laravel/framework/src/Illuminate/Session/Middleware/StartSession.php(144): tap()
#25 /home/dylontech/Downloads/SAAFCECEYT/vendor/laravel/framework/src/Illuminate/Session/Middleware/StartSession.php(116): Illuminate\\Session\\Middleware\\StartSession->startSession()
#26 /home/dylontech/Downloads/SAAFCECEYT/vendor/laravel/framework/src/Illuminate/Session/Middleware/StartSession.php(64): Illuminate\\Session\\Middleware\\StartSession->handleStatefulRequest()
#27 /home/dylontech/Downloads/SAAFCECEYT/vendor/laravel/framework/src/Illuminate/Pipeline/Pipeline.php(183): Illuminate\\Session\\Middleware\\StartSession->handle()
#28 /home/dylontech/Downloads/SAAFCECEYT/vendor/laravel/framework/src/Illuminate/Cookie/Middleware/AddQueuedCookiesToResponse.php(37): Illuminate\\Pipeline\\Pipeline->Illuminate\\Pipeline\\{closure}()
#29 /home/dylontech/Downloads/SAAFCECEYT/vendor/laravel/framework/src/Illuminate/Pipeline/Pipeline.php(183): Illuminate\\Cookie\\Middleware\\AddQueuedCookiesToResponse->handle()
#30 /home/dylontech/Downloads/SAAFCECEYT/vendor/laravel/framework/src/Illuminate/Cookie/Middleware/EncryptCookies.php(75): Illuminate\\Pipeline\\Pipeline->Illuminate\\Pipeline\\{closure}()
#31 /home/dylontech/Downloads/SAAFCECEYT/vendor/laravel/framework/src/Illuminate/Pipeline/Pipeline.php(183): Illuminate\\Cookie\\Middleware\\EncryptCookies->handle()
#32 /home/dylontech/Downloads/SAAFCECEYT/vendor/laravel/framework/src/Illuminate/Pipeline/Pipeline.php(119): Illuminate\\Pipeline\\Pipeline->Illuminate\\Pipeline\\{closure}()
#33 /home/dylontech/Downloads/SAAFCECEYT/vendor/laravel/framework/src/Illuminate/Routing/Router.php(807): Illuminate\\Pipeline\\Pipeline->then()
#34 /home/dylontech/Downloads/SAAFCECEYT/vendor/laravel/framework/src/Illuminate/Routing/Router.php(786): Illuminate\\Routing\\Router->runRouteWithinStack()
#35 /home/dylontech/Downloads/SAAFCECEYT/vendor/laravel/framework/src/Illuminate/Routing/Router.php(750): Illuminate\\Routing\\Router->runRoute()
#36 /home/dylontech/Downloads/SAAFCECEYT/vendor/laravel/framework/src/Illuminate/Routing/Router.php(739): Illuminate\\Routing\\Router->dispatchToRoute()
#37 /home/dylontech/Downloads/SAAFCECEYT/vendor/laravel/framework/src/Illuminate/Foundation/Http/Kernel.php(201): Illuminate\\Routing\\Router->dispatch()
#38 /home/dylontech/Downloads/SAAFCECEYT/vendor/laravel/framework/src/Illuminate/Pipeline/Pipeline.php(144): Illuminate\\Foundation\\Http\\Kernel->Illuminate\\Foundation\\Http\\{closure}()
#39 /home/dylontech/Downloads/SAAFCECEYT/vendor/laravel/framework/src/Illuminate/Foundation/Http/Middleware/TransformsRequest.php(21): Illuminate\\Pipeline\\Pipeline->Illuminate\\Pipeline\\{closure}()
#40 /home/dylontech/Downloads/SAAFCECEYT/vendor/laravel/framework/src/Illuminate/Foundation/Http/Middleware/ConvertEmptyStringsToNull.php(31): Illuminate\\Foundation\\Http\\Middleware\\TransformsRequest->handle()
#41 /home/dylontech/Downloads/SAAFCECEYT/vendor/laravel/framework/src/Illuminate/Pipeline/Pipeline.php(183): Illuminate\\Foundation\\Http\\Middleware\\ConvertEmptyStringsToNull->handle()
#42 /home/dylontech/Downloads/SAAFCECEYT/vendor/laravel/framework/src/Illuminate/Foundation/Http/Middleware/TransformsRequest.php(21): Illuminate\\Pipeline\\Pipeline->Illuminate\\Pipeline\\{closure}()
#43 /home/dylontech/Downloads/SAAFCECEYT/vendor/laravel/framework/src/Illuminate/Foundation/Http/Middleware/TrimStrings.php(51): Illuminate\\Foundation\\Http\\Middleware\\TransformsRequest->handle()
#44 /home/dylontech/Downloads/SAAFCECEYT/vendor/laravel/framework/src/Illuminate/Pipeline/Pipeline.php(183): Illuminate\\Foundation\\Http\\Middleware\\TrimStrings->handle()
#45 /home/dylontech/Downloads/SAAFCECEYT/vendor/laravel/framework/src/Illuminate/Http/Middleware/ValidatePostSize.php(27): Illuminate\\Pipeline\\Pipeline->Illuminate\\Pipeline\\{closure}()
#46 /home/dylontech/Downloads/SAAFCECEYT/vendor/laravel/framework/src/Illuminate/Pipeline/Pipeline.php(183): Illuminate\\Http\\Middleware\\ValidatePostSize->handle()
#47 /home/dylontech/Downloads/SAAFCECEYT/vendor/laravel/framework/src/Illuminate/Foundation/Http/Middleware/PreventRequestsDuringMaintenance.php(110): Illuminate\\Pipeline\\Pipeline->Illuminate\\Pipeline\\{closure}()
#48 /home/dylontech/Downloads/SAAFCECEYT/vendor/laravel/framework/src/Illuminate/Pipeline/Pipeline.php(183): Illuminate\\Foundation\\Http\\Middleware\\PreventRequestsDuringMaintenance->handle()
#49 /home/dylontech/Downloads/SAAFCECEYT/vendor/laravel/framework/src/Illuminate/Http/Middleware/HandleCors.php(49): Illuminate\\Pipeline\\Pipeline->Illuminate\\Pipeline\\{closure}()
#50 /home/dylontech/Downloads/SAAFCECEYT/vendor/laravel/framework/src/Illuminate/Pipeline/Pipeline.php(183): Illuminate\\Http\\Middleware\\HandleCors->handle()
#51 /home/dylontech/Downloads/SAAFCECEYT/vendor/laravel/framework/src/Illuminate/Http/Middleware/TrustProxies.php(58): Illuminate\\Pipeline\\Pipeline->Illuminate\\Pipeline\\{closure}()
#52 /home/dylontech/Downloads/SAAFCECEYT/vendor/laravel/framework/src/Illuminate/Pipeline/Pipeline.php(183): Illuminate\\Http\\Middleware\\TrustProxies->handle()
#53 /home/dylontech/Downloads/SAAFCECEYT/vendor/laravel/framework/src/Illuminate/Foundation/Http/Middleware/InvokeDeferredCallbacks.php(22): Illuminate\\Pipeline\\Pipeline->Illuminate\\Pipeline\\{closure}()
#54 /home/dylontech/Downloads/SAAFCECEYT/vendor/laravel/framework/src/Illuminate/Pipeline/Pipeline.php(183): Illuminate\\Foundation\\Http\\Middleware\\InvokeDeferredCallbacks->handle()
#55 /home/dylontech/Downloads/SAAFCECEYT/vendor/laravel/framework/src/Illuminate/Pipeline/Pipeline.php(119): Illuminate\\Pipeline\\Pipeline->Illuminate\\Pipeline\\{closure}()
#56 /home/dylontech/Downloads/SAAFCECEYT/vendor/laravel/framework/src/Illuminate/Foundation/Http/Kernel.php(176): Illuminate\\Pipeline\\Pipeline->then()
#57 /home/dylontech/Downloads/SAAFCECEYT/vendor/laravel/framework/src/Illuminate/Foundation/Http/Kernel.php(145): Illuminate\\Foundation\\Http\\Kernel->sendRequestThroughRouter()
#58 /home/dylontech/Downloads/SAAFCECEYT/vendor/laravel/framework/src/Illuminate/Foundation/Application.php(1190): Illuminate\\Foundation\\Http\\Kernel->handle()
#59 /home/dylontech/Downloads/SAAFCECEYT/public/index.php(17): Illuminate\\Foundation\\Application->handleRequest()
#60 /home/dylontech/Downloads/SAAFCECEYT/vendor/laravel/framework/src/Illuminate/Foundation/resources/server.php(23): require_once('...')
#61 {main}
"} 
[2025-08-27 01:23:39] local.ERROR: SQLSTATE[HY000] [1698] Access denied for user 'root'@'localhost' (Connection: mysql, SQL: select * from `sessions` where `id` = tcC3fdRP9iBtgdwWjYc8ZTykKSlP0VjBJ0yk26Tz limit 1) {"exception":"[object] (Illuminate\\Database\\QueryException(code: 1698): SQLSTATE[HY000] [1698] Access denied for user 'root'@'localhost' (Connection: mysql, SQL: select * from `sessions` where `id` = tcC3fdRP9iBtgdwWjYc8ZTykKSlP0VjBJ0yk26Tz limit 1) at /home/dylontech/Downloads/SAAFCECEYT/vendor/laravel/framework/src/Illuminate/Database/Connection.php:825)
[stacktrace]
#0 /home/dylontech/Downloads/SAAFCECEYT/vendor/laravel/framework/src/Illuminate/Database/Connection.php(779): Illuminate\\Database\\Connection->runQueryCallback()
#1 /home/dylontech/Downloads/SAAFCECEYT/vendor/laravel/framework/src/Illuminate/Database/Connection.php(398): Illuminate\\Database\\Connection->run()
#2 /home/dylontech/Downloads/SAAFCECEYT/vendor/laravel/framework/src/Illuminate/Database/Query/Builder.php(3133): Illuminate\\Database\\Connection->select()
#3 /home/dylontech/Downloads/SAAFCECEYT/vendor/laravel/framework/src/Illuminate/Database/Query/Builder.php(3118): Illuminate\\Database\\Query\\Builder->runSelect()
#4 /home/dylontech/Downloads/SAAFCECEYT/vendor/laravel/framework/src/Illuminate/Database/Query/Builder.php(3706): Illuminate\\Database\\Query\\Builder->Illuminate\\Database\\Query\\{closure}()
#5 /home/dylontech/Downloads/SAAFCECEYT/vendor/laravel/framework/src/Illuminate/Database/Query/Builder.php(3117): Illuminate\\Database\\Query\\Builder->onceWithColumns()
#6 /home/dylontech/Downloads/SAAFCECEYT/vendor/laravel/framework/src/Illuminate/Database/Concerns/BuildsQueries.php(344): Illuminate\\Database\\Query\\Builder->get()
#7 /home/dylontech/Downloads/SAAFCECEYT/vendor/laravel/framework/src/Illuminate/Database/Query/Builder.php(3038): Illuminate\\Database\\Query\\Builder->first()
#8 /home/dylontech/Downloads/SAAFCECEYT/vendor/laravel/framework/src/Illuminate/Session/DatabaseSessionHandler.php(97): Illuminate\\Database\\Query\\Builder->find()
#9 /home/dylontech/Downloads/SAAFCECEYT/vendor/laravel/framework/src/Illuminate/Session/Store.php(113): Illuminate\\Session\\DatabaseSessionHandler->read()
#10 /home/dylontech/Downloads/SAAFCECEYT/vendor/laravel/framework/src/Illuminate/Session/Store.php(101): Illuminate\\Session\\Store->readFromHandler()
#11 /home/dylontech/Downloads/SAAFCECEYT/vendor/laravel/framework/src/Illuminate/Session/Store.php(85): Illuminate\\Session\\Store->loadSession()
#12 /home/dylontech/Downloads/SAAFCECEYT/vendor/laravel/framework/src/Illuminate/Session/Middleware/StartSession.php(147): Illuminate\\Session\\Store->start()
#13 /home/dylontech/Downloads/SAAFCECEYT/vendor/laravel/framework/src/Illuminate/Support/helpers.php(393): Illuminate\\Session\\Middleware\\StartSession->Illuminate\\Session\\Middleware\\{closure}()
#14 /home/dylontech/Downloads/SAAFCECEYT/vendor/laravel/framework/src/Illuminate/Session/Middleware/StartSession.php(144): tap()
#15 /home/dylontech/Downloads/SAAFCECEYT/vendor/laravel/framework/src/Illuminate/Session/Middleware/StartSession.php(116): Illuminate\\Session\\Middleware\\StartSession->startSession()
#16 /home/dylontech/Downloads/SAAFCECEYT/vendor/laravel/framework/src/Illuminate/Session/Middleware/StartSession.php(64): Illuminate\\Session\\Middleware\\StartSession->handleStatefulRequest()
#17 /home/dylontech/Downloads/SAAFCECEYT/vendor/laravel/framework/src/Illuminate/Pipeline/Pipeline.php(183): Illuminate\\Session\\Middleware\\StartSession->handle()
#18 /home/dylontech/Downloads/SAAFCECEYT/vendor/laravel/framework/src/Illuminate/Cookie/Middleware/AddQueuedCookiesToResponse.php(37): Illuminate\\Pipeline\\Pipeline->Illuminate\\Pipeline\\{closure}()
#19 /home/dylontech/Downloads/SAAFCECEYT/vendor/laravel/framework/src/Illuminate/Pipeline/Pipeline.php(183): Illuminate\\Cookie\\Middleware\\AddQueuedCookiesToResponse->handle()
#20 /home/dylontech/Downloads/SAAFCECEYT/vendor/laravel/framework/src/Illuminate/Cookie/Middleware/EncryptCookies.php(75): Illuminate\\Pipeline\\Pipeline->Illuminate\\Pipeline\\{closure}()
#21 /home/dylontech/Downloads/SAAFCECEYT/vendor/laravel/framework/src/Illuminate/Pipeline/Pipeline.php(183): Illuminate\\Cookie\\Middleware\\EncryptCookies->handle()
#22 /home/dylontech/Downloads/SAAFCECEYT/vendor/laravel/framework/src/Illuminate/Pipeline/Pipeline.php(119): Illuminate\\Pipeline\\Pipeline->Illuminate\\Pipeline\\{closure}()
#23 /home/dylontech/Downloads/SAAFCECEYT/vendor/laravel/framework/src/Illuminate/Routing/Router.php(807): Illuminate\\Pipeline\\Pipeline->then()
#24 /home/dylontech/Downloads/SAAFCECEYT/vendor/laravel/framework/src/Illuminate/Routing/Router.php(786): Illuminate\\Routing\\Router->runRouteWithinStack()
#25 /home/dylontech/Downloads/SAAFCECEYT/vendor/laravel/framework/src/Illuminate/Routing/Router.php(750): Illuminate\\Routing\\Router->runRoute()
#26 /home/dylontech/Downloads/SAAFCECEYT/vendor/laravel/framework/src/Illuminate/Routing/Router.php(739): Illuminate\\Routing\\Router->dispatchToRoute()
#27 /home/dylontech/Downloads/SAAFCECEYT/vendor/laravel/framework/src/Illuminate/Foundation/Http/Kernel.php(201): Illuminate\\Routing\\Router->dispatch()
#28 /home/dylontech/Downloads/SAAFCECEYT/vendor/laravel/framework/src/Illuminate/Pipeline/Pipeline.php(144): Illuminate\\Foundation\\Http\\Kernel->Illuminate\\Foundation\\Http\\{closure}()
#29 /home/dylontech/Downloads/SAAFCECEYT/vendor/laravel/framework/src/Illuminate/Foundation/Http/Middleware/TransformsRequest.php(21): Illuminate\\Pipeline\\Pipeline->Illuminate\\Pipeline\\{closure}()
#30 /home/dylontech/Downloads/SAAFCECEYT/vendor/laravel/framework/src/Illuminate/Foundation/Http/Middleware/ConvertEmptyStringsToNull.php(31): Illuminate\\Foundation\\Http\\Middleware\\TransformsRequest->handle()
#31 /home/dylontech/Downloads/SAAFCECEYT/vendor/laravel/framework/src/Illuminate/Pipeline/Pipeline.php(183): Illuminate\\Foundation\\Http\\Middleware\\ConvertEmptyStringsToNull->handle()
#32 /home/dylontech/Downloads/SAAFCECEYT/vendor/laravel/framework/src/Illuminate/Foundation/Http/Middleware/TransformsRequest.php(21): Illuminate\\Pipeline\\Pipeline->Illuminate\\Pipeline\\{closure}()
#33 /home/dylontech/Downloads/SAAFCECEYT/vendor/laravel/framework/src/Illuminate/Foundation/Http/Middleware/TrimStrings.php(51): Illuminate\\Foundation\\Http\\Middleware\\TransformsRequest->handle()
#34 /home/dylontech/Downloads/SAAFCECEYT/vendor/laravel/framework/src/Illuminate/Pipeline/Pipeline.php(183): Illuminate\\Foundation\\Http\\Middleware\\TrimStrings->handle()
#35 /home/dylontech/Downloads/SAAFCECEYT/vendor/laravel/framework/src/Illuminate/Http/Middleware/ValidatePostSize.php(27): Illuminate\\Pipeline\\Pipeline->Illuminate\\Pipeline\\{closure}()
#36 /home/dylontech/Downloads/SAAFCECEYT/vendor/laravel/framework/src/Illuminate/Pipeline/Pipeline.php(183): Illuminate\\Http\\Middleware\\ValidatePostSize->handle()
#37 /home/dylontech/Downloads/SAAFCECEYT/vendor/laravel/framework/src/Illuminate/Foundation/Http/Middleware/PreventRequestsDuringMaintenance.php(110): Illuminate\\Pipeline\\Pipeline->Illuminate\\Pipeline\\{closure}()
#38 /home/dylontech/Downloads/SAAFCECEYT/vendor/laravel/framework/src/Illuminate/Pipeline/Pipeline.php(183): Illuminate\\Foundation\\Http\\Middleware\\PreventRequestsDuringMaintenance->handle()
#39 /home/dylontech/Downloads/SAAFCECEYT/vendor/laravel/framework/src/Illuminate/Http/Middleware/HandleCors.php(49): Illuminate\\Pipeline\\Pipeline->Illuminate\\Pipeline\\{closure}()
#40 /home/dylontech/Downloads/SAAFCECEYT/vendor/laravel/framework/src/Illuminate/Pipeline/Pipeline.php(183): Illuminate\\Http\\Middleware\\HandleCors->handle()
#41 /home/dylontech/Downloads/SAAFCECEYT/vendor/laravel/framework/src/Illuminate/Http/Middleware/TrustProxies.php(58): Illuminate\\Pipeline\\Pipeline->Illuminate\\Pipeline\\{closure}()
#42 /home/dylontech/Downloads/SAAFCECEYT/vendor/laravel/framework/src/Illuminate/Pipeline/Pipeline.php(183): Illuminate\\Http\\Middleware\\TrustProxies->handle()
#43 /home/dylontech/Downloads/SAAFCECEYT/vendor/laravel/framework/src/Illuminate/Foundation/Http/Middleware/InvokeDeferredCallbacks.php(22): Illuminate\\Pipeline\\Pipeline->Illuminate\\Pipeline\\{closure}()
#44 /home/dylontech/Downloads/SAAFCECEYT/vendor/laravel/framework/src/Illuminate/Pipeline/Pipeline.php(183): Illuminate\\Foundation\\Http\\Middleware\\InvokeDeferredCallbacks->handle()
#45 /home/dylontech/Downloads/SAAFCECEYT/vendor/laravel/framework/src/Illuminate/Pipeline/Pipeline.php(119): Illuminate\\Pipeline\\Pipeline->Illuminate\\Pipeline\\{closure}()
#46 /home/dylontech/Downloads/SAAFCECEYT/vendor/laravel/framework/src/Illuminate/Foundation/Http/Kernel.php(176): Illuminate\\Pipeline\\Pipeline->then()
#47 /home/dylontech/Downloads/SAAFCECEYT/vendor/laravel/framework/src/Illuminate/Foundation/Http/Kernel.php(145): Illuminate\\Foundation\\Http\\Kernel->sendRequestThroughRouter()
#48 /home/dylontech/Downloads/SAAFCECEYT/vendor/laravel/framework/src/Illuminate/Foundation/Application.php(1190): Illuminate\\Foundation\\Http\\Kernel->handle()
#49 /home/dylontech/Downloads/SAAFCECEYT/public/index.php(17): Illuminate\\Foundation\\Application->handleRequest()
#50 /home/dylontech/Downloads/SAAFCECEYT/vendor/laravel/framework/src/Illuminate/Foundation/resources/server.php(23): require_once('...')
#51 {main}

[previous exception] [object] (PDOException(code: 1698): SQLSTATE[HY000] [1698] Access denied for user 'root'@'localhost' at /home/dylontech/Downloads/SAAFCECEYT/vendor/laravel/framework/src/Illuminate/Database/Connectors/Connector.php:66)
[stacktrace]
#0 /home/dylontech/Downloads/SAAFCECEYT/vendor/laravel/framework/src/Illuminate/Database/Connectors/Connector.php(66): PDO->__construct()
#1 /home/dylontech/Downloads/SAAFCECEYT/vendor/laravel/framework/src/Illuminate/Database/Connectors/Connector.php(44): Illuminate\\Database\\Connectors\\Connector->createPdoConnection()
#2 /home/dylontech/Downloads/SAAFCECEYT/vendor/laravel/framework/src/Illuminate/Database/Connectors/MySqlConnector.php(24): Illuminate\\Database\\Connectors\\Connector->createConnection()
#3 /home/dylontech/Downloads/SAAFCECEYT/vendor/laravel/framework/src/Illuminate/Database/Connectors/ConnectionFactory.php(185): Illuminate\\Database\\Connectors\\MySqlConnector->connect()
#4 [internal function]: Illuminate\\Database\\Connectors\\ConnectionFactory->Illuminate\\Database\\Connectors\\{closure}()
#5 /home/dylontech/Downloads/SAAFCECEYT/vendor/laravel/framework/src/Illuminate/Database/Connection.php(1231): call_user_func()
#6 /home/dylontech/Downloads/SAAFCECEYT/vendor/laravel/framework/src/Illuminate/Database/Connection.php(1267): Illuminate\\Database\\Connection->getPdo()
#7 /home/dylontech/Downloads/SAAFCECEYT/vendor/laravel/framework/src/Illuminate/Database/Connection.php(512): Illuminate\\Database\\Connection->getReadPdo()
#8 /home/dylontech/Downloads/SAAFCECEYT/vendor/laravel/framework/src/Illuminate/Database/Connection.php(407): Illuminate\\Database\\Connection->getPdoForSelect()
#9 /home/dylontech/Downloads/SAAFCECEYT/vendor/laravel/framework/src/Illuminate/Database/Connection.php(812): Illuminate\\Database\\Connection->Illuminate\\Database\\{closure}()
#10 /home/dylontech/Downloads/SAAFCECEYT/vendor/laravel/framework/src/Illuminate/Database/Connection.php(779): Illuminate\\Database\\Connection->runQueryCallback()
#11 /home/dylontech/Downloads/SAAFCECEYT/vendor/laravel/framework/src/Illuminate/Database/Connection.php(398): Illuminate\\Database\\Connection->run()
#12 /home/dylontech/Downloads/SAAFCECEYT/vendor/laravel/framework/src/Illuminate/Database/Query/Builder.php(3133): Illuminate\\Database\\Connection->select()
#13 /home/dylontech/Downloads/SAAFCECEYT/vendor/laravel/framework/src/Illuminate/Database/Query/Builder.php(3118): Illuminate\\Database\\Query\\Builder->runSelect()
#14 /home/dylontech/Downloads/SAAFCECEYT/vendor/laravel/framework/src/Illuminate/Database/Query/Builder.php(3706): Illuminate\\Database\\Query\\Builder->Illuminate\\Database\\Query\\{closure}()
#15 /home/dylontech/Downloads/SAAFCECEYT/vendor/laravel/framework/src/Illuminate/Database/Query/Builder.php(3117): Illuminate\\Database\\Query\\Builder->onceWithColumns()
#16 /home/dylontech/Downloads/SAAFCECEYT/vendor/laravel/framework/src/Illuminate/Database/Concerns/BuildsQueries.php(344): Illuminate\\Database\\Query\\Builder->get()
#17 /home/dylontech/Downloads/SAAFCECEYT/vendor/laravel/framework/src/Illuminate/Database/Query/Builder.php(3038): Illuminate\\Database\\Query\\Builder->first()
#18 /home/dylontech/Downloads/SAAFCECEYT/vendor/laravel/framework/src/Illuminate/Session/DatabaseSessionHandler.php(97): Illuminate\\Database\\Query\\Builder->find()
#19 /home/dylontech/Downloads/SAAFCECEYT/vendor/laravel/framework/src/Illuminate/Session/Store.php(113): Illuminate\\Session\\DatabaseSessionHandler->read()
#20 /home/dylontech/Downloads/SAAFCECEYT/vendor/laravel/framework/src/Illuminate/Session/Store.php(101): Illuminate\\Session\\Store->readFromHandler()
#21 /home/dylontech/Downloads/SAAFCECEYT/vendor/laravel/framework/src/Illuminate/Session/Store.php(85): Illuminate\\Session\\Store->loadSession()
#22 /home/dylontech/Downloads/SAAFCECEYT/vendor/laravel/framework/src/Illuminate/Session/Middleware/StartSession.php(147): Illuminate\\Session\\Store->start()
#23 /home/dylontech/Downloads/SAAFCECEYT/vendor/laravel/framework/src/Illuminate/Support/helpers.php(393): Illuminate\\Session\\Middleware\\StartSession->Illuminate\\Session\\Middleware\\{closure}()
#24 /home/dylontech/Downloads/SAAFCECEYT/vendor/laravel/framework/src/Illuminate/Session/Middleware/StartSession.php(144): tap()
#25 /home/dylontech/Downloads/SAAFCECEYT/vendor/laravel/framework/src/Illuminate/Session/Middleware/StartSession.php(116): Illuminate\\Session\\Middleware\\StartSession->startSession()
#26 /home/dylontech/Downloads/SAAFCECEYT/vendor/laravel/framework/src/Illuminate/Session/Middleware/StartSession.php(64): Illuminate\\Session\\Middleware\\StartSession->handleStatefulRequest()
#27 /home/dylontech/Downloads/SAAFCECEYT/vendor/laravel/framework/src/Illuminate/Pipeline/Pipeline.php(183): Illuminate\\Session\\Middleware\\StartSession->handle()
#28 /home/dylontech/Downloads/SAAFCECEYT/vendor/laravel/framework/src/Illuminate/Cookie/Middleware/AddQueuedCookiesToResponse.php(37): Illuminate\\Pipeline\\Pipeline->Illuminate\\Pipeline\\{closure}()
#29 /home/dylontech/Downloads/SAAFCECEYT/vendor/laravel/framework/src/Illuminate/Pipeline/Pipeline.php(183): Illuminate\\Cookie\\Middleware\\AddQueuedCookiesToResponse->handle()
#30 /home/dylontech/Downloads/SAAFCECEYT/vendor/laravel/framework/src/Illuminate/Cookie/Middleware/EncryptCookies.php(75): Illuminate\\Pipeline\\Pipeline->Illuminate\\Pipeline\\{closure}()
#31 /home/dylontech/Downloads/SAAFCECEYT/vendor/laravel/framework/src/Illuminate/Pipeline/Pipeline.php(183): Illuminate\\Cookie\\Middleware\\EncryptCookies->handle()
#32 /home/dylontech/Downloads/SAAFCECEYT/vendor/laravel/framework/src/Illuminate/Pipeline/Pipeline.php(119): Illuminate\\Pipeline\\Pipeline->Illuminate\\Pipeline\\{closure}()
#33 /home/dylontech/Downloads/SAAFCECEYT/vendor/laravel/framework/src/Illuminate/Routing/Router.php(807): Illuminate\\Pipeline\\Pipeline->then()
#34 /home/dylontech/Downloads/SAAFCECEYT/vendor/laravel/framework/src/Illuminate/Routing/Router.php(786): Illuminate\\Routing\\Router->runRouteWithinStack()
#35 /home/dylontech/Downloads/SAAFCECEYT/vendor/laravel/framework/src/Illuminate/Routing/Router.php(750): Illuminate\\Routing\\Router->runRoute()
#36 /home/dylontech/Downloads/SAAFCECEYT/vendor/laravel/framework/src/Illuminate/Routing/Router.php(739): Illuminate\\Routing\\Router->dispatchToRoute()
#37 /home/dylontech/Downloads/SAAFCECEYT/vendor/laravel/framework/src/Illuminate/Foundation/Http/Kernel.php(201): Illuminate\\Routing\\Router->dispatch()
#38 /home/dylontech/Downloads/SAAFCECEYT/vendor/laravel/framework/src/Illuminate/Pipeline/Pipeline.php(144): Illuminate\\Foundation\\Http\\Kernel->Illuminate\\Foundation\\Http\\{closure}()
#39 /home/dylontech/Downloads/SAAFCECEYT/vendor/laravel/framework/src/Illuminate/Foundation/Http/Middleware/TransformsRequest.php(21): Illuminate\\Pipeline\\Pipeline->Illuminate\\Pipeline\\{closure}()
#40 /home/dylontech/Downloads/SAAFCECEYT/vendor/laravel/framework/src/Illuminate/Foundation/Http/Middleware/ConvertEmptyStringsToNull.php(31): Illuminate\\Foundation\\Http\\Middleware\\TransformsRequest->handle()
#41 /home/dylontech/Downloads/SAAFCECEYT/vendor/laravel/framework/src/Illuminate/Pipeline/Pipeline.php(183): Illuminate\\Foundation\\Http\\Middleware\\ConvertEmptyStringsToNull->handle()
#42 /home/dylontech/Downloads/SAAFCECEYT/vendor/laravel/framework/src/Illuminate/Foundation/Http/Middleware/TransformsRequest.php(21): Illuminate\\Pipeline\\Pipeline->Illuminate\\Pipeline\\{closure}()
#43 /home/dylontech/Downloads/SAAFCECEYT/vendor/laravel/framework/src/Illuminate/Foundation/Http/Middleware/TrimStrings.php(51): Illuminate\\Foundation\\Http\\Middleware\\TransformsRequest->handle()
#44 /home/dylontech/Downloads/SAAFCECEYT/vendor/laravel/framework/src/Illuminate/Pipeline/Pipeline.php(183): Illuminate\\Foundation\\Http\\Middleware\\TrimStrings->handle()
#45 /home/dylontech/Downloads/SAAFCECEYT/vendor/laravel/framework/src/Illuminate/Http/Middleware/ValidatePostSize.php(27): Illuminate\\Pipeline\\Pipeline->Illuminate\\Pipeline\\{closure}()
#46 /home/dylontech/Downloads/SAAFCECEYT/vendor/laravel/framework/src/Illuminate/Pipeline/Pipeline.php(183): Illuminate\\Http\\Middleware\\ValidatePostSize->handle()
#47 /home/dylontech/Downloads/SAAFCECEYT/vendor/laravel/framework/src/Illuminate/Foundation/Http/Middleware/PreventRequestsDuringMaintenance.php(110): Illuminate\\Pipeline\\Pipeline->Illuminate\\Pipeline\\{closure}()
#48 /home/dylontech/Downloads/SAAFCECEYT/vendor/laravel/framework/src/Illuminate/Pipeline/Pipeline.php(183): Illuminate\\Foundation\\Http\\Middleware\\PreventRequestsDuringMaintenance->handle()
#49 /home/dylontech/Downloads/SAAFCECEYT/vendor/laravel/framework/src/Illuminate/Http/Middleware/HandleCors.php(49): Illuminate\\Pipeline\\Pipeline->Illuminate\\Pipeline\\{closure}()
#50 /home/dylontech/Downloads/SAAFCECEYT/vendor/laravel/framework/src/Illuminate/Pipeline/Pipeline.php(183): Illuminate\\Http\\Middleware\\HandleCors->handle()
#51 /home/dylontech/Downloads/SAAFCECEYT/vendor/laravel/framework/src/Illuminate/Http/Middleware/TrustProxies.php(58): Illuminate\\Pipeline\\Pipeline->Illuminate\\Pipeline\\{closure}()
#52 /home/dylontech/Downloads/SAAFCECEYT/vendor/laravel/framework/src/Illuminate/Pipeline/Pipeline.php(183): Illuminate\\Http\\Middleware\\TrustProxies->handle()
#53 /home/dylontech/Downloads/SAAFCECEYT/vendor/laravel/framework/src/Illuminate/Foundation/Http/Middleware/InvokeDeferredCallbacks.php(22): Illuminate\\Pipeline\\Pipeline->Illuminate\\Pipeline\\{closure}()
#54 /home/dylontech/Downloads/SAAFCECEYT/vendor/laravel/framework/src/Illuminate/Pipeline/Pipeline.php(183): Illuminate\\Foundation\\Http\\Middleware\\InvokeDeferredCallbacks->handle()
#55 /home/dylontech/Downloads/SAAFCECEYT/vendor/laravel/framework/src/Illuminate/Pipeline/Pipeline.php(119): Illuminate\\Pipeline\\Pipeline->Illuminate\\Pipeline\\{closure}()
#56 /home/dylontech/Downloads/SAAFCECEYT/vendor/laravel/framework/src/Illuminate/Foundation/Http/Kernel.php(176): Illuminate\\Pipeline\\Pipeline->then()
#57 /home/dylontech/Downloads/SAAFCECEYT/vendor/laravel/framework/src/Illuminate/Foundation/Http/Kernel.php(145): Illuminate\\Foundation\\Http\\Kernel->sendRequestThroughRouter()
#58 /home/dylontech/Downloads/SAAFCECEYT/vendor/laravel/framework/src/Illuminate/Foundation/Application.php(1190): Illuminate\\Foundation\\Http\\Kernel->handle()
#59 /home/dylontech/Downloads/SAAFCECEYT/public/index.php(17): Illuminate\\Foundation\\Application->handleRequest()
#60 /home/dylontech/Downloads/SAAFCECEYT/vendor/laravel/framework/src/Illuminate/Foundation/resources/server.php(23): require_once('...')
#61 {main}
"} 
[2025-08-27 01:24:01] local.ERROR: SQLSTATE[HY000] [1698] Access denied for user 'root'@'localhost' (Connection: mysql, SQL: select * from `sessions` where `id` = tcC3fdRP9iBtgdwWjYc8ZTykKSlP0VjBJ0yk26Tz limit 1) {"exception":"[object] (Illuminate\\Database\\QueryException(code: 1698): SQLSTATE[HY000] [1698] Access denied for user 'root'@'localhost' (Connection: mysql, SQL: select * from `sessions` where `id` = tcC3fdRP9iBtgdwWjYc8ZTykKSlP0VjBJ0yk26Tz limit 1) at /home/dylontech/Downloads/SAAFCECEYT/vendor/laravel/framework/src/Illuminate/Database/Connection.php:825)
[stacktrace]
#0 /home/dylontech/Downloads/SAAFCECEYT/vendor/laravel/framework/src/Illuminate/Database/Connection.php(779): Illuminate\\Database\\Connection->runQueryCallback()
#1 /home/dylontech/Downloads/SAAFCECEYT/vendor/laravel/framework/src/Illuminate/Database/Connection.php(398): Illuminate\\Database\\Connection->run()
#2 /home/dylontech/Downloads/SAAFCECEYT/vendor/laravel/framework/src/Illuminate/Database/Query/Builder.php(3133): Illuminate\\Database\\Connection->select()
#3 /home/dylontech/Downloads/SAAFCECEYT/vendor/laravel/framework/src/Illuminate/Database/Query/Builder.php(3118): Illuminate\\Database\\Query\\Builder->runSelect()
#4 /home/dylontech/Downloads/SAAFCECEYT/vendor/laravel/framework/src/Illuminate/Database/Query/Builder.php(3706): Illuminate\\Database\\Query\\Builder->Illuminate\\Database\\Query\\{closure}()
#5 /home/dylontech/Downloads/SAAFCECEYT/vendor/laravel/framework/src/Illuminate/Database/Query/Builder.php(3117): Illuminate\\Database\\Query\\Builder->onceWithColumns()
#6 /home/dylontech/Downloads/SAAFCECEYT/vendor/laravel/framework/src/Illuminate/Database/Concerns/BuildsQueries.php(344): Illuminate\\Database\\Query\\Builder->get()
#7 /home/dylontech/Downloads/SAAFCECEYT/vendor/laravel/framework/src/Illuminate/Database/Query/Builder.php(3038): Illuminate\\Database\\Query\\Builder->first()
#8 /home/dylontech/Downloads/SAAFCECEYT/vendor/laravel/framework/src/Illuminate/Session/DatabaseSessionHandler.php(97): Illuminate\\Database\\Query\\Builder->find()
#9 /home/dylontech/Downloads/SAAFCECEYT/vendor/laravel/framework/src/Illuminate/Session/Store.php(113): Illuminate\\Session\\DatabaseSessionHandler->read()
#10 /home/dylontech/Downloads/SAAFCECEYT/vendor/laravel/framework/src/Illuminate/Session/Store.php(101): Illuminate\\Session\\Store->readFromHandler()
#11 /home/dylontech/Downloads/SAAFCECEYT/vendor/laravel/framework/src/Illuminate/Session/Store.php(85): Illuminate\\Session\\Store->loadSession()
#12 /home/dylontech/Downloads/SAAFCECEYT/vendor/laravel/framework/src/Illuminate/Session/Middleware/StartSession.php(147): Illuminate\\Session\\Store->start()
#13 /home/dylontech/Downloads/SAAFCECEYT/vendor/laravel/framework/src/Illuminate/Support/helpers.php(393): Illuminate\\Session\\Middleware\\StartSession->Illuminate\\Session\\Middleware\\{closure}()
#14 /home/dylontech/Downloads/SAAFCECEYT/vendor/laravel/framework/src/Illuminate/Session/Middleware/StartSession.php(144): tap()
#15 /home/dylontech/Downloads/SAAFCECEYT/vendor/laravel/framework/src/Illuminate/Session/Middleware/StartSession.php(116): Illuminate\\Session\\Middleware\\StartSession->startSession()
#16 /home/dylontech/Downloads/SAAFCECEYT/vendor/laravel/framework/src/Illuminate/Session/Middleware/StartSession.php(64): Illuminate\\Session\\Middleware\\StartSession->handleStatefulRequest()
#17 /home/dylontech/Downloads/SAAFCECEYT/vendor/laravel/framework/src/Illuminate/Pipeline/Pipeline.php(183): Illuminate\\Session\\Middleware\\StartSession->handle()
#18 /home/dylontech/Downloads/SAAFCECEYT/vendor/laravel/framework/src/Illuminate/Cookie/Middleware/AddQueuedCookiesToResponse.php(37): Illuminate\\Pipeline\\Pipeline->Illuminate\\Pipeline\\{closure}()
#19 /home/dylontech/Downloads/SAAFCECEYT/vendor/laravel/framework/src/Illuminate/Pipeline/Pipeline.php(183): Illuminate\\Cookie\\Middleware\\AddQueuedCookiesToResponse->handle()
#20 /home/dylontech/Downloads/SAAFCECEYT/vendor/laravel/framework/src/Illuminate/Cookie/Middleware/EncryptCookies.php(75): Illuminate\\Pipeline\\Pipeline->Illuminate\\Pipeline\\{closure}()
#21 /home/dylontech/Downloads/SAAFCECEYT/vendor/laravel/framework/src/Illuminate/Pipeline/Pipeline.php(183): Illuminate\\Cookie\\Middleware\\EncryptCookies->handle()
#22 /home/dylontech/Downloads/SAAFCECEYT/vendor/laravel/framework/src/Illuminate/Pipeline/Pipeline.php(119): Illuminate\\Pipeline\\Pipeline->Illuminate\\Pipeline\\{closure}()
#23 /home/dylontech/Downloads/SAAFCECEYT/vendor/laravel/framework/src/Illuminate/Routing/Router.php(807): Illuminate\\Pipeline\\Pipeline->then()
#24 /home/dylontech/Downloads/SAAFCECEYT/vendor/laravel/framework/src/Illuminate/Routing/Router.php(786): Illuminate\\Routing\\Router->runRouteWithinStack()
#25 /home/dylontech/Downloads/SAAFCECEYT/vendor/laravel/framework/src/Illuminate/Routing/Router.php(750): Illuminate\\Routing\\Router->runRoute()
#26 /home/dylontech/Downloads/SAAFCECEYT/vendor/laravel/framework/src/Illuminate/Routing/Router.php(739): Illuminate\\Routing\\Router->dispatchToRoute()
#27 /home/dylontech/Downloads/SAAFCECEYT/vendor/laravel/framework/src/Illuminate/Foundation/Http/Kernel.php(201): Illuminate\\Routing\\Router->dispatch()
#28 /home/dylontech/Downloads/SAAFCECEYT/vendor/laravel/framework/src/Illuminate/Pipeline/Pipeline.php(144): Illuminate\\Foundation\\Http\\Kernel->Illuminate\\Foundation\\Http\\{closure}()
#29 /home/dylontech/Downloads/SAAFCECEYT/vendor/laravel/framework/src/Illuminate/Foundation/Http/Middleware/TransformsRequest.php(21): Illuminate\\Pipeline\\Pipeline->Illuminate\\Pipeline\\{closure}()
#30 /home/dylontech/Downloads/SAAFCECEYT/vendor/laravel/framework/src/Illuminate/Foundation/Http/Middleware/ConvertEmptyStringsToNull.php(31): Illuminate\\Foundation\\Http\\Middleware\\TransformsRequest->handle()
#31 /home/dylontech/Downloads/SAAFCECEYT/vendor/laravel/framework/src/Illuminate/Pipeline/Pipeline.php(183): Illuminate\\Foundation\\Http\\Middleware\\ConvertEmptyStringsToNull->handle()
#32 /home/dylontech/Downloads/SAAFCECEYT/vendor/laravel/framework/src/Illuminate/Foundation/Http/Middleware/TransformsRequest.php(21): Illuminate\\Pipeline\\Pipeline->Illuminate\\Pipeline\\{closure}()
#33 /home/dylontech/Downloads/SAAFCECEYT/vendor/laravel/framework/src/Illuminate/Foundation/Http/Middleware/TrimStrings.php(51): Illuminate\\Foundation\\Http\\Middleware\\TransformsRequest->handle()
#34 /home/dylontech/Downloads/SAAFCECEYT/vendor/laravel/framework/src/Illuminate/Pipeline/Pipeline.php(183): Illuminate\\Foundation\\Http\\Middleware\\TrimStrings->handle()
#35 /home/dylontech/Downloads/SAAFCECEYT/vendor/laravel/framework/src/Illuminate/Http/Middleware/ValidatePostSize.php(27): Illuminate\\Pipeline\\Pipeline->Illuminate\\Pipeline\\{closure}()
#36 /home/dylontech/Downloads/SAAFCECEYT/vendor/laravel/framework/src/Illuminate/Pipeline/Pipeline.php(183): Illuminate\\Http\\Middleware\\ValidatePostSize->handle()
#37 /home/dylontech/Downloads/SAAFCECEYT/vendor/laravel/framework/src/Illuminate/Foundation/Http/Middleware/PreventRequestsDuringMaintenance.php(110): Illuminate\\Pipeline\\Pipeline->Illuminate\\Pipeline\\{closure}()
#38 /home/dylontech/Downloads/SAAFCECEYT/vendor/laravel/framework/src/Illuminate/Pipeline/Pipeline.php(183): Illuminate\\Foundation\\Http\\Middleware\\PreventRequestsDuringMaintenance->handle()
#39 /home/dylontech/Downloads/SAAFCECEYT/vendor/laravel/framework/src/Illuminate/Http/Middleware/HandleCors.php(49): Illuminate\\Pipeline\\Pipeline->Illuminate\\Pipeline\\{closure}()
#40 /home/dylontech/Downloads/SAAFCECEYT/vendor/laravel/framework/src/Illuminate/Pipeline/Pipeline.php(183): Illuminate\\Http\\Middleware\\HandleCors->handle()
#41 /home/dylontech/Downloads/SAAFCECEYT/vendor/laravel/framework/src/Illuminate/Http/Middleware/TrustProxies.php(58): Illuminate\\Pipeline\\Pipeline->Illuminate\\Pipeline\\{closure}()
#42 /home/dylontech/Downloads/SAAFCECEYT/vendor/laravel/framework/src/Illuminate/Pipeline/Pipeline.php(183): Illuminate\\Http\\Middleware\\TrustProxies->handle()
#43 /home/dylontech/Downloads/SAAFCECEYT/vendor/laravel/framework/src/Illuminate/Foundation/Http/Middleware/InvokeDeferredCallbacks.php(22): Illuminate\\Pipeline\\Pipeline->Illuminate\\Pipeline\\{closure}()
#44 /home/dylontech/Downloads/SAAFCECEYT/vendor/laravel/framework/src/Illuminate/Pipeline/Pipeline.php(183): Illuminate\\Foundation\\Http\\Middleware\\InvokeDeferredCallbacks->handle()
#45 /home/dylontech/Downloads/SAAFCECEYT/vendor/laravel/framework/src/Illuminate/Pipeline/Pipeline.php(119): Illuminate\\Pipeline\\Pipeline->Illuminate\\Pipeline\\{closure}()
#46 /home/dylontech/Downloads/SAAFCECEYT/vendor/laravel/framework/src/Illuminate/Foundation/Http/Kernel.php(176): Illuminate\\Pipeline\\Pipeline->then()
#47 /home/dylontech/Downloads/SAAFCECEYT/vendor/laravel/framework/src/Illuminate/Foundation/Http/Kernel.php(145): Illuminate\\Foundation\\Http\\Kernel->sendRequestThroughRouter()
#48 /home/dylontech/Downloads/SAAFCECEYT/vendor/laravel/framework/src/Illuminate/Foundation/Application.php(1190): Illuminate\\Foundation\\Http\\Kernel->handle()
#49 /home/dylontech/Downloads/SAAFCECEYT/public/index.php(17): Illuminate\\Foundation\\Application->handleRequest()
#50 /home/dylontech/Downloads/SAAFCECEYT/vendor/laravel/framework/src/Illuminate/Foundation/resources/server.php(23): require_once('...')
#51 {main}

[previous exception] [object] (PDOException(code: 1698): SQLSTATE[HY000] [1698] Access denied for user 'root'@'localhost' at /home/dylontech/Downloads/SAAFCECEYT/vendor/laravel/framework/src/Illuminate/Database/Connectors/Connector.php:66)
[stacktrace]
#0 /home/dylontech/Downloads/SAAFCECEYT/vendor/laravel/framework/src/Illuminate/Database/Connectors/Connector.php(66): PDO->__construct()
#1 /home/dylontech/Downloads/SAAFCECEYT/vendor/laravel/framework/src/Illuminate/Database/Connectors/Connector.php(44): Illuminate\\Database\\Connectors\\Connector->createPdoConnection()
#2 /home/dylontech/Downloads/SAAFCECEYT/vendor/laravel/framework/src/Illuminate/Database/Connectors/MySqlConnector.php(24): Illuminate\\Database\\Connectors\\Connector->createConnection()
#3 /home/dylontech/Downloads/SAAFCECEYT/vendor/laravel/framework/src/Illuminate/Database/Connectors/ConnectionFactory.php(185): Illuminate\\Database\\Connectors\\MySqlConnector->connect()
#4 [internal function]: Illuminate\\Database\\Connectors\\ConnectionFactory->Illuminate\\Database\\Connectors\\{closure}()
#5 /home/dylontech/Downloads/SAAFCECEYT/vendor/laravel/framework/src/Illuminate/Database/Connection.php(1231): call_user_func()
#6 /home/dylontech/Downloads/SAAFCECEYT/vendor/laravel/framework/src/Illuminate/Database/Connection.php(1267): Illuminate\\Database\\Connection->getPdo()
#7 /home/dylontech/Downloads/SAAFCECEYT/vendor/laravel/framework/src/Illuminate/Database/Connection.php(512): Illuminate\\Database\\Connection->getReadPdo()
#8 /home/dylontech/Downloads/SAAFCECEYT/vendor/laravel/framework/src/Illuminate/Database/Connection.php(407): Illuminate\\Database\\Connection->getPdoForSelect()
#9 /home/dylontech/Downloads/SAAFCECEYT/vendor/laravel/framework/src/Illuminate/Database/Connection.php(812): Illuminate\\Database\\Connection->Illuminate\\Database\\{closure}()
#10 /home/dylontech/Downloads/SAAFCECEYT/vendor/laravel/framework/src/Illuminate/Database/Connection.php(779): Illuminate\\Database\\Connection->runQueryCallback()
#11 /home/dylontech/Downloads/SAAFCECEYT/vendor/laravel/framework/src/Illuminate/Database/Connection.php(398): Illuminate\\Database\\Connection->run()
#12 /home/dylontech/Downloads/SAAFCECEYT/vendor/laravel/framework/src/Illuminate/Database/Query/Builder.php(3133): Illuminate\\Database\\Connection->select()
#13 /home/dylontech/Downloads/SAAFCECEYT/vendor/laravel/framework/src/Illuminate/Database/Query/Builder.php(3118): Illuminate\\Database\\Query\\Builder->runSelect()
#14 /home/dylontech/Downloads/SAAFCECEYT/vendor/laravel/framework/src/Illuminate/Database/Query/Builder.php(3706): Illuminate\\Database\\Query\\Builder->Illuminate\\Database\\Query\\{closure}()
#15 /home/dylontech/Downloads/SAAFCECEYT/vendor/laravel/framework/src/Illuminate/Database/Query/Builder.php(3117): Illuminate\\Database\\Query\\Builder->onceWithColumns()
#16 /home/dylontech/Downloads/SAAFCECEYT/vendor/laravel/framework/src/Illuminate/Database/Concerns/BuildsQueries.php(344): Illuminate\\Database\\Query\\Builder->get()
#17 /home/dylontech/Downloads/SAAFCECEYT/vendor/laravel/framework/src/Illuminate/Database/Query/Builder.php(3038): Illuminate\\Database\\Query\\Builder->first()
#18 /home/dylontech/Downloads/SAAFCECEYT/vendor/laravel/framework/src/Illuminate/Session/DatabaseSessionHandler.php(97): Illuminate\\Database\\Query\\Builder->find()
#19 /home/dylontech/Downloads/SAAFCECEYT/vendor/laravel/framework/src/Illuminate/Session/Store.php(113): Illuminate\\Session\\DatabaseSessionHandler->read()
#20 /home/dylontech/Downloads/SAAFCECEYT/vendor/laravel/framework/src/Illuminate/Session/Store.php(101): Illuminate\\Session\\Store->readFromHandler()
#21 /home/dylontech/Downloads/SAAFCECEYT/vendor/laravel/framework/src/Illuminate/Session/Store.php(85): Illuminate\\Session\\Store->loadSession()
#22 /home/dylontech/Downloads/SAAFCECEYT/vendor/laravel/framework/src/Illuminate/Session/Middleware/StartSession.php(147): Illuminate\\Session\\Store->start()
#23 /home/dylontech/Downloads/SAAFCECEYT/vendor/laravel/framework/src/Illuminate/Support/helpers.php(393): Illuminate\\Session\\Middleware\\StartSession->Illuminate\\Session\\Middleware\\{closure}()
#24 /home/dylontech/Downloads/SAAFCECEYT/vendor/laravel/framework/src/Illuminate/Session/Middleware/StartSession.php(144): tap()
#25 /home/dylontech/Downloads/SAAFCECEYT/vendor/laravel/framework/src/Illuminate/Session/Middleware/StartSession.php(116): Illuminate\\Session\\Middleware\\StartSession->startSession()
#26 /home/dylontech/Downloads/SAAFCECEYT/vendor/laravel/framework/src/Illuminate/Session/Middleware/StartSession.php(64): Illuminate\\Session\\Middleware\\StartSession->handleStatefulRequest()
#27 /home/dylontech/Downloads/SAAFCECEYT/vendor/laravel/framework/src/Illuminate/Pipeline/Pipeline.php(183): Illuminate\\Session\\Middleware\\StartSession->handle()
#28 /home/dylontech/Downloads/SAAFCECEYT/vendor/laravel/framework/src/Illuminate/Cookie/Middleware/AddQueuedCookiesToResponse.php(37): Illuminate\\Pipeline\\Pipeline->Illuminate\\Pipeline\\{closure}()
#29 /home/dylontech/Downloads/SAAFCECEYT/vendor/laravel/framework/src/Illuminate/Pipeline/Pipeline.php(183): Illuminate\\Cookie\\Middleware\\AddQueuedCookiesToResponse->handle()
#30 /home/dylontech/Downloads/SAAFCECEYT/vendor/laravel/framework/src/Illuminate/Cookie/Middleware/EncryptCookies.php(75): Illuminate\\Pipeline\\Pipeline->Illuminate\\Pipeline\\{closure}()
#31 /home/dylontech/Downloads/SAAFCECEYT/vendor/laravel/framework/src/Illuminate/Pipeline/Pipeline.php(183): Illuminate\\Cookie\\Middleware\\EncryptCookies->handle()
#32 /home/dylontech/Downloads/SAAFCECEYT/vendor/laravel/framework/src/Illuminate/Pipeline/Pipeline.php(119): Illuminate\\Pipeline\\Pipeline->Illuminate\\Pipeline\\{closure}()
#33 /home/dylontech/Downloads/SAAFCECEYT/vendor/laravel/framework/src/Illuminate/Routing/Router.php(807): Illuminate\\Pipeline\\Pipeline->then()
#34 /home/dylontech/Downloads/SAAFCECEYT/vendor/laravel/framework/src/Illuminate/Routing/Router.php(786): Illuminate\\Routing\\Router->runRouteWithinStack()
#35 /home/dylontech/Downloads/SAAFCECEYT/vendor/laravel/framework/src/Illuminate/Routing/Router.php(750): Illuminate\\Routing\\Router->runRoute()
#36 /home/dylontech/Downloads/SAAFCECEYT/vendor/laravel/framework/src/Illuminate/Routing/Router.php(739): Illuminate\\Routing\\Router->dispatchToRoute()
#37 /home/dylontech/Downloads/SAAFCECEYT/vendor/laravel/framework/src/Illuminate/Foundation/Http/Kernel.php(201): Illuminate\\Routing\\Router->dispatch()
#38 /home/dylontech/Downloads/SAAFCECEYT/vendor/laravel/framework/src/Illuminate/Pipeline/Pipeline.php(144): Illuminate\\Foundation\\Http\\Kernel->Illuminate\\Foundation\\Http\\{closure}()
#39 /home/dylontech/Downloads/SAAFCECEYT/vendor/laravel/framework/src/Illuminate/Foundation/Http/Middleware/TransformsRequest.php(21): Illuminate\\Pipeline\\Pipeline->Illuminate\\Pipeline\\{closure}()
#40 /home/dylontech/Downloads/SAAFCECEYT/vendor/laravel/framework/src/Illuminate/Foundation/Http/Middleware/ConvertEmptyStringsToNull.php(31): Illuminate\\Foundation\\Http\\Middleware\\TransformsRequest->handle()
#41 /home/dylontech/Downloads/SAAFCECEYT/vendor/laravel/framework/src/Illuminate/Pipeline/Pipeline.php(183): Illuminate\\Foundation\\Http\\Middleware\\ConvertEmptyStringsToNull->handle()
#42 /home/dylontech/Downloads/SAAFCECEYT/vendor/laravel/framework/src/Illuminate/Foundation/Http/Middleware/TransformsRequest.php(21): Illuminate\\Pipeline\\Pipeline->Illuminate\\Pipeline\\{closure}()
#43 /home/dylontech/Downloads/SAAFCECEYT/vendor/laravel/framework/src/Illuminate/Foundation/Http/Middleware/TrimStrings.php(51): Illuminate\\Foundation\\Http\\Middleware\\TransformsRequest->handle()
#44 /home/dylontech/Downloads/SAAFCECEYT/vendor/laravel/framework/src/Illuminate/Pipeline/Pipeline.php(183): Illuminate\\Foundation\\Http\\Middleware\\TrimStrings->handle()
#45 /home/dylontech/Downloads/SAAFCECEYT/vendor/laravel/framework/src/Illuminate/Http/Middleware/ValidatePostSize.php(27): Illuminate\\Pipeline\\Pipeline->Illuminate\\Pipeline\\{closure}()
#46 /home/dylontech/Downloads/SAAFCECEYT/vendor/laravel/framework/src/Illuminate/Pipeline/Pipeline.php(183): Illuminate\\Http\\Middleware\\ValidatePostSize->handle()
#47 /home/dylontech/Downloads/SAAFCECEYT/vendor/laravel/framework/src/Illuminate/Foundation/Http/Middleware/PreventRequestsDuringMaintenance.php(110): Illuminate\\Pipeline\\Pipeline->Illuminate\\Pipeline\\{closure}()
#48 /home/dylontech/Downloads/SAAFCECEYT/vendor/laravel/framework/src/Illuminate/Pipeline/Pipeline.php(183): Illuminate\\Foundation\\Http\\Middleware\\PreventRequestsDuringMaintenance->handle()
#49 /home/dylontech/Downloads/SAAFCECEYT/vendor/laravel/framework/src/Illuminate/Http/Middleware/HandleCors.php(49): Illuminate\\Pipeline\\Pipeline->Illuminate\\Pipeline\\{closure}()
#50 /home/dylontech/Downloads/SAAFCECEYT/vendor/laravel/framework/src/Illuminate/Pipeline/Pipeline.php(183): Illuminate\\Http\\Middleware\\HandleCors->handle()
#51 /home/dylontech/Downloads/SAAFCECEYT/vendor/laravel/framework/src/Illuminate/Http/Middleware/TrustProxies.php(58): Illuminate\\Pipeline\\Pipeline->Illuminate\\Pipeline\\{closure}()
#52 /home/dylontech/Downloads/SAAFCECEYT/vendor/laravel/framework/src/Illuminate/Pipeline/Pipeline.php(183): Illuminate\\Http\\Middleware\\TrustProxies->handle()
#53 /home/dylontech/Downloads/SAAFCECEYT/vendor/laravel/framework/src/Illuminate/Foundation/Http/Middleware/InvokeDeferredCallbacks.php(22): Illuminate\\Pipeline\\Pipeline->Illuminate\\Pipeline\\{closure}()
#54 /home/dylontech/Downloads/SAAFCECEYT/vendor/laravel/framework/src/Illuminate/Pipeline/Pipeline.php(183): Illuminate\\Foundation\\Http\\Middleware\\InvokeDeferredCallbacks->handle()
#55 /home/dylontech/Downloads/SAAFCECEYT/vendor/laravel/framework/src/Illuminate/Pipeline/Pipeline.php(119): Illuminate\\Pipeline\\Pipeline->Illuminate\\Pipeline\\{closure}()
#56 /home/dylontech/Downloads/SAAFCECEYT/vendor/laravel/framework/src/Illuminate/Foundation/Http/Kernel.php(176): Illuminate\\Pipeline\\Pipeline->then()
#57 /home/dylontech/Downloads/SAAFCECEYT/vendor/laravel/framework/src/Illuminate/Foundation/Http/Kernel.php(145): Illuminate\\Foundation\\Http\\Kernel->sendRequestThroughRouter()
#58 /home/dylontech/Downloads/SAAFCECEYT/vendor/laravel/framework/src/Illuminate/Foundation/Application.php(1190): Illuminate\\Foundation\\Http\\Kernel->handle()
#59 /home/dylontech/Downloads/SAAFCECEYT/public/index.php(17): Illuminate\\Foundation\\Application->handleRequest()
#60 /home/dylontech/Downloads/SAAFCECEYT/vendor/laravel/framework/src/Illuminate/Foundation/resources/server.php(23): require_once('...')
#61 {main}
"} 
[2025-08-27 01:24:07] local.ERROR: SQLSTATE[HY000] [1698] Access denied for user 'root'@'localhost' (Connection: mysql, SQL: select * from `sessions` where `id` = tcC3fdRP9iBtgdwWjYc8ZTykKSlP0VjBJ0yk26Tz limit 1) {"exception":"[object] (Illuminate\\Database\\QueryException(code: 1698): SQLSTATE[HY000] [1698] Access denied for user 'root'@'localhost' (Connection: mysql, SQL: select * from `sessions` where `id` = tcC3fdRP9iBtgdwWjYc8ZTykKSlP0VjBJ0yk26Tz limit 1) at /home/dylontech/Downloads/SAAFCECEYT/vendor/laravel/framework/src/Illuminate/Database/Connection.php:825)
[stacktrace]
#0 /home/dylontech/Downloads/SAAFCECEYT/vendor/laravel/framework/src/Illuminate/Database/Connection.php(779): Illuminate\\Database\\Connection->runQueryCallback()
#1 /home/dylontech/Downloads/SAAFCECEYT/vendor/laravel/framework/src/Illuminate/Database/Connection.php(398): Illuminate\\Database\\Connection->run()
#2 /home/dylontech/Downloads/SAAFCECEYT/vendor/laravel/framework/src/Illuminate/Database/Query/Builder.php(3133): Illuminate\\Database\\Connection->select()
#3 /home/dylontech/Downloads/SAAFCECEYT/vendor/laravel/framework/src/Illuminate/Database/Query/Builder.php(3118): Illuminate\\Database\\Query\\Builder->runSelect()
#4 /home/dylontech/Downloads/SAAFCECEYT/vendor/laravel/framework/src/Illuminate/Database/Query/Builder.php(3706): Illuminate\\Database\\Query\\Builder->Illuminate\\Database\\Query\\{closure}()
#5 /home/dylontech/Downloads/SAAFCECEYT/vendor/laravel/framework/src/Illuminate/Database/Query/Builder.php(3117): Illuminate\\Database\\Query\\Builder->onceWithColumns()
#6 /home/dylontech/Downloads/SAAFCECEYT/vendor/laravel/framework/src/Illuminate/Database/Concerns/BuildsQueries.php(344): Illuminate\\Database\\Query\\Builder->get()
#7 /home/dylontech/Downloads/SAAFCECEYT/vendor/laravel/framework/src/Illuminate/Database/Query/Builder.php(3038): Illuminate\\Database\\Query\\Builder->first()
#8 /home/dylontech/Downloads/SAAFCECEYT/vendor/laravel/framework/src/Illuminate/Session/DatabaseSessionHandler.php(97): Illuminate\\Database\\Query\\Builder->find()
#9 /home/dylontech/Downloads/SAAFCECEYT/vendor/laravel/framework/src/Illuminate/Session/Store.php(113): Illuminate\\Session\\DatabaseSessionHandler->read()
#10 /home/dylontech/Downloads/SAAFCECEYT/vendor/laravel/framework/src/Illuminate/Session/Store.php(101): Illuminate\\Session\\Store->readFromHandler()
#11 /home/dylontech/Downloads/SAAFCECEYT/vendor/laravel/framework/src/Illuminate/Session/Store.php(85): Illuminate\\Session\\Store->loadSession()
#12 /home/dylontech/Downloads/SAAFCECEYT/vendor/laravel/framework/src/Illuminate/Session/Middleware/StartSession.php(147): Illuminate\\Session\\Store->start()
#13 /home/dylontech/Downloads/SAAFCECEYT/vendor/laravel/framework/src/Illuminate/Support/helpers.php(393): Illuminate\\Session\\Middleware\\StartSession->Illuminate\\Session\\Middleware\\{closure}()
#14 /home/dylontech/Downloads/SAAFCECEYT/vendor/laravel/framework/src/Illuminate/Session/Middleware/StartSession.php(144): tap()
#15 /home/dylontech/Downloads/SAAFCECEYT/vendor/laravel/framework/src/Illuminate/Session/Middleware/StartSession.php(116): Illuminate\\Session\\Middleware\\StartSession->startSession()
#16 /home/dylontech/Downloads/SAAFCECEYT/vendor/laravel/framework/src/Illuminate/Session/Middleware/StartSession.php(64): Illuminate\\Session\\Middleware\\StartSession->handleStatefulRequest()
#17 /home/dylontech/Downloads/SAAFCECEYT/vendor/laravel/framework/src/Illuminate/Pipeline/Pipeline.php(183): Illuminate\\Session\\Middleware\\StartSession->handle()
#18 /home/dylontech/Downloads/SAAFCECEYT/vendor/laravel/framework/src/Illuminate/Cookie/Middleware/AddQueuedCookiesToResponse.php(37): Illuminate\\Pipeline\\Pipeline->Illuminate\\Pipeline\\{closure}()
#19 /home/dylontech/Downloads/SAAFCECEYT/vendor/laravel/framework/src/Illuminate/Pipeline/Pipeline.php(183): Illuminate\\Cookie\\Middleware\\AddQueuedCookiesToResponse->handle()
#20 /home/dylontech/Downloads/SAAFCECEYT/vendor/laravel/framework/src/Illuminate/Cookie/Middleware/EncryptCookies.php(75): Illuminate\\Pipeline\\Pipeline->Illuminate\\Pipeline\\{closure}()
#21 /home/dylontech/Downloads/SAAFCECEYT/vendor/laravel/framework/src/Illuminate/Pipeline/Pipeline.php(183): Illuminate\\Cookie\\Middleware\\EncryptCookies->handle()
#22 /home/dylontech/Downloads/SAAFCECEYT/vendor/laravel/framework/src/Illuminate/Pipeline/Pipeline.php(119): Illuminate\\Pipeline\\Pipeline->Illuminate\\Pipeline\\{closure}()
#23 /home/dylontech/Downloads/SAAFCECEYT/vendor/laravel/framework/src/Illuminate/Routing/Router.php(807): Illuminate\\Pipeline\\Pipeline->then()
#24 /home/dylontech/Downloads/SAAFCECEYT/vendor/laravel/framework/src/Illuminate/Routing/Router.php(786): Illuminate\\Routing\\Router->runRouteWithinStack()
#25 /home/dylontech/Downloads/SAAFCECEYT/vendor/laravel/framework/src/Illuminate/Routing/Router.php(750): Illuminate\\Routing\\Router->runRoute()
#26 /home/dylontech/Downloads/SAAFCECEYT/vendor/laravel/framework/src/Illuminate/Routing/Router.php(739): Illuminate\\Routing\\Router->dispatchToRoute()
#27 /home/dylontech/Downloads/SAAFCECEYT/vendor/laravel/framework/src/Illuminate/Foundation/Http/Kernel.php(201): Illuminate\\Routing\\Router->dispatch()
#28 /home/dylontech/Downloads/SAAFCECEYT/vendor/laravel/framework/src/Illuminate/Pipeline/Pipeline.php(144): Illuminate\\Foundation\\Http\\Kernel->Illuminate\\Foundation\\Http\\{closure}()
#29 /home/dylontech/Downloads/SAAFCECEYT/vendor/laravel/framework/src/Illuminate/Foundation/Http/Middleware/TransformsRequest.php(21): Illuminate\\Pipeline\\Pipeline->Illuminate\\Pipeline\\{closure}()
#30 /home/dylontech/Downloads/SAAFCECEYT/vendor/laravel/framework/src/Illuminate/Foundation/Http/Middleware/ConvertEmptyStringsToNull.php(31): Illuminate\\Foundation\\Http\\Middleware\\TransformsRequest->handle()
#31 /home/dylontech/Downloads/SAAFCECEYT/vendor/laravel/framework/src/Illuminate/Pipeline/Pipeline.php(183): Illuminate\\Foundation\\Http\\Middleware\\ConvertEmptyStringsToNull->handle()
#32 /home/dylontech/Downloads/SAAFCECEYT/vendor/laravel/framework/src/Illuminate/Foundation/Http/Middleware/TransformsRequest.php(21): Illuminate\\Pipeline\\Pipeline->Illuminate\\Pipeline\\{closure}()
#33 /home/dylontech/Downloads/SAAFCECEYT/vendor/laravel/framework/src/Illuminate/Foundation/Http/Middleware/TrimStrings.php(51): Illuminate\\Foundation\\Http\\Middleware\\TransformsRequest->handle()
#34 /home/dylontech/Downloads/SAAFCECEYT/vendor/laravel/framework/src/Illuminate/Pipeline/Pipeline.php(183): Illuminate\\Foundation\\Http\\Middleware\\TrimStrings->handle()
#35 /home/dylontech/Downloads/SAAFCECEYT/vendor/laravel/framework/src/Illuminate/Http/Middleware/ValidatePostSize.php(27): Illuminate\\Pipeline\\Pipeline->Illuminate\\Pipeline\\{closure}()
#36 /home/dylontech/Downloads/SAAFCECEYT/vendor/laravel/framework/src/Illuminate/Pipeline/Pipeline.php(183): Illuminate\\Http\\Middleware\\ValidatePostSize->handle()
#37 /home/dylontech/Downloads/SAAFCECEYT/vendor/laravel/framework/src/Illuminate/Foundation/Http/Middleware/PreventRequestsDuringMaintenance.php(110): Illuminate\\Pipeline\\Pipeline->Illuminate\\Pipeline\\{closure}()
#38 /home/dylontech/Downloads/SAAFCECEYT/vendor/laravel/framework/src/Illuminate/Pipeline/Pipeline.php(183): Illuminate\\Foundation\\Http\\Middleware\\PreventRequestsDuringMaintenance->handle()
#39 /home/dylontech/Downloads/SAAFCECEYT/vendor/laravel/framework/src/Illuminate/Http/Middleware/HandleCors.php(49): Illuminate\\Pipeline\\Pipeline->Illuminate\\Pipeline\\{closure}()
#40 /home/dylontech/Downloads/SAAFCECEYT/vendor/laravel/framework/src/Illuminate/Pipeline/Pipeline.php(183): Illuminate\\Http\\Middleware\\HandleCors->handle()
#41 /home/dylontech/Downloads/SAAFCECEYT/vendor/laravel/framework/src/Illuminate/Http/Middleware/TrustProxies.php(58): Illuminate\\Pipeline\\Pipeline->Illuminate\\Pipeline\\{closure}()
#42 /home/dylontech/Downloads/SAAFCECEYT/vendor/laravel/framework/src/Illuminate/Pipeline/Pipeline.php(183): Illuminate\\Http\\Middleware\\TrustProxies->handle()
#43 /home/dylontech/Downloads/SAAFCECEYT/vendor/laravel/framework/src/Illuminate/Foundation/Http/Middleware/InvokeDeferredCallbacks.php(22): Illuminate\\Pipeline\\Pipeline->Illuminate\\Pipeline\\{closure}()
#44 /home/dylontech/Downloads/SAAFCECEYT/vendor/laravel/framework/src/Illuminate/Pipeline/Pipeline.php(183): Illuminate\\Foundation\\Http\\Middleware\\InvokeDeferredCallbacks->handle()
#45 /home/dylontech/Downloads/SAAFCECEYT/vendor/laravel/framework/src/Illuminate/Pipeline/Pipeline.php(119): Illuminate\\Pipeline\\Pipeline->Illuminate\\Pipeline\\{closure}()
#46 /home/dylontech/Downloads/SAAFCECEYT/vendor/laravel/framework/src/Illuminate/Foundation/Http/Kernel.php(176): Illuminate\\Pipeline\\Pipeline->then()
#47 /home/dylontech/Downloads/SAAFCECEYT/vendor/laravel/framework/src/Illuminate/Foundation/Http/Kernel.php(145): Illuminate\\Foundation\\Http\\Kernel->sendRequestThroughRouter()
#48 /home/dylontech/Downloads/SAAFCECEYT/vendor/laravel/framework/src/Illuminate/Foundation/Application.php(1190): Illuminate\\Foundation\\Http\\Kernel->handle()
#49 /home/dylontech/Downloads/SAAFCECEYT/public/index.php(17): Illuminate\\Foundation\\Application->handleRequest()
#50 /home/dylontech/Downloads/SAAFCECEYT/vendor/laravel/framework/src/Illuminate/Foundation/resources/server.php(23): require_once('...')
#51 {main}

[previous exception] [object] (PDOException(code: 1698): SQLSTATE[HY000] [1698] Access denied for user 'root'@'localhost' at /home/dylontech/Downloads/SAAFCECEYT/vendor/laravel/framework/src/Illuminate/Database/Connectors/Connector.php:66)
[stacktrace]
#0 /home/dylontech/Downloads/SAAFCECEYT/vendor/laravel/framework/src/Illuminate/Database/Connectors/Connector.php(66): PDO->__construct()
#1 /home/dylontech/Downloads/SAAFCECEYT/vendor/laravel/framework/src/Illuminate/Database/Connectors/Connector.php(44): Illuminate\\Database\\Connectors\\Connector->createPdoConnection()
#2 /home/dylontech/Downloads/SAAFCECEYT/vendor/laravel/framework/src/Illuminate/Database/Connectors/MySqlConnector.php(24): Illuminate\\Database\\Connectors\\Connector->createConnection()
#3 /home/dylontech/Downloads/SAAFCECEYT/vendor/laravel/framework/src/Illuminate/Database/Connectors/ConnectionFactory.php(185): Illuminate\\Database\\Connectors\\MySqlConnector->connect()
#4 [internal function]: Illuminate\\Database\\Connectors\\ConnectionFactory->Illuminate\\Database\\Connectors\\{closure}()
#5 /home/dylontech/Downloads/SAAFCECEYT/vendor/laravel/framework/src/Illuminate/Database/Connection.php(1231): call_user_func()
#6 /home/dylontech/Downloads/SAAFCECEYT/vendor/laravel/framework/src/Illuminate/Database/Connection.php(1267): Illuminate\\Database\\Connection->getPdo()
#7 /home/dylontech/Downloads/SAAFCECEYT/vendor/laravel/framework/src/Illuminate/Database/Connection.php(512): Illuminate\\Database\\Connection->getReadPdo()
#8 /home/dylontech/Downloads/SAAFCECEYT/vendor/laravel/framework/src/Illuminate/Database/Connection.php(407): Illuminate\\Database\\Connection->getPdoForSelect()
#9 /home/dylontech/Downloads/SAAFCECEYT/vendor/laravel/framework/src/Illuminate/Database/Connection.php(812): Illuminate\\Database\\Connection->Illuminate\\Database\\{closure}()
#10 /home/dylontech/Downloads/SAAFCECEYT/vendor/laravel/framework/src/Illuminate/Database/Connection.php(779): Illuminate\\Database\\Connection->runQueryCallback()
#11 /home/dylontech/Downloads/SAAFCECEYT/vendor/laravel/framework/src/Illuminate/Database/Connection.php(398): Illuminate\\Database\\Connection->run()
#12 /home/dylontech/Downloads/SAAFCECEYT/vendor/laravel/framework/src/Illuminate/Database/Query/Builder.php(3133): Illuminate\\Database\\Connection->select()
#13 /home/dylontech/Downloads/SAAFCECEYT/vendor/laravel/framework/src/Illuminate/Database/Query/Builder.php(3118): Illuminate\\Database\\Query\\Builder->runSelect()
#14 /home/dylontech/Downloads/SAAFCECEYT/vendor/laravel/framework/src/Illuminate/Database/Query/Builder.php(3706): Illuminate\\Database\\Query\\Builder->Illuminate\\Database\\Query\\{closure}()
#15 /home/dylontech/Downloads/SAAFCECEYT/vendor/laravel/framework/src/Illuminate/Database/Query/Builder.php(3117): Illuminate\\Database\\Query\\Builder->onceWithColumns()
#16 /home/dylontech/Downloads/SAAFCECEYT/vendor/laravel/framework/src/Illuminate/Database/Concerns/BuildsQueries.php(344): Illuminate\\Database\\Query\\Builder->get()
#17 /home/dylontech/Downloads/SAAFCECEYT/vendor/laravel/framework/src/Illuminate/Database/Query/Builder.php(3038): Illuminate\\Database\\Query\\Builder->first()
#18 /home/dylontech/Downloads/SAAFCECEYT/vendor/laravel/framework/src/Illuminate/Session/DatabaseSessionHandler.php(97): Illuminate\\Database\\Query\\Builder->find()
#19 /home/dylontech/Downloads/SAAFCECEYT/vendor/laravel/framework/src/Illuminate/Session/Store.php(113): Illuminate\\Session\\DatabaseSessionHandler->read()
#20 /home/dylontech/Downloads/SAAFCECEYT/vendor/laravel/framework/src/Illuminate/Session/Store.php(101): Illuminate\\Session\\Store->readFromHandler()
#21 /home/dylontech/Downloads/SAAFCECEYT/vendor/laravel/framework/src/Illuminate/Session/Store.php(85): Illuminate\\Session\\Store->loadSession()
#22 /home/dylontech/Downloads/SAAFCECEYT/vendor/laravel/framework/src/Illuminate/Session/Middleware/StartSession.php(147): Illuminate\\Session\\Store->start()
#23 /home/dylontech/Downloads/SAAFCECEYT/vendor/laravel/framework/src/Illuminate/Support/helpers.php(393): Illuminate\\Session\\Middleware\\StartSession->Illuminate\\Session\\Middleware\\{closure}()
#24 /home/dylontech/Downloads/SAAFCECEYT/vendor/laravel/framework/src/Illuminate/Session/Middleware/StartSession.php(144): tap()
#25 /home/dylontech/Downloads/SAAFCECEYT/vendor/laravel/framework/src/Illuminate/Session/Middleware/StartSession.php(116): Illuminate\\Session\\Middleware\\StartSession->startSession()
#26 /home/dylontech/Downloads/SAAFCECEYT/vendor/laravel/framework/src/Illuminate/Session/Middleware/StartSession.php(64): Illuminate\\Session\\Middleware\\StartSession->handleStatefulRequest()
#27 /home/dylontech/Downloads/SAAFCECEYT/vendor/laravel/framework/src/Illuminate/Pipeline/Pipeline.php(183): Illuminate\\Session\\Middleware\\StartSession->handle()
#28 /home/dylontech/Downloads/SAAFCECEYT/vendor/laravel/framework/src/Illuminate/Cookie/Middleware/AddQueuedCookiesToResponse.php(37): Illuminate\\Pipeline\\Pipeline->Illuminate\\Pipeline\\{closure}()
#29 /home/dylontech/Downloads/SAAFCECEYT/vendor/laravel/framework/src/Illuminate/Pipeline/Pipeline.php(183): Illuminate\\Cookie\\Middleware\\AddQueuedCookiesToResponse->handle()
#30 /home/dylontech/Downloads/SAAFCECEYT/vendor/laravel/framework/src/Illuminate/Cookie/Middleware/EncryptCookies.php(75): Illuminate\\Pipeline\\Pipeline->Illuminate\\Pipeline\\{closure}()
#31 /home/dylontech/Downloads/SAAFCECEYT/vendor/laravel/framework/src/Illuminate/Pipeline/Pipeline.php(183): Illuminate\\Cookie\\Middleware\\EncryptCookies->handle()
#32 /home/dylontech/Downloads/SAAFCECEYT/vendor/laravel/framework/src/Illuminate/Pipeline/Pipeline.php(119): Illuminate\\Pipeline\\Pipeline->Illuminate\\Pipeline\\{closure}()
#33 /home/dylontech/Downloads/SAAFCECEYT/vendor/laravel/framework/src/Illuminate/Routing/Router.php(807): Illuminate\\Pipeline\\Pipeline->then()
#34 /home/dylontech/Downloads/SAAFCECEYT/vendor/laravel/framework/src/Illuminate/Routing/Router.php(786): Illuminate\\Routing\\Router->runRouteWithinStack()
#35 /home/dylontech/Downloads/SAAFCECEYT/vendor/laravel/framework/src/Illuminate/Routing/Router.php(750): Illuminate\\Routing\\Router->runRoute()
#36 /home/dylontech/Downloads/SAAFCECEYT/vendor/laravel/framework/src/Illuminate/Routing/Router.php(739): Illuminate\\Routing\\Router->dispatchToRoute()
#37 /home/dylontech/Downloads/SAAFCECEYT/vendor/laravel/framework/src/Illuminate/Foundation/Http/Kernel.php(201): Illuminate\\Routing\\Router->dispatch()
#38 /home/dylontech/Downloads/SAAFCECEYT/vendor/laravel/framework/src/Illuminate/Pipeline/Pipeline.php(144): Illuminate\\Foundation\\Http\\Kernel->Illuminate\\Foundation\\Http\\{closure}()
#39 /home/dylontech/Downloads/SAAFCECEYT/vendor/laravel/framework/src/Illuminate/Foundation/Http/Middleware/TransformsRequest.php(21): Illuminate\\Pipeline\\Pipeline->Illuminate\\Pipeline\\{closure}()
#40 /home/dylontech/Downloads/SAAFCECEYT/vendor/laravel/framework/src/Illuminate/Foundation/Http/Middleware/ConvertEmptyStringsToNull.php(31): Illuminate\\Foundation\\Http\\Middleware\\TransformsRequest->handle()
#41 /home/dylontech/Downloads/SAAFCECEYT/vendor/laravel/framework/src/Illuminate/Pipeline/Pipeline.php(183): Illuminate\\Foundation\\Http\\Middleware\\ConvertEmptyStringsToNull->handle()
#42 /home/dylontech/Downloads/SAAFCECEYT/vendor/laravel/framework/src/Illuminate/Foundation/Http/Middleware/TransformsRequest.php(21): Illuminate\\Pipeline\\Pipeline->Illuminate\\Pipeline\\{closure}()
#43 /home/dylontech/Downloads/SAAFCECEYT/vendor/laravel/framework/src/Illuminate/Foundation/Http/Middleware/TrimStrings.php(51): Illuminate\\Foundation\\Http\\Middleware\\TransformsRequest->handle()
#44 /home/dylontech/Downloads/SAAFCECEYT/vendor/laravel/framework/src/Illuminate/Pipeline/Pipeline.php(183): Illuminate\\Foundation\\Http\\Middleware\\TrimStrings->handle()
#45 /home/dylontech/Downloads/SAAFCECEYT/vendor/laravel/framework/src/Illuminate/Http/Middleware/ValidatePostSize.php(27): Illuminate\\Pipeline\\Pipeline->Illuminate\\Pipeline\\{closure}()
#46 /home/dylontech/Downloads/SAAFCECEYT/vendor/laravel/framework/src/Illuminate/Pipeline/Pipeline.php(183): Illuminate\\Http\\Middleware\\ValidatePostSize->handle()
#47 /home/dylontech/Downloads/SAAFCECEYT/vendor/laravel/framework/src/Illuminate/Foundation/Http/Middleware/PreventRequestsDuringMaintenance.php(110): Illuminate\\Pipeline\\Pipeline->Illuminate\\Pipeline\\{closure}()
#48 /home/dylontech/Downloads/SAAFCECEYT/vendor/laravel/framework/src/Illuminate/Pipeline/Pipeline.php(183): Illuminate\\Foundation\\Http\\Middleware\\PreventRequestsDuringMaintenance->handle()
#49 /home/dylontech/Downloads/SAAFCECEYT/vendor/laravel/framework/src/Illuminate/Http/Middleware/HandleCors.php(49): Illuminate\\Pipeline\\Pipeline->Illuminate\\Pipeline\\{closure}()
#50 /home/dylontech/Downloads/SAAFCECEYT/vendor/laravel/framework/src/Illuminate/Pipeline/Pipeline.php(183): Illuminate\\Http\\Middleware\\HandleCors->handle()
#51 /home/dylontech/Downloads/SAAFCECEYT/vendor/laravel/framework/src/Illuminate/Http/Middleware/TrustProxies.php(58): Illuminate\\Pipeline\\Pipeline->Illuminate\\Pipeline\\{closure}()
#52 /home/dylontech/Downloads/SAAFCECEYT/vendor/laravel/framework/src/Illuminate/Pipeline/Pipeline.php(183): Illuminate\\Http\\Middleware\\TrustProxies->handle()
#53 /home/dylontech/Downloads/SAAFCECEYT/vendor/laravel/framework/src/Illuminate/Foundation/Http/Middleware/InvokeDeferredCallbacks.php(22): Illuminate\\Pipeline\\Pipeline->Illuminate\\Pipeline\\{closure}()
#54 /home/dylontech/Downloads/SAAFCECEYT/vendor/laravel/framework/src/Illuminate/Pipeline/Pipeline.php(183): Illuminate\\Foundation\\Http\\Middleware\\InvokeDeferredCallbacks->handle()
#55 /home/dylontech/Downloads/SAAFCECEYT/vendor/laravel/framework/src/Illuminate/Pipeline/Pipeline.php(119): Illuminate\\Pipeline\\Pipeline->Illuminate\\Pipeline\\{closure}()
#56 /home/dylontech/Downloads/SAAFCECEYT/vendor/laravel/framework/src/Illuminate/Foundation/Http/Kernel.php(176): Illuminate\\Pipeline\\Pipeline->then()
#57 /home/dylontech/Downloads/SAAFCECEYT/vendor/laravel/framework/src/Illuminate/Foundation/Http/Kernel.php(145): Illuminate\\Foundation\\Http\\Kernel->sendRequestThroughRouter()
#58 /home/dylontech/Downloads/SAAFCECEYT/vendor/laravel/framework/src/Illuminate/Foundation/Application.php(1190): Illuminate\\Foundation\\Http\\Kernel->handle()
#59 /home/dylontech/Downloads/SAAFCECEYT/public/index.php(17): Illuminate\\Foundation\\Application->handleRequest()
#60 /home/dylontech/Downloads/SAAFCECEYT/vendor/laravel/framework/src/Illuminate/Foundation/resources/server.php(23): require_once('...')
#61 {main}
"} 
[2025-08-27 01:24:20] local.ERROR: SQLSTATE[HY000] [1698] Access denied for user 'root'@'localhost' (Connection: mysql, SQL: select * from `sessions` where `id` = tcC3fdRP9iBtgdwWjYc8ZTykKSlP0VjBJ0yk26Tz limit 1) {"exception":"[object] (Illuminate\\Database\\QueryException(code: 1698): SQLSTATE[HY000] [1698] Access denied for user 'root'@'localhost' (Connection: mysql, SQL: select * from `sessions` where `id` = tcC3fdRP9iBtgdwWjYc8ZTykKSlP0VjBJ0yk26Tz limit 1) at /home/dylontech/Downloads/SAAFCECEYT/vendor/laravel/framework/src/Illuminate/Database/Connection.php:825)
[stacktrace]
#0 /home/dylontech/Downloads/SAAFCECEYT/vendor/laravel/framework/src/Illuminate/Database/Connection.php(779): Illuminate\\Database\\Connection->runQueryCallback()
#1 /home/dylontech/Downloads/SAAFCECEYT/vendor/laravel/framework/src/Illuminate/Database/Connection.php(398): Illuminate\\Database\\Connection->run()
#2 /home/dylontech/Downloads/SAAFCECEYT/vendor/laravel/framework/src/Illuminate/Database/Query/Builder.php(3133): Illuminate\\Database\\Connection->select()
#3 /home/dylontech/Downloads/SAAFCECEYT/vendor/laravel/framework/src/Illuminate/Database/Query/Builder.php(3118): Illuminate\\Database\\Query\\Builder->runSelect()
#4 /home/dylontech/Downloads/SAAFCECEYT/vendor/laravel/framework/src/Illuminate/Database/Query/Builder.php(3706): Illuminate\\Database\\Query\\Builder->Illuminate\\Database\\Query\\{closure}()
#5 /home/dylontech/Downloads/SAAFCECEYT/vendor/laravel/framework/src/Illuminate/Database/Query/Builder.php(3117): Illuminate\\Database\\Query\\Builder->onceWithColumns()
#6 /home/dylontech/Downloads/SAAFCECEYT/vendor/laravel/framework/src/Illuminate/Database/Concerns/BuildsQueries.php(344): Illuminate\\Database\\Query\\Builder->get()
#7 /home/dylontech/Downloads/SAAFCECEYT/vendor/laravel/framework/src/Illuminate/Database/Query/Builder.php(3038): Illuminate\\Database\\Query\\Builder->first()
#8 /home/dylontech/Downloads/SAAFCECEYT/vendor/laravel/framework/src/Illuminate/Session/DatabaseSessionHandler.php(97): Illuminate\\Database\\Query\\Builder->find()
#9 /home/dylontech/Downloads/SAAFCECEYT/vendor/laravel/framework/src/Illuminate/Session/Store.php(113): Illuminate\\Session\\DatabaseSessionHandler->read()
#10 /home/dylontech/Downloads/SAAFCECEYT/vendor/laravel/framework/src/Illuminate/Session/Store.php(101): Illuminate\\Session\\Store->readFromHandler()
#11 /home/dylontech/Downloads/SAAFCECEYT/vendor/laravel/framework/src/Illuminate/Session/Store.php(85): Illuminate\\Session\\Store->loadSession()
#12 /home/dylontech/Downloads/SAAFCECEYT/vendor/laravel/framework/src/Illuminate/Session/Middleware/StartSession.php(147): Illuminate\\Session\\Store->start()
#13 /home/dylontech/Downloads/SAAFCECEYT/vendor/laravel/framework/src/Illuminate/Support/helpers.php(393): Illuminate\\Session\\Middleware\\StartSession->Illuminate\\Session\\Middleware\\{closure}()
#14 /home/dylontech/Downloads/SAAFCECEYT/vendor/laravel/framework/src/Illuminate/Session/Middleware/StartSession.php(144): tap()
#15 /home/dylontech/Downloads/SAAFCECEYT/vendor/laravel/framework/src/Illuminate/Session/Middleware/StartSession.php(116): Illuminate\\Session\\Middleware\\StartSession->startSession()
#16 /home/dylontech/Downloads/SAAFCECEYT/vendor/laravel/framework/src/Illuminate/Session/Middleware/StartSession.php(64): Illuminate\\Session\\Middleware\\StartSession->handleStatefulRequest()
#17 /home/dylontech/Downloads/SAAFCECEYT/vendor/laravel/framework/src/Illuminate/Pipeline/Pipeline.php(183): Illuminate\\Session\\Middleware\\StartSession->handle()
#18 /home/dylontech/Downloads/SAAFCECEYT/vendor/laravel/framework/src/Illuminate/Cookie/Middleware/AddQueuedCookiesToResponse.php(37): Illuminate\\Pipeline\\Pipeline->Illuminate\\Pipeline\\{closure}()
#19 /home/dylontech/Downloads/SAAFCECEYT/vendor/laravel/framework/src/Illuminate/Pipeline/Pipeline.php(183): Illuminate\\Cookie\\Middleware\\AddQueuedCookiesToResponse->handle()
#20 /home/dylontech/Downloads/SAAFCECEYT/vendor/laravel/framework/src/Illuminate/Cookie/Middleware/EncryptCookies.php(75): Illuminate\\Pipeline\\Pipeline->Illuminate\\Pipeline\\{closure}()
#21 /home/dylontech/Downloads/SAAFCECEYT/vendor/laravel/framework/src/Illuminate/Pipeline/Pipeline.php(183): Illuminate\\Cookie\\Middleware\\EncryptCookies->handle()
#22 /home/dylontech/Downloads/SAAFCECEYT/vendor/laravel/framework/src/Illuminate/Pipeline/Pipeline.php(119): Illuminate\\Pipeline\\Pipeline->Illuminate\\Pipeline\\{closure}()
#23 /home/dylontech/Downloads/SAAFCECEYT/vendor/laravel/framework/src/Illuminate/Routing/Router.php(807): Illuminate\\Pipeline\\Pipeline->then()
#24 /home/dylontech/Downloads/SAAFCECEYT/vendor/laravel/framework/src/Illuminate/Routing/Router.php(786): Illuminate\\Routing\\Router->runRouteWithinStack()
#25 /home/dylontech/Downloads/SAAFCECEYT/vendor/laravel/framework/src/Illuminate/Routing/Router.php(750): Illuminate\\Routing\\Router->runRoute()
#26 /home/dylontech/Downloads/SAAFCECEYT/vendor/laravel/framework/src/Illuminate/Routing/Router.php(739): Illuminate\\Routing\\Router->dispatchToRoute()
#27 /home/dylontech/Downloads/SAAFCECEYT/vendor/laravel/framework/src/Illuminate/Foundation/Http/Kernel.php(201): Illuminate\\Routing\\Router->dispatch()
#28 /home/dylontech/Downloads/SAAFCECEYT/vendor/laravel/framework/src/Illuminate/Pipeline/Pipeline.php(144): Illuminate\\Foundation\\Http\\Kernel->Illuminate\\Foundation\\Http\\{closure}()
#29 /home/dylontech/Downloads/SAAFCECEYT/vendor/laravel/framework/src/Illuminate/Foundation/Http/Middleware/TransformsRequest.php(21): Illuminate\\Pipeline\\Pipeline->Illuminate\\Pipeline\\{closure}()
#30 /home/dylontech/Downloads/SAAFCECEYT/vendor/laravel/framework/src/Illuminate/Foundation/Http/Middleware/ConvertEmptyStringsToNull.php(31): Illuminate\\Foundation\\Http\\Middleware\\TransformsRequest->handle()
#31 /home/dylontech/Downloads/SAAFCECEYT/vendor/laravel/framework/src/Illuminate/Pipeline/Pipeline.php(183): Illuminate\\Foundation\\Http\\Middleware\\ConvertEmptyStringsToNull->handle()
#32 /home/dylontech/Downloads/SAAFCECEYT/vendor/laravel/framework/src/Illuminate/Foundation/Http/Middleware/TransformsRequest.php(21): Illuminate\\Pipeline\\Pipeline->Illuminate\\Pipeline\\{closure}()
#33 /home/dylontech/Downloads/SAAFCECEYT/vendor/laravel/framework/src/Illuminate/Foundation/Http/Middleware/TrimStrings.php(51): Illuminate\\Foundation\\Http\\Middleware\\TransformsRequest->handle()
#34 /home/dylontech/Downloads/SAAFCECEYT/vendor/laravel/framework/src/Illuminate/Pipeline/Pipeline.php(183): Illuminate\\Foundation\\Http\\Middleware\\TrimStrings->handle()
#35 /home/dylontech/Downloads/SAAFCECEYT/vendor/laravel/framework/src/Illuminate/Http/Middleware/ValidatePostSize.php(27): Illuminate\\Pipeline\\Pipeline->Illuminate\\Pipeline\\{closure}()
#36 /home/dylontech/Downloads/SAAFCECEYT/vendor/laravel/framework/src/Illuminate/Pipeline/Pipeline.php(183): Illuminate\\Http\\Middleware\\ValidatePostSize->handle()
#37 /home/dylontech/Downloads/SAAFCECEYT/vendor/laravel/framework/src/Illuminate/Foundation/Http/Middleware/PreventRequestsDuringMaintenance.php(110): Illuminate\\Pipeline\\Pipeline->Illuminate\\Pipeline\\{closure}()
#38 /home/dylontech/Downloads/SAAFCECEYT/vendor/laravel/framework/src/Illuminate/Pipeline/Pipeline.php(183): Illuminate\\Foundation\\Http\\Middleware\\PreventRequestsDuringMaintenance->handle()
#39 /home/dylontech/Downloads/SAAFCECEYT/vendor/laravel/framework/src/Illuminate/Http/Middleware/HandleCors.php(49): Illuminate\\Pipeline\\Pipeline->Illuminate\\Pipeline\\{closure}()
#40 /home/dylontech/Downloads/SAAFCECEYT/vendor/laravel/framework/src/Illuminate/Pipeline/Pipeline.php(183): Illuminate\\Http\\Middleware\\HandleCors->handle()
#41 /home/dylontech/Downloads/SAAFCECEYT/vendor/laravel/framework/src/Illuminate/Http/Middleware/TrustProxies.php(58): Illuminate\\Pipeline\\Pipeline->Illuminate\\Pipeline\\{closure}()
#42 /home/dylontech/Downloads/SAAFCECEYT/vendor/laravel/framework/src/Illuminate/Pipeline/Pipeline.php(183): Illuminate\\Http\\Middleware\\TrustProxies->handle()
#43 /home/dylontech/Downloads/SAAFCECEYT/vendor/laravel/framework/src/Illuminate/Foundation/Http/Middleware/InvokeDeferredCallbacks.php(22): Illuminate\\Pipeline\\Pipeline->Illuminate\\Pipeline\\{closure}()
#44 /home/dylontech/Downloads/SAAFCECEYT/vendor/laravel/framework/src/Illuminate/Pipeline/Pipeline.php(183): Illuminate\\Foundation\\Http\\Middleware\\InvokeDeferredCallbacks->handle()
#45 /home/dylontech/Downloads/SAAFCECEYT/vendor/laravel/framework/src/Illuminate/Pipeline/Pipeline.php(119): Illuminate\\Pipeline\\Pipeline->Illuminate\\Pipeline\\{closure}()
#46 /home/dylontech/Downloads/SAAFCECEYT/vendor/laravel/framework/src/Illuminate/Foundation/Http/Kernel.php(176): Illuminate\\Pipeline\\Pipeline->then()
#47 /home/dylontech/Downloads/SAAFCECEYT/vendor/laravel/framework/src/Illuminate/Foundation/Http/Kernel.php(145): Illuminate\\Foundation\\Http\\Kernel->sendRequestThroughRouter()
#48 /home/dylontech/Downloads/SAAFCECEYT/vendor/laravel/framework/src/Illuminate/Foundation/Application.php(1190): Illuminate\\Foundation\\Http\\Kernel->handle()
#49 /home/dylontech/Downloads/SAAFCECEYT/public/index.php(17): Illuminate\\Foundation\\Application->handleRequest()
#50 /home/dylontech/Downloads/SAAFCECEYT/vendor/laravel/framework/src/Illuminate/Foundation/resources/server.php(23): require_once('...')
#51 {main}

[previous exception] [object] (PDOException(code: 1698): SQLSTATE[HY000] [1698] Access denied for user 'root'@'localhost' at /home/dylontech/Downloads/SAAFCECEYT/vendor/laravel/framework/src/Illuminate/Database/Connectors/Connector.php:66)
[stacktrace]
#0 /home/dylontech/Downloads/SAAFCECEYT/vendor/laravel/framework/src/Illuminate/Database/Connectors/Connector.php(66): PDO->__construct()
#1 /home/dylontech/Downloads/SAAFCECEYT/vendor/laravel/framework/src/Illuminate/Database/Connectors/Connector.php(44): Illuminate\\Database\\Connectors\\Connector->createPdoConnection()
#2 /home/dylontech/Downloads/SAAFCECEYT/vendor/laravel/framework/src/Illuminate/Database/Connectors/MySqlConnector.php(24): Illuminate\\Database\\Connectors\\Connector->createConnection()
#3 /home/dylontech/Downloads/SAAFCECEYT/vendor/laravel/framework/src/Illuminate/Database/Connectors/ConnectionFactory.php(185): Illuminate\\Database\\Connectors\\MySqlConnector->connect()
#4 [internal function]: Illuminate\\Database\\Connectors\\ConnectionFactory->Illuminate\\Database\\Connectors\\{closure}()
#5 /home/dylontech/Downloads/SAAFCECEYT/vendor/laravel/framework/src/Illuminate/Database/Connection.php(1231): call_user_func()
#6 /home/dylontech/Downloads/SAAFCECEYT/vendor/laravel/framework/src/Illuminate/Database/Connection.php(1267): Illuminate\\Database\\Connection->getPdo()
#7 /home/dylontech/Downloads/SAAFCECEYT/vendor/laravel/framework/src/Illuminate/Database/Connection.php(512): Illuminate\\Database\\Connection->getReadPdo()
#8 /home/dylontech/Downloads/SAAFCECEYT/vendor/laravel/framework/src/Illuminate/Database/Connection.php(407): Illuminate\\Database\\Connection->getPdoForSelect()
#9 /home/dylontech/Downloads/SAAFCECEYT/vendor/laravel/framework/src/Illuminate/Database/Connection.php(812): Illuminate\\Database\\Connection->Illuminate\\Database\\{closure}()
#10 /home/dylontech/Downloads/SAAFCECEYT/vendor/laravel/framework/src/Illuminate/Database/Connection.php(779): Illuminate\\Database\\Connection->runQueryCallback()
#11 /home/dylontech/Downloads/SAAFCECEYT/vendor/laravel/framework/src/Illuminate/Database/Connection.php(398): Illuminate\\Database\\Connection->run()
#12 /home/dylontech/Downloads/SAAFCECEYT/vendor/laravel/framework/src/Illuminate/Database/Query/Builder.php(3133): Illuminate\\Database\\Connection->select()
#13 /home/dylontech/Downloads/SAAFCECEYT/vendor/laravel/framework/src/Illuminate/Database/Query/Builder.php(3118): Illuminate\\Database\\Query\\Builder->runSelect()
#14 /home/dylontech/Downloads/SAAFCECEYT/vendor/laravel/framework/src/Illuminate/Database/Query/Builder.php(3706): Illuminate\\Database\\Query\\Builder->Illuminate\\Database\\Query\\{closure}()
#15 /home/dylontech/Downloads/SAAFCECEYT/vendor/laravel/framework/src/Illuminate/Database/Query/Builder.php(3117): Illuminate\\Database\\Query\\Builder->onceWithColumns()
#16 /home/dylontech/Downloads/SAAFCECEYT/vendor/laravel/framework/src/Illuminate/Database/Concerns/BuildsQueries.php(344): Illuminate\\Database\\Query\\Builder->get()
#17 /home/dylontech/Downloads/SAAFCECEYT/vendor/laravel/framework/src/Illuminate/Database/Query/Builder.php(3038): Illuminate\\Database\\Query\\Builder->first()
#18 /home/dylontech/Downloads/SAAFCECEYT/vendor/laravel/framework/src/Illuminate/Session/DatabaseSessionHandler.php(97): Illuminate\\Database\\Query\\Builder->find()
#19 /home/dylontech/Downloads/SAAFCECEYT/vendor/laravel/framework/src/Illuminate/Session/Store.php(113): Illuminate\\Session\\DatabaseSessionHandler->read()
#20 /home/dylontech/Downloads/SAAFCECEYT/vendor/laravel/framework/src/Illuminate/Session/Store.php(101): Illuminate\\Session\\Store->readFromHandler()
#21 /home/dylontech/Downloads/SAAFCECEYT/vendor/laravel/framework/src/Illuminate/Session/Store.php(85): Illuminate\\Session\\Store->loadSession()
#22 /home/dylontech/Downloads/SAAFCECEYT/vendor/laravel/framework/src/Illuminate/Session/Middleware/StartSession.php(147): Illuminate\\Session\\Store->start()
#23 /home/dylontech/Downloads/SAAFCECEYT/vendor/laravel/framework/src/Illuminate/Support/helpers.php(393): Illuminate\\Session\\Middleware\\StartSession->Illuminate\\Session\\Middleware\\{closure}()
#24 /home/dylontech/Downloads/SAAFCECEYT/vendor/laravel/framework/src/Illuminate/Session/Middleware/StartSession.php(144): tap()
#25 /home/dylontech/Downloads/SAAFCECEYT/vendor/laravel/framework/src/Illuminate/Session/Middleware/StartSession.php(116): Illuminate\\Session\\Middleware\\StartSession->startSession()
#26 /home/dylontech/Downloads/SAAFCECEYT/vendor/laravel/framework/src/Illuminate/Session/Middleware/StartSession.php(64): Illuminate\\Session\\Middleware\\StartSession->handleStatefulRequest()
#27 /home/dylontech/Downloads/SAAFCECEYT/vendor/laravel/framework/src/Illuminate/Pipeline/Pipeline.php(183): Illuminate\\Session\\Middleware\\StartSession->handle()
#28 /home/dylontech/Downloads/SAAFCECEYT/vendor/laravel/framework/src/Illuminate/Cookie/Middleware/AddQueuedCookiesToResponse.php(37): Illuminate\\Pipeline\\Pipeline->Illuminate\\Pipeline\\{closure}()
#29 /home/dylontech/Downloads/SAAFCECEYT/vendor/laravel/framework/src/Illuminate/Pipeline/Pipeline.php(183): Illuminate\\Cookie\\Middleware\\AddQueuedCookiesToResponse->handle()
#30 /home/dylontech/Downloads/SAAFCECEYT/vendor/laravel/framework/src/Illuminate/Cookie/Middleware/EncryptCookies.php(75): Illuminate\\Pipeline\\Pipeline->Illuminate\\Pipeline\\{closure}()
#31 /home/dylontech/Downloads/SAAFCECEYT/vendor/laravel/framework/src/Illuminate/Pipeline/Pipeline.php(183): Illuminate\\Cookie\\Middleware\\EncryptCookies->handle()
#32 /home/dylontech/Downloads/SAAFCECEYT/vendor/laravel/framework/src/Illuminate/Pipeline/Pipeline.php(119): Illuminate\\Pipeline\\Pipeline->Illuminate\\Pipeline\\{closure}()
#33 /home/dylontech/Downloads/SAAFCECEYT/vendor/laravel/framework/src/Illuminate/Routing/Router.php(807): Illuminate\\Pipeline\\Pipeline->then()
#34 /home/dylontech/Downloads/SAAFCECEYT/vendor/laravel/framework/src/Illuminate/Routing/Router.php(786): Illuminate\\Routing\\Router->runRouteWithinStack()
#35 /home/dylontech/Downloads/SAAFCECEYT/vendor/laravel/framework/src/Illuminate/Routing/Router.php(750): Illuminate\\Routing\\Router->runRoute()
#36 /home/dylontech/Downloads/SAAFCECEYT/vendor/laravel/framework/src/Illuminate/Routing/Router.php(739): Illuminate\\Routing\\Router->dispatchToRoute()
#37 /home/dylontech/Downloads/SAAFCECEYT/vendor/laravel/framework/src/Illuminate/Foundation/Http/Kernel.php(201): Illuminate\\Routing\\Router->dispatch()
#38 /home/dylontech/Downloads/SAAFCECEYT/vendor/laravel/framework/src/Illuminate/Pipeline/Pipeline.php(144): Illuminate\\Foundation\\Http\\Kernel->Illuminate\\Foundation\\Http\\{closure}()
#39 /home/dylontech/Downloads/SAAFCECEYT/vendor/laravel/framework/src/Illuminate/Foundation/Http/Middleware/TransformsRequest.php(21): Illuminate\\Pipeline\\Pipeline->Illuminate\\Pipeline\\{closure}()
#40 /home/dylontech/Downloads/SAAFCECEYT/vendor/laravel/framework/src/Illuminate/Foundation/Http/Middleware/ConvertEmptyStringsToNull.php(31): Illuminate\\Foundation\\Http\\Middleware\\TransformsRequest->handle()
#41 /home/dylontech/Downloads/SAAFCECEYT/vendor/laravel/framework/src/Illuminate/Pipeline/Pipeline.php(183): Illuminate\\Foundation\\Http\\Middleware\\ConvertEmptyStringsToNull->handle()
#42 /home/dylontech/Downloads/SAAFCECEYT/vendor/laravel/framework/src/Illuminate/Foundation/Http/Middleware/TransformsRequest.php(21): Illuminate\\Pipeline\\Pipeline->Illuminate\\Pipeline\\{closure}()
#43 /home/dylontech/Downloads/SAAFCECEYT/vendor/laravel/framework/src/Illuminate/Foundation/Http/Middleware/TrimStrings.php(51): Illuminate\\Foundation\\Http\\Middleware\\TransformsRequest->handle()
#44 /home/dylontech/Downloads/SAAFCECEYT/vendor/laravel/framework/src/Illuminate/Pipeline/Pipeline.php(183): Illuminate\\Foundation\\Http\\Middleware\\TrimStrings->handle()
#45 /home/dylontech/Downloads/SAAFCECEYT/vendor/laravel/framework/src/Illuminate/Http/Middleware/ValidatePostSize.php(27): Illuminate\\Pipeline\\Pipeline->Illuminate\\Pipeline\\{closure}()
#46 /home/dylontech/Downloads/SAAFCECEYT/vendor/laravel/framework/src/Illuminate/Pipeline/Pipeline.php(183): Illuminate\\Http\\Middleware\\ValidatePostSize->handle()
#47 /home/dylontech/Downloads/SAAFCECEYT/vendor/laravel/framework/src/Illuminate/Foundation/Http/Middleware/PreventRequestsDuringMaintenance.php(110): Illuminate\\Pipeline\\Pipeline->Illuminate\\Pipeline\\{closure}()
#48 /home/dylontech/Downloads/SAAFCECEYT/vendor/laravel/framework/src/Illuminate/Pipeline/Pipeline.php(183): Illuminate\\Foundation\\Http\\Middleware\\PreventRequestsDuringMaintenance->handle()
#49 /home/dylontech/Downloads/SAAFCECEYT/vendor/laravel/framework/src/Illuminate/Http/Middleware/HandleCors.php(49): Illuminate\\Pipeline\\Pipeline->Illuminate\\Pipeline\\{closure}()
#50 /home/dylontech/Downloads/SAAFCECEYT/vendor/laravel/framework/src/Illuminate/Pipeline/Pipeline.php(183): Illuminate\\Http\\Middleware\\HandleCors->handle()
#51 /home/dylontech/Downloads/SAAFCECEYT/vendor/laravel/framework/src/Illuminate/Http/Middleware/TrustProxies.php(58): Illuminate\\Pipeline\\Pipeline->Illuminate\\Pipeline\\{closure}()
#52 /home/dylontech/Downloads/SAAFCECEYT/vendor/laravel/framework/src/Illuminate/Pipeline/Pipeline.php(183): Illuminate\\Http\\Middleware\\TrustProxies->handle()
#53 /home/dylontech/Downloads/SAAFCECEYT/vendor/laravel/framework/src/Illuminate/Foundation/Http/Middleware/InvokeDeferredCallbacks.php(22): Illuminate\\Pipeline\\Pipeline->Illuminate\\Pipeline\\{closure}()
#54 /home/dylontech/Downloads/SAAFCECEYT/vendor/laravel/framework/src/Illuminate/Pipeline/Pipeline.php(183): Illuminate\\Foundation\\Http\\Middleware\\InvokeDeferredCallbacks->handle()
#55 /home/dylontech/Downloads/SAAFCECEYT/vendor/laravel/framework/src/Illuminate/Pipeline/Pipeline.php(119): Illuminate\\Pipeline\\Pipeline->Illuminate\\Pipeline\\{closure}()
#56 /home/dylontech/Downloads/SAAFCECEYT/vendor/laravel/framework/src/Illuminate/Foundation/Http/Kernel.php(176): Illuminate\\Pipeline\\Pipeline->then()
#57 /home/dylontech/Downloads/SAAFCECEYT/vendor/laravel/framework/src/Illuminate/Foundation/Http/Kernel.php(145): Illuminate\\Foundation\\Http\\Kernel->sendRequestThroughRouter()
#58 /home/dylontech/Downloads/SAAFCECEYT/vendor/laravel/framework/src/Illuminate/Foundation/Application.php(1190): Illuminate\\Foundation\\Http\\Kernel->handle()
#59 /home/dylontech/Downloads/SAAFCECEYT/public/index.php(17): Illuminate\\Foundation\\Application->handleRequest()
#60 /home/dylontech/Downloads/SAAFCECEYT/vendor/laravel/framework/src/Illuminate/Foundation/resources/server.php(23): require_once('...')
#61 {main}
"} 
[2025-08-27 01:24:37] local.ERROR: SQLSTATE[HY000] [1698] Access denied for user 'root'@'localhost' (Connection: mysql, SQL: select * from `sessions` where `id` = vFekZgHTm3tbI5laPljOpwUsxmVi5Yy6RZ8uRK7Z limit 1) {"exception":"[object] (Illuminate\\Database\\QueryException(code: 1698): SQLSTATE[HY000] [1698] Access denied for user 'root'@'localhost' (Connection: mysql, SQL: select * from `sessions` where `id` = vFekZgHTm3tbI5laPljOpwUsxmVi5Yy6RZ8uRK7Z limit 1) at /home/dylontech/Downloads/SAAFCECEYT/vendor/laravel/framework/src/Illuminate/Database/Connection.php:825)
[stacktrace]
#0 /home/dylontech/Downloads/SAAFCECEYT/vendor/laravel/framework/src/Illuminate/Database/Connection.php(779): Illuminate\\Database\\Connection->runQueryCallback()
#1 /home/dylontech/Downloads/SAAFCECEYT/vendor/laravel/framework/src/Illuminate/Database/Connection.php(398): Illuminate\\Database\\Connection->run()
#2 /home/dylontech/Downloads/SAAFCECEYT/vendor/laravel/framework/src/Illuminate/Database/Query/Builder.php(3133): Illuminate\\Database\\Connection->select()
#3 /home/dylontech/Downloads/SAAFCECEYT/vendor/laravel/framework/src/Illuminate/Database/Query/Builder.php(3118): Illuminate\\Database\\Query\\Builder->runSelect()
#4 /home/dylontech/Downloads/SAAFCECEYT/vendor/laravel/framework/src/Illuminate/Database/Query/Builder.php(3706): Illuminate\\Database\\Query\\Builder->Illuminate\\Database\\Query\\{closure}()
#5 /home/dylontech/Downloads/SAAFCECEYT/vendor/laravel/framework/src/Illuminate/Database/Query/Builder.php(3117): Illuminate\\Database\\Query\\Builder->onceWithColumns()
#6 /home/dylontech/Downloads/SAAFCECEYT/vendor/laravel/framework/src/Illuminate/Database/Concerns/BuildsQueries.php(344): Illuminate\\Database\\Query\\Builder->get()
#7 /home/dylontech/Downloads/SAAFCECEYT/vendor/laravel/framework/src/Illuminate/Database/Query/Builder.php(3038): Illuminate\\Database\\Query\\Builder->first()
#8 /home/dylontech/Downloads/SAAFCECEYT/vendor/laravel/framework/src/Illuminate/Session/DatabaseSessionHandler.php(97): Illuminate\\Database\\Query\\Builder->find()
#9 /home/dylontech/Downloads/SAAFCECEYT/vendor/laravel/framework/src/Illuminate/Session/Store.php(113): Illuminate\\Session\\DatabaseSessionHandler->read()
#10 /home/dylontech/Downloads/SAAFCECEYT/vendor/laravel/framework/src/Illuminate/Session/Store.php(101): Illuminate\\Session\\Store->readFromHandler()
#11 /home/dylontech/Downloads/SAAFCECEYT/vendor/laravel/framework/src/Illuminate/Session/Store.php(85): Illuminate\\Session\\Store->loadSession()
#12 /home/dylontech/Downloads/SAAFCECEYT/vendor/laravel/framework/src/Illuminate/Session/Middleware/StartSession.php(147): Illuminate\\Session\\Store->start()
#13 /home/dylontech/Downloads/SAAFCECEYT/vendor/laravel/framework/src/Illuminate/Support/helpers.php(393): Illuminate\\Session\\Middleware\\StartSession->Illuminate\\Session\\Middleware\\{closure}()
#14 /home/dylontech/Downloads/SAAFCECEYT/vendor/laravel/framework/src/Illuminate/Session/Middleware/StartSession.php(144): tap()
#15 /home/dylontech/Downloads/SAAFCECEYT/vendor/laravel/framework/src/Illuminate/Session/Middleware/StartSession.php(116): Illuminate\\Session\\Middleware\\StartSession->startSession()
#16 /home/dylontech/Downloads/SAAFCECEYT/vendor/laravel/framework/src/Illuminate/Session/Middleware/StartSession.php(64): Illuminate\\Session\\Middleware\\StartSession->handleStatefulRequest()
#17 /home/dylontech/Downloads/SAAFCECEYT/vendor/laravel/framework/src/Illuminate/Pipeline/Pipeline.php(183): Illuminate\\Session\\Middleware\\StartSession->handle()
#18 /home/dylontech/Downloads/SAAFCECEYT/vendor/laravel/framework/src/Illuminate/Cookie/Middleware/AddQueuedCookiesToResponse.php(37): Illuminate\\Pipeline\\Pipeline->Illuminate\\Pipeline\\{closure}()
#19 /home/dylontech/Downloads/SAAFCECEYT/vendor/laravel/framework/src/Illuminate/Pipeline/Pipeline.php(183): Illuminate\\Cookie\\Middleware\\AddQueuedCookiesToResponse->handle()
#20 /home/dylontech/Downloads/SAAFCECEYT/vendor/laravel/framework/src/Illuminate/Cookie/Middleware/EncryptCookies.php(75): Illuminate\\Pipeline\\Pipeline->Illuminate\\Pipeline\\{closure}()
#21 /home/dylontech/Downloads/SAAFCECEYT/vendor/laravel/framework/src/Illuminate/Pipeline/Pipeline.php(183): Illuminate\\Cookie\\Middleware\\EncryptCookies->handle()
#22 /home/dylontech/Downloads/SAAFCECEYT/vendor/laravel/framework/src/Illuminate/Pipeline/Pipeline.php(119): Illuminate\\Pipeline\\Pipeline->Illuminate\\Pipeline\\{closure}()
#23 /home/dylontech/Downloads/SAAFCECEYT/vendor/laravel/framework/src/Illuminate/Routing/Router.php(807): Illuminate\\Pipeline\\Pipeline->then()
#24 /home/dylontech/Downloads/SAAFCECEYT/vendor/laravel/framework/src/Illuminate/Routing/Router.php(786): Illuminate\\Routing\\Router->runRouteWithinStack()
#25 /home/dylontech/Downloads/SAAFCECEYT/vendor/laravel/framework/src/Illuminate/Routing/Router.php(750): Illuminate\\Routing\\Router->runRoute()
#26 /home/dylontech/Downloads/SAAFCECEYT/vendor/laravel/framework/src/Illuminate/Routing/Router.php(739): Illuminate\\Routing\\Router->dispatchToRoute()
#27 /home/dylontech/Downloads/SAAFCECEYT/vendor/laravel/framework/src/Illuminate/Foundation/Http/Kernel.php(201): Illuminate\\Routing\\Router->dispatch()
#28 /home/dylontech/Downloads/SAAFCECEYT/vendor/laravel/framework/src/Illuminate/Pipeline/Pipeline.php(144): Illuminate\\Foundation\\Http\\Kernel->Illuminate\\Foundation\\Http\\{closure}()
#29 /home/dylontech/Downloads/SAAFCECEYT/vendor/laravel/framework/src/Illuminate/Foundation/Http/Middleware/TransformsRequest.php(21): Illuminate\\Pipeline\\Pipeline->Illuminate\\Pipeline\\{closure}()
#30 /home/dylontech/Downloads/SAAFCECEYT/vendor/laravel/framework/src/Illuminate/Foundation/Http/Middleware/ConvertEmptyStringsToNull.php(31): Illuminate\\Foundation\\Http\\Middleware\\TransformsRequest->handle()
#31 /home/dylontech/Downloads/SAAFCECEYT/vendor/laravel/framework/src/Illuminate/Pipeline/Pipeline.php(183): Illuminate\\Foundation\\Http\\Middleware\\ConvertEmptyStringsToNull->handle()
#32 /home/dylontech/Downloads/SAAFCECEYT/vendor/laravel/framework/src/Illuminate/Foundation/Http/Middleware/TransformsRequest.php(21): Illuminate\\Pipeline\\Pipeline->Illuminate\\Pipeline\\{closure}()
#33 /home/dylontech/Downloads/SAAFCECEYT/vendor/laravel/framework/src/Illuminate/Foundation/Http/Middleware/TrimStrings.php(51): Illuminate\\Foundation\\Http\\Middleware\\TransformsRequest->handle()
#34 /home/dylontech/Downloads/SAAFCECEYT/vendor/laravel/framework/src/Illuminate/Pipeline/Pipeline.php(183): Illuminate\\Foundation\\Http\\Middleware\\TrimStrings->handle()
#35 /home/dylontech/Downloads/SAAFCECEYT/vendor/laravel/framework/src/Illuminate/Http/Middleware/ValidatePostSize.php(27): Illuminate\\Pipeline\\Pipeline->Illuminate\\Pipeline\\{closure}()
#36 /home/dylontech/Downloads/SAAFCECEYT/vendor/laravel/framework/src/Illuminate/Pipeline/Pipeline.php(183): Illuminate\\Http\\Middleware\\ValidatePostSize->handle()
#37 /home/dylontech/Downloads/SAAFCECEYT/vendor/laravel/framework/src/Illuminate/Foundation/Http/Middleware/PreventRequestsDuringMaintenance.php(110): Illuminate\\Pipeline\\Pipeline->Illuminate\\Pipeline\\{closure}()
#38 /home/dylontech/Downloads/SAAFCECEYT/vendor/laravel/framework/src/Illuminate/Pipeline/Pipeline.php(183): Illuminate\\Foundation\\Http\\Middleware\\PreventRequestsDuringMaintenance->handle()
#39 /home/dylontech/Downloads/SAAFCECEYT/vendor/laravel/framework/src/Illuminate/Http/Middleware/HandleCors.php(49): Illuminate\\Pipeline\\Pipeline->Illuminate\\Pipeline\\{closure}()
#40 /home/dylontech/Downloads/SAAFCECEYT/vendor/laravel/framework/src/Illuminate/Pipeline/Pipeline.php(183): Illuminate\\Http\\Middleware\\HandleCors->handle()
#41 /home/dylontech/Downloads/SAAFCECEYT/vendor/laravel/framework/src/Illuminate/Http/Middleware/TrustProxies.php(58): Illuminate\\Pipeline\\Pipeline->Illuminate\\Pipeline\\{closure}()
#42 /home/dylontech/Downloads/SAAFCECEYT/vendor/laravel/framework/src/Illuminate/Pipeline/Pipeline.php(183): Illuminate\\Http\\Middleware\\TrustProxies->handle()
#43 /home/dylontech/Downloads/SAAFCECEYT/vendor/laravel/framework/src/Illuminate/Foundation/Http/Middleware/InvokeDeferredCallbacks.php(22): Illuminate\\Pipeline\\Pipeline->Illuminate\\Pipeline\\{closure}()
#44 /home/dylontech/Downloads/SAAFCECEYT/vendor/laravel/framework/src/Illuminate/Pipeline/Pipeline.php(183): Illuminate\\Foundation\\Http\\Middleware\\InvokeDeferredCallbacks->handle()
#45 /home/dylontech/Downloads/SAAFCECEYT/vendor/laravel/framework/src/Illuminate/Pipeline/Pipeline.php(119): Illuminate\\Pipeline\\Pipeline->Illuminate\\Pipeline\\{closure}()
#46 /home/dylontech/Downloads/SAAFCECEYT/vendor/laravel/framework/src/Illuminate/Foundation/Http/Kernel.php(176): Illuminate\\Pipeline\\Pipeline->then()
#47 /home/dylontech/Downloads/SAAFCECEYT/vendor/laravel/framework/src/Illuminate/Foundation/Http/Kernel.php(145): Illuminate\\Foundation\\Http\\Kernel->sendRequestThroughRouter()
#48 /home/dylontech/Downloads/SAAFCECEYT/vendor/laravel/framework/src/Illuminate/Foundation/Application.php(1190): Illuminate\\Foundation\\Http\\Kernel->handle()
#49 /home/dylontech/Downloads/SAAFCECEYT/public/index.php(17): Illuminate\\Foundation\\Application->handleRequest()
#50 /home/dylontech/Downloads/SAAFCECEYT/vendor/laravel/framework/src/Illuminate/Foundation/resources/server.php(23): require_once('...')
#51 {main}

[previous exception] [object] (PDOException(code: 1698): SQLSTATE[HY000] [1698] Access denied for user 'root'@'localhost' at /home/dylontech/Downloads/SAAFCECEYT/vendor/laravel/framework/src/Illuminate/Database/Connectors/Connector.php:66)
[stacktrace]
#0 /home/dylontech/Downloads/SAAFCECEYT/vendor/laravel/framework/src/Illuminate/Database/Connectors/Connector.php(66): PDO->__construct()
#1 /home/dylontech/Downloads/SAAFCECEYT/vendor/laravel/framework/src/Illuminate/Database/Connectors/Connector.php(44): Illuminate\\Database\\Connectors\\Connector->createPdoConnection()
#2 /home/dylontech/Downloads/SAAFCECEYT/vendor/laravel/framework/src/Illuminate/Database/Connectors/MySqlConnector.php(24): Illuminate\\Database\\Connectors\\Connector->createConnection()
#3 /home/dylontech/Downloads/SAAFCECEYT/vendor/laravel/framework/src/Illuminate/Database/Connectors/ConnectionFactory.php(185): Illuminate\\Database\\Connectors\\MySqlConnector->connect()
#4 [internal function]: Illuminate\\Database\\Connectors\\ConnectionFactory->Illuminate\\Database\\Connectors\\{closure}()
#5 /home/dylontech/Downloads/SAAFCECEYT/vendor/laravel/framework/src/Illuminate/Database/Connection.php(1231): call_user_func()
#6 /home/dylontech/Downloads/SAAFCECEYT/vendor/laravel/framework/src/Illuminate/Database/Connection.php(1267): Illuminate\\Database\\Connection->getPdo()
#7 /home/dylontech/Downloads/SAAFCECEYT/vendor/laravel/framework/src/Illuminate/Database/Connection.php(512): Illuminate\\Database\\Connection->getReadPdo()
#8 /home/dylontech/Downloads/SAAFCECEYT/vendor/laravel/framework/src/Illuminate/Database/Connection.php(407): Illuminate\\Database\\Connection->getPdoForSelect()
#9 /home/dylontech/Downloads/SAAFCECEYT/vendor/laravel/framework/src/Illuminate/Database/Connection.php(812): Illuminate\\Database\\Connection->Illuminate\\Database\\{closure}()
#10 /home/dylontech/Downloads/SAAFCECEYT/vendor/laravel/framework/src/Illuminate/Database/Connection.php(779): Illuminate\\Database\\Connection->runQueryCallback()
#11 /home/dylontech/Downloads/SAAFCECEYT/vendor/laravel/framework/src/Illuminate/Database/Connection.php(398): Illuminate\\Database\\Connection->run()
#12 /home/dylontech/Downloads/SAAFCECEYT/vendor/laravel/framework/src/Illuminate/Database/Query/Builder.php(3133): Illuminate\\Database\\Connection->select()
#13 /home/dylontech/Downloads/SAAFCECEYT/vendor/laravel/framework/src/Illuminate/Database/Query/Builder.php(3118): Illuminate\\Database\\Query\\Builder->runSelect()
#14 /home/dylontech/Downloads/SAAFCECEYT/vendor/laravel/framework/src/Illuminate/Database/Query/Builder.php(3706): Illuminate\\Database\\Query\\Builder->Illuminate\\Database\\Query\\{closure}()
#15 /home/dylontech/Downloads/SAAFCECEYT/vendor/laravel/framework/src/Illuminate/Database/Query/Builder.php(3117): Illuminate\\Database\\Query\\Builder->onceWithColumns()
#16 /home/dylontech/Downloads/SAAFCECEYT/vendor/laravel/framework/src/Illuminate/Database/Concerns/BuildsQueries.php(344): Illuminate\\Database\\Query\\Builder->get()
#17 /home/dylontech/Downloads/SAAFCECEYT/vendor/laravel/framework/src/Illuminate/Database/Query/Builder.php(3038): Illuminate\\Database\\Query\\Builder->first()
#18 /home/dylontech/Downloads/SAAFCECEYT/vendor/laravel/framework/src/Illuminate/Session/DatabaseSessionHandler.php(97): Illuminate\\Database\\Query\\Builder->find()
#19 /home/dylontech/Downloads/SAAFCECEYT/vendor/laravel/framework/src/Illuminate/Session/Store.php(113): Illuminate\\Session\\DatabaseSessionHandler->read()
#20 /home/dylontech/Downloads/SAAFCECEYT/vendor/laravel/framework/src/Illuminate/Session/Store.php(101): Illuminate\\Session\\Store->readFromHandler()
#21 /home/dylontech/Downloads/SAAFCECEYT/vendor/laravel/framework/src/Illuminate/Session/Store.php(85): Illuminate\\Session\\Store->loadSession()
#22 /home/dylontech/Downloads/SAAFCECEYT/vendor/laravel/framework/src/Illuminate/Session/Middleware/StartSession.php(147): Illuminate\\Session\\Store->start()
#23 /home/dylontech/Downloads/SAAFCECEYT/vendor/laravel/framework/src/Illuminate/Support/helpers.php(393): Illuminate\\Session\\Middleware\\StartSession->Illuminate\\Session\\Middleware\\{closure}()
#24 /home/dylontech/Downloads/SAAFCECEYT/vendor/laravel/framework/src/Illuminate/Session/Middleware/StartSession.php(144): tap()
#25 /home/dylontech/Downloads/SAAFCECEYT/vendor/laravel/framework/src/Illuminate/Session/Middleware/StartSession.php(116): Illuminate\\Session\\Middleware\\StartSession->startSession()
#26 /home/dylontech/Downloads/SAAFCECEYT/vendor/laravel/framework/src/Illuminate/Session/Middleware/StartSession.php(64): Illuminate\\Session\\Middleware\\StartSession->handleStatefulRequest()
#27 /home/dylontech/Downloads/SAAFCECEYT/vendor/laravel/framework/src/Illuminate/Pipeline/Pipeline.php(183): Illuminate\\Session\\Middleware\\StartSession->handle()
#28 /home/dylontech/Downloads/SAAFCECEYT/vendor/laravel/framework/src/Illuminate/Cookie/Middleware/AddQueuedCookiesToResponse.php(37): Illuminate\\Pipeline\\Pipeline->Illuminate\\Pipeline\\{closure}()
#29 /home/dylontech/Downloads/SAAFCECEYT/vendor/laravel/framework/src/Illuminate/Pipeline/Pipeline.php(183): Illuminate\\Cookie\\Middleware\\AddQueuedCookiesToResponse->handle()
#30 /home/dylontech/Downloads/SAAFCECEYT/vendor/laravel/framework/src/Illuminate/Cookie/Middleware/EncryptCookies.php(75): Illuminate\\Pipeline\\Pipeline->Illuminate\\Pipeline\\{closure}()
#31 /home/dylontech/Downloads/SAAFCECEYT/vendor/laravel/framework/src/Illuminate/Pipeline/Pipeline.php(183): Illuminate\\Cookie\\Middleware\\EncryptCookies->handle()
#32 /home/dylontech/Downloads/SAAFCECEYT/vendor/laravel/framework/src/Illuminate/Pipeline/Pipeline.php(119): Illuminate\\Pipeline\\Pipeline->Illuminate\\Pipeline\\{closure}()
#33 /home/dylontech/Downloads/SAAFCECEYT/vendor/laravel/framework/src/Illuminate/Routing/Router.php(807): Illuminate\\Pipeline\\Pipeline->then()
#34 /home/dylontech/Downloads/SAAFCECEYT/vendor/laravel/framework/src/Illuminate/Routing/Router.php(786): Illuminate\\Routing\\Router->runRouteWithinStack()
#35 /home/dylontech/Downloads/SAAFCECEYT/vendor/laravel/framework/src/Illuminate/Routing/Router.php(750): Illuminate\\Routing\\Router->runRoute()
#36 /home/dylontech/Downloads/SAAFCECEYT/vendor/laravel/framework/src/Illuminate/Routing/Router.php(739): Illuminate\\Routing\\Router->dispatchToRoute()
#37 /home/dylontech/Downloads/SAAFCECEYT/vendor/laravel/framework/src/Illuminate/Foundation/Http/Kernel.php(201): Illuminate\\Routing\\Router->dispatch()
#38 /home/dylontech/Downloads/SAAFCECEYT/vendor/laravel/framework/src/Illuminate/Pipeline/Pipeline.php(144): Illuminate\\Foundation\\Http\\Kernel->Illuminate\\Foundation\\Http\\{closure}()
#39 /home/dylontech/Downloads/SAAFCECEYT/vendor/laravel/framework/src/Illuminate/Foundation/Http/Middleware/TransformsRequest.php(21): Illuminate\\Pipeline\\Pipeline->Illuminate\\Pipeline\\{closure}()
#40 /home/dylontech/Downloads/SAAFCECEYT/vendor/laravel/framework/src/Illuminate/Foundation/Http/Middleware/ConvertEmptyStringsToNull.php(31): Illuminate\\Foundation\\Http\\Middleware\\TransformsRequest->handle()
#41 /home/dylontech/Downloads/SAAFCECEYT/vendor/laravel/framework/src/Illuminate/Pipeline/Pipeline.php(183): Illuminate\\Foundation\\Http\\Middleware\\ConvertEmptyStringsToNull->handle()
#42 /home/dylontech/Downloads/SAAFCECEYT/vendor/laravel/framework/src/Illuminate/Foundation/Http/Middleware/TransformsRequest.php(21): Illuminate\\Pipeline\\Pipeline->Illuminate\\Pipeline\\{closure}()
#43 /home/dylontech/Downloads/SAAFCECEYT/vendor/laravel/framework/src/Illuminate/Foundation/Http/Middleware/TrimStrings.php(51): Illuminate\\Foundation\\Http\\Middleware\\TransformsRequest->handle()
#44 /home/dylontech/Downloads/SAAFCECEYT/vendor/laravel/framework/src/Illuminate/Pipeline/Pipeline.php(183): Illuminate\\Foundation\\Http\\Middleware\\TrimStrings->handle()
#45 /home/dylontech/Downloads/SAAFCECEYT/vendor/laravel/framework/src/Illuminate/Http/Middleware/ValidatePostSize.php(27): Illuminate\\Pipeline\\Pipeline->Illuminate\\Pipeline\\{closure}()
#46 /home/dylontech/Downloads/SAAFCECEYT/vendor/laravel/framework/src/Illuminate/Pipeline/Pipeline.php(183): Illuminate\\Http\\Middleware\\ValidatePostSize->handle()
#47 /home/dylontech/Downloads/SAAFCECEYT/vendor/laravel/framework/src/Illuminate/Foundation/Http/Middleware/PreventRequestsDuringMaintenance.php(110): Illuminate\\Pipeline\\Pipeline->Illuminate\\Pipeline\\{closure}()
#48 /home/dylontech/Downloads/SAAFCECEYT/vendor/laravel/framework/src/Illuminate/Pipeline/Pipeline.php(183): Illuminate\\Foundation\\Http\\Middleware\\PreventRequestsDuringMaintenance->handle()
#49 /home/dylontech/Downloads/SAAFCECEYT/vendor/laravel/framework/src/Illuminate/Http/Middleware/HandleCors.php(49): Illuminate\\Pipeline\\Pipeline->Illuminate\\Pipeline\\{closure}()
#50 /home/dylontech/Downloads/SAAFCECEYT/vendor/laravel/framework/src/Illuminate/Pipeline/Pipeline.php(183): Illuminate\\Http\\Middleware\\HandleCors->handle()
#51 /home/dylontech/Downloads/SAAFCECEYT/vendor/laravel/framework/src/Illuminate/Http/Middleware/TrustProxies.php(58): Illuminate\\Pipeline\\Pipeline->Illuminate\\Pipeline\\{closure}()
#52 /home/dylontech/Downloads/SAAFCECEYT/vendor/laravel/framework/src/Illuminate/Pipeline/Pipeline.php(183): Illuminate\\Http\\Middleware\\TrustProxies->handle()
#53 /home/dylontech/Downloads/SAAFCECEYT/vendor/laravel/framework/src/Illuminate/Foundation/Http/Middleware/InvokeDeferredCallbacks.php(22): Illuminate\\Pipeline\\Pipeline->Illuminate\\Pipeline\\{closure}()
#54 /home/dylontech/Downloads/SAAFCECEYT/vendor/laravel/framework/src/Illuminate/Pipeline/Pipeline.php(183): Illuminate\\Foundation\\Http\\Middleware\\InvokeDeferredCallbacks->handle()
#55 /home/dylontech/Downloads/SAAFCECEYT/vendor/laravel/framework/src/Illuminate/Pipeline/Pipeline.php(119): Illuminate\\Pipeline\\Pipeline->Illuminate\\Pipeline\\{closure}()
#56 /home/dylontech/Downloads/SAAFCECEYT/vendor/laravel/framework/src/Illuminate/Foundation/Http/Kernel.php(176): Illuminate\\Pipeline\\Pipeline->then()
#57 /home/dylontech/Downloads/SAAFCECEYT/vendor/laravel/framework/src/Illuminate/Foundation/Http/Kernel.php(145): Illuminate\\Foundation\\Http\\Kernel->sendRequestThroughRouter()
#58 /home/dylontech/Downloads/SAAFCECEYT/vendor/laravel/framework/src/Illuminate/Foundation/Application.php(1190): Illuminate\\Foundation\\Http\\Kernel->handle()
#59 /home/dylontech/Downloads/SAAFCECEYT/public/index.php(17): Illuminate\\Foundation\\Application->handleRequest()
#60 /home/dylontech/Downloads/SAAFCECEYT/vendor/laravel/framework/src/Illuminate/Foundation/resources/server.php(23): require_once('...')
#61 {main}
"} 
[2025-08-27 01:26:15] local.ERROR: SQLSTATE[HY000] [1698] Access denied for user 'root'@'localhost' (Connection: mysql, SQL: select * from `sessions` where `id` = vFekZgHTm3tbI5laPljOpwUsxmVi5Yy6RZ8uRK7Z limit 1) {"exception":"[object] (Illuminate\\Database\\QueryException(code: 1698): SQLSTATE[HY000] [1698] Access denied for user 'root'@'localhost' (Connection: mysql, SQL: select * from `sessions` where `id` = vFekZgHTm3tbI5laPljOpwUsxmVi5Yy6RZ8uRK7Z limit 1) at /home/dylontech/Downloads/SAAFCECEYT/vendor/laravel/framework/src/Illuminate/Database/Connection.php:825)
[stacktrace]
#0 /home/dylontech/Downloads/SAAFCECEYT/vendor/laravel/framework/src/Illuminate/Database/Connection.php(779): Illuminate\\Database\\Connection->runQueryCallback()
#1 /home/dylontech/Downloads/SAAFCECEYT/vendor/laravel/framework/src/Illuminate/Database/Connection.php(398): Illuminate\\Database\\Connection->run()
#2 /home/dylontech/Downloads/SAAFCECEYT/vendor/laravel/framework/src/Illuminate/Database/Query/Builder.php(3133): Illuminate\\Database\\Connection->select()
#3 /home/dylontech/Downloads/SAAFCECEYT/vendor/laravel/framework/src/Illuminate/Database/Query/Builder.php(3118): Illuminate\\Database\\Query\\Builder->runSelect()
#4 /home/dylontech/Downloads/SAAFCECEYT/vendor/laravel/framework/src/Illuminate/Database/Query/Builder.php(3706): Illuminate\\Database\\Query\\Builder->Illuminate\\Database\\Query\\{closure}()
#5 /home/dylontech/Downloads/SAAFCECEYT/vendor/laravel/framework/src/Illuminate/Database/Query/Builder.php(3117): Illuminate\\Database\\Query\\Builder->onceWithColumns()
#6 /home/dylontech/Downloads/SAAFCECEYT/vendor/laravel/framework/src/Illuminate/Database/Concerns/BuildsQueries.php(344): Illuminate\\Database\\Query\\Builder->get()
#7 /home/dylontech/Downloads/SAAFCECEYT/vendor/laravel/framework/src/Illuminate/Database/Query/Builder.php(3038): Illuminate\\Database\\Query\\Builder->first()
#8 /home/dylontech/Downloads/SAAFCECEYT/vendor/laravel/framework/src/Illuminate/Session/DatabaseSessionHandler.php(97): Illuminate\\Database\\Query\\Builder->find()
#9 /home/dylontech/Downloads/SAAFCECEYT/vendor/laravel/framework/src/Illuminate/Session/Store.php(113): Illuminate\\Session\\DatabaseSessionHandler->read()
#10 /home/dylontech/Downloads/SAAFCECEYT/vendor/laravel/framework/src/Illuminate/Session/Store.php(101): Illuminate\\Session\\Store->readFromHandler()
#11 /home/dylontech/Downloads/SAAFCECEYT/vendor/laravel/framework/src/Illuminate/Session/Store.php(85): Illuminate\\Session\\Store->loadSession()
#12 /home/dylontech/Downloads/SAAFCECEYT/vendor/laravel/framework/src/Illuminate/Session/Middleware/StartSession.php(147): Illuminate\\Session\\Store->start()
#13 /home/dylontech/Downloads/SAAFCECEYT/vendor/laravel/framework/src/Illuminate/Support/helpers.php(393): Illuminate\\Session\\Middleware\\StartSession->Illuminate\\Session\\Middleware\\{closure}()
#14 /home/dylontech/Downloads/SAAFCECEYT/vendor/laravel/framework/src/Illuminate/Session/Middleware/StartSession.php(144): tap()
#15 /home/dylontech/Downloads/SAAFCECEYT/vendor/laravel/framework/src/Illuminate/Session/Middleware/StartSession.php(116): Illuminate\\Session\\Middleware\\StartSession->startSession()
#16 /home/dylontech/Downloads/SAAFCECEYT/vendor/laravel/framework/src/Illuminate/Session/Middleware/StartSession.php(64): Illuminate\\Session\\Middleware\\StartSession->handleStatefulRequest()
#17 /home/dylontech/Downloads/SAAFCECEYT/vendor/laravel/framework/src/Illuminate/Pipeline/Pipeline.php(183): Illuminate\\Session\\Middleware\\StartSession->handle()
#18 /home/dylontech/Downloads/SAAFCECEYT/vendor/laravel/framework/src/Illuminate/Cookie/Middleware/AddQueuedCookiesToResponse.php(37): Illuminate\\Pipeline\\Pipeline->Illuminate\\Pipeline\\{closure}()
#19 /home/dylontech/Downloads/SAAFCECEYT/vendor/laravel/framework/src/Illuminate/Pipeline/Pipeline.php(183): Illuminate\\Cookie\\Middleware\\AddQueuedCookiesToResponse->handle()
#20 /home/dylontech/Downloads/SAAFCECEYT/vendor/laravel/framework/src/Illuminate/Cookie/Middleware/EncryptCookies.php(75): Illuminate\\Pipeline\\Pipeline->Illuminate\\Pipeline\\{closure}()
#21 /home/dylontech/Downloads/SAAFCECEYT/vendor/laravel/framework/src/Illuminate/Pipeline/Pipeline.php(183): Illuminate\\Cookie\\Middleware\\EncryptCookies->handle()
#22 /home/dylontech/Downloads/SAAFCECEYT/vendor/laravel/framework/src/Illuminate/Pipeline/Pipeline.php(119): Illuminate\\Pipeline\\Pipeline->Illuminate\\Pipeline\\{closure}()
#23 /home/dylontech/Downloads/SAAFCECEYT/vendor/laravel/framework/src/Illuminate/Routing/Router.php(807): Illuminate\\Pipeline\\Pipeline->then()
#24 /home/dylontech/Downloads/SAAFCECEYT/vendor/laravel/framework/src/Illuminate/Routing/Router.php(786): Illuminate\\Routing\\Router->runRouteWithinStack()
#25 /home/dylontech/Downloads/SAAFCECEYT/vendor/laravel/framework/src/Illuminate/Routing/Router.php(750): Illuminate\\Routing\\Router->runRoute()
#26 /home/dylontech/Downloads/SAAFCECEYT/vendor/laravel/framework/src/Illuminate/Routing/Router.php(739): Illuminate\\Routing\\Router->dispatchToRoute()
#27 /home/dylontech/Downloads/SAAFCECEYT/vendor/laravel/framework/src/Illuminate/Foundation/Http/Kernel.php(201): Illuminate\\Routing\\Router->dispatch()
#28 /home/dylontech/Downloads/SAAFCECEYT/vendor/laravel/framework/src/Illuminate/Pipeline/Pipeline.php(144): Illuminate\\Foundation\\Http\\Kernel->Illuminate\\Foundation\\Http\\{closure}()
#29 /home/dylontech/Downloads/SAAFCECEYT/vendor/laravel/framework/src/Illuminate/Foundation/Http/Middleware/TransformsRequest.php(21): Illuminate\\Pipeline\\Pipeline->Illuminate\\Pipeline\\{closure}()
#30 /home/dylontech/Downloads/SAAFCECEYT/vendor/laravel/framework/src/Illuminate/Foundation/Http/Middleware/ConvertEmptyStringsToNull.php(31): Illuminate\\Foundation\\Http\\Middleware\\TransformsRequest->handle()
#31 /home/dylontech/Downloads/SAAFCECEYT/vendor/laravel/framework/src/Illuminate/Pipeline/Pipeline.php(183): Illuminate\\Foundation\\Http\\Middleware\\ConvertEmptyStringsToNull->handle()
#32 /home/dylontech/Downloads/SAAFCECEYT/vendor/laravel/framework/src/Illuminate/Foundation/Http/Middleware/TransformsRequest.php(21): Illuminate\\Pipeline\\Pipeline->Illuminate\\Pipeline\\{closure}()
#33 /home/dylontech/Downloads/SAAFCECEYT/vendor/laravel/framework/src/Illuminate/Foundation/Http/Middleware/TrimStrings.php(51): Illuminate\\Foundation\\Http\\Middleware\\TransformsRequest->handle()
#34 /home/dylontech/Downloads/SAAFCECEYT/vendor/laravel/framework/src/Illuminate/Pipeline/Pipeline.php(183): Illuminate\\Foundation\\Http\\Middleware\\TrimStrings->handle()
#35 /home/dylontech/Downloads/SAAFCECEYT/vendor/laravel/framework/src/Illuminate/Http/Middleware/ValidatePostSize.php(27): Illuminate\\Pipeline\\Pipeline->Illuminate\\Pipeline\\{closure}()
#36 /home/dylontech/Downloads/SAAFCECEYT/vendor/laravel/framework/src/Illuminate/Pipeline/Pipeline.php(183): Illuminate\\Http\\Middleware\\ValidatePostSize->handle()
#37 /home/dylontech/Downloads/SAAFCECEYT/vendor/laravel/framework/src/Illuminate/Foundation/Http/Middleware/PreventRequestsDuringMaintenance.php(110): Illuminate\\Pipeline\\Pipeline->Illuminate\\Pipeline\\{closure}()
#38 /home/dylontech/Downloads/SAAFCECEYT/vendor/laravel/framework/src/Illuminate/Pipeline/Pipeline.php(183): Illuminate\\Foundation\\Http\\Middleware\\PreventRequestsDuringMaintenance->handle()
#39 /home/dylontech/Downloads/SAAFCECEYT/vendor/laravel/framework/src/Illuminate/Http/Middleware/HandleCors.php(49): Illuminate\\Pipeline\\Pipeline->Illuminate\\Pipeline\\{closure}()
#40 /home/dylontech/Downloads/SAAFCECEYT/vendor/laravel/framework/src/Illuminate/Pipeline/Pipeline.php(183): Illuminate\\Http\\Middleware\\HandleCors->handle()
#41 /home/dylontech/Downloads/SAAFCECEYT/vendor/laravel/framework/src/Illuminate/Http/Middleware/TrustProxies.php(58): Illuminate\\Pipeline\\Pipeline->Illuminate\\Pipeline\\{closure}()
#42 /home/dylontech/Downloads/SAAFCECEYT/vendor/laravel/framework/src/Illuminate/Pipeline/Pipeline.php(183): Illuminate\\Http\\Middleware\\TrustProxies->handle()
#43 /home/dylontech/Downloads/SAAFCECEYT/vendor/laravel/framework/src/Illuminate/Foundation/Http/Middleware/InvokeDeferredCallbacks.php(22): Illuminate\\Pipeline\\Pipeline->Illuminate\\Pipeline\\{closure}()
#44 /home/dylontech/Downloads/SAAFCECEYT/vendor/laravel/framework/src/Illuminate/Pipeline/Pipeline.php(183): Illuminate\\Foundation\\Http\\Middleware\\InvokeDeferredCallbacks->handle()
#45 /home/dylontech/Downloads/SAAFCECEYT/vendor/laravel/framework/src/Illuminate/Pipeline/Pipeline.php(119): Illuminate\\Pipeline\\Pipeline->Illuminate\\Pipeline\\{closure}()
#46 /home/dylontech/Downloads/SAAFCECEYT/vendor/laravel/framework/src/Illuminate/Foundation/Http/Kernel.php(176): Illuminate\\Pipeline\\Pipeline->then()
#47 /home/dylontech/Downloads/SAAFCECEYT/vendor/laravel/framework/src/Illuminate/Foundation/Http/Kernel.php(145): Illuminate\\Foundation\\Http\\Kernel->sendRequestThroughRouter()
#48 /home/dylontech/Downloads/SAAFCECEYT/vendor/laravel/framework/src/Illuminate/Foundation/Application.php(1190): Illuminate\\Foundation\\Http\\Kernel->handle()
#49 /home/dylontech/Downloads/SAAFCECEYT/public/index.php(17): Illuminate\\Foundation\\Application->handleRequest()
#50 /home/dylontech/Downloads/SAAFCECEYT/vendor/laravel/framework/src/Illuminate/Foundation/resources/server.php(23): require_once('...')
#51 {main}

[previous exception] [object] (PDOException(code: 1698): SQLSTATE[HY000] [1698] Access denied for user 'root'@'localhost' at /home/dylontech/Downloads/SAAFCECEYT/vendor/laravel/framework/src/Illuminate/Database/Connectors/Connector.php:66)
[stacktrace]
#0 /home/dylontech/Downloads/SAAFCECEYT/vendor/laravel/framework/src/Illuminate/Database/Connectors/Connector.php(66): PDO->__construct()
#1 /home/dylontech/Downloads/SAAFCECEYT/vendor/laravel/framework/src/Illuminate/Database/Connectors/Connector.php(44): Illuminate\\Database\\Connectors\\Connector->createPdoConnection()
#2 /home/dylontech/Downloads/SAAFCECEYT/vendor/laravel/framework/src/Illuminate/Database/Connectors/MySqlConnector.php(24): Illuminate\\Database\\Connectors\\Connector->createConnection()
#3 /home/dylontech/Downloads/SAAFCECEYT/vendor/laravel/framework/src/Illuminate/Database/Connectors/ConnectionFactory.php(185): Illuminate\\Database\\Connectors\\MySqlConnector->connect()
#4 [internal function]: Illuminate\\Database\\Connectors\\ConnectionFactory->Illuminate\\Database\\Connectors\\{closure}()
#5 /home/dylontech/Downloads/SAAFCECEYT/vendor/laravel/framework/src/Illuminate/Database/Connection.php(1231): call_user_func()
#6 /home/dylontech/Downloads/SAAFCECEYT/vendor/laravel/framework/src/Illuminate/Database/Connection.php(1267): Illuminate\\Database\\Connection->getPdo()
#7 /home/dylontech/Downloads/SAAFCECEYT/vendor/laravel/framework/src/Illuminate/Database/Connection.php(512): Illuminate\\Database\\Connection->getReadPdo()
#8 /home/dylontech/Downloads/SAAFCECEYT/vendor/laravel/framework/src/Illuminate/Database/Connection.php(407): Illuminate\\Database\\Connection->getPdoForSelect()
#9 /home/dylontech/Downloads/SAAFCECEYT/vendor/laravel/framework/src/Illuminate/Database/Connection.php(812): Illuminate\\Database\\Connection->Illuminate\\Database\\{closure}()
#10 /home/dylontech/Downloads/SAAFCECEYT/vendor/laravel/framework/src/Illuminate/Database/Connection.php(779): Illuminate\\Database\\Connection->runQueryCallback()
#11 /home/dylontech/Downloads/SAAFCECEYT/vendor/laravel/framework/src/Illuminate/Database/Connection.php(398): Illuminate\\Database\\Connection->run()
#12 /home/dylontech/Downloads/SAAFCECEYT/vendor/laravel/framework/src/Illuminate/Database/Query/Builder.php(3133): Illuminate\\Database\\Connection->select()
#13 /home/dylontech/Downloads/SAAFCECEYT/vendor/laravel/framework/src/Illuminate/Database/Query/Builder.php(3118): Illuminate\\Database\\Query\\Builder->runSelect()
#14 /home/dylontech/Downloads/SAAFCECEYT/vendor/laravel/framework/src/Illuminate/Database/Query/Builder.php(3706): Illuminate\\Database\\Query\\Builder->Illuminate\\Database\\Query\\{closure}()
#15 /home/dylontech/Downloads/SAAFCECEYT/vendor/laravel/framework/src/Illuminate/Database/Query/Builder.php(3117): Illuminate\\Database\\Query\\Builder->onceWithColumns()
#16 /home/dylontech/Downloads/SAAFCECEYT/vendor/laravel/framework/src/Illuminate/Database/Concerns/BuildsQueries.php(344): Illuminate\\Database\\Query\\Builder->get()
#17 /home/dylontech/Downloads/SAAFCECEYT/vendor/laravel/framework/src/Illuminate/Database/Query/Builder.php(3038): Illuminate\\Database\\Query\\Builder->first()
#18 /home/dylontech/Downloads/SAAFCECEYT/vendor/laravel/framework/src/Illuminate/Session/DatabaseSessionHandler.php(97): Illuminate\\Database\\Query\\Builder->find()
#19 /home/dylontech/Downloads/SAAFCECEYT/vendor/laravel/framework/src/Illuminate/Session/Store.php(113): Illuminate\\Session\\DatabaseSessionHandler->read()
#20 /home/dylontech/Downloads/SAAFCECEYT/vendor/laravel/framework/src/Illuminate/Session/Store.php(101): Illuminate\\Session\\Store->readFromHandler()
#21 /home/dylontech/Downloads/SAAFCECEYT/vendor/laravel/framework/src/Illuminate/Session/Store.php(85): Illuminate\\Session\\Store->loadSession()
#22 /home/dylontech/Downloads/SAAFCECEYT/vendor/laravel/framework/src/Illuminate/Session/Middleware/StartSession.php(147): Illuminate\\Session\\Store->start()
#23 /home/dylontech/Downloads/SAAFCECEYT/vendor/laravel/framework/src/Illuminate/Support/helpers.php(393): Illuminate\\Session\\Middleware\\StartSession->Illuminate\\Session\\Middleware\\{closure}()
#24 /home/dylontech/Downloads/SAAFCECEYT/vendor/laravel/framework/src/Illuminate/Session/Middleware/StartSession.php(144): tap()
#25 /home/dylontech/Downloads/SAAFCECEYT/vendor/laravel/framework/src/Illuminate/Session/Middleware/StartSession.php(116): Illuminate\\Session\\Middleware\\StartSession->startSession()
#26 /home/dylontech/Downloads/SAAFCECEYT/vendor/laravel/framework/src/Illuminate/Session/Middleware/StartSession.php(64): Illuminate\\Session\\Middleware\\StartSession->handleStatefulRequest()
#27 /home/dylontech/Downloads/SAAFCECEYT/vendor/laravel/framework/src/Illuminate/Pipeline/Pipeline.php(183): Illuminate\\Session\\Middleware\\StartSession->handle()
#28 /home/dylontech/Downloads/SAAFCECEYT/vendor/laravel/framework/src/Illuminate/Cookie/Middleware/AddQueuedCookiesToResponse.php(37): Illuminate\\Pipeline\\Pipeline->Illuminate\\Pipeline\\{closure}()
#29 /home/dylontech/Downloads/SAAFCECEYT/vendor/laravel/framework/src/Illuminate/Pipeline/Pipeline.php(183): Illuminate\\Cookie\\Middleware\\AddQueuedCookiesToResponse->handle()
#30 /home/dylontech/Downloads/SAAFCECEYT/vendor/laravel/framework/src/Illuminate/Cookie/Middleware/EncryptCookies.php(75): Illuminate\\Pipeline\\Pipeline->Illuminate\\Pipeline\\{closure}()
#31 /home/dylontech/Downloads/SAAFCECEYT/vendor/laravel/framework/src/Illuminate/Pipeline/Pipeline.php(183): Illuminate\\Cookie\\Middleware\\EncryptCookies->handle()
#32 /home/dylontech/Downloads/SAAFCECEYT/vendor/laravel/framework/src/Illuminate/Pipeline/Pipeline.php(119): Illuminate\\Pipeline\\Pipeline->Illuminate\\Pipeline\\{closure}()
#33 /home/dylontech/Downloads/SAAFCECEYT/vendor/laravel/framework/src/Illuminate/Routing/Router.php(807): Illuminate\\Pipeline\\Pipeline->then()
#34 /home/dylontech/Downloads/SAAFCECEYT/vendor/laravel/framework/src/Illuminate/Routing/Router.php(786): Illuminate\\Routing\\Router->runRouteWithinStack()
#35 /home/dylontech/Downloads/SAAFCECEYT/vendor/laravel/framework/src/Illuminate/Routing/Router.php(750): Illuminate\\Routing\\Router->runRoute()
#36 /home/dylontech/Downloads/SAAFCECEYT/vendor/laravel/framework/src/Illuminate/Routing/Router.php(739): Illuminate\\Routing\\Router->dispatchToRoute()
#37 /home/dylontech/Downloads/SAAFCECEYT/vendor/laravel/framework/src/Illuminate/Foundation/Http/Kernel.php(201): Illuminate\\Routing\\Router->dispatch()
#38 /home/dylontech/Downloads/SAAFCECEYT/vendor/laravel/framework/src/Illuminate/Pipeline/Pipeline.php(144): Illuminate\\Foundation\\Http\\Kernel->Illuminate\\Foundation\\Http\\{closure}()
#39 /home/dylontech/Downloads/SAAFCECEYT/vendor/laravel/framework/src/Illuminate/Foundation/Http/Middleware/TransformsRequest.php(21): Illuminate\\Pipeline\\Pipeline->Illuminate\\Pipeline\\{closure}()
#40 /home/dylontech/Downloads/SAAFCECEYT/vendor/laravel/framework/src/Illuminate/Foundation/Http/Middleware/ConvertEmptyStringsToNull.php(31): Illuminate\\Foundation\\Http\\Middleware\\TransformsRequest->handle()
#41 /home/dylontech/Downloads/SAAFCECEYT/vendor/laravel/framework/src/Illuminate/Pipeline/Pipeline.php(183): Illuminate\\Foundation\\Http\\Middleware\\ConvertEmptyStringsToNull->handle()
#42 /home/dylontech/Downloads/SAAFCECEYT/vendor/laravel/framework/src/Illuminate/Foundation/Http/Middleware/TransformsRequest.php(21): Illuminate\\Pipeline\\Pipeline->Illuminate\\Pipeline\\{closure}()
#43 /home/dylontech/Downloads/SAAFCECEYT/vendor/laravel/framework/src/Illuminate/Foundation/Http/Middleware/TrimStrings.php(51): Illuminate\\Foundation\\Http\\Middleware\\TransformsRequest->handle()
#44 /home/dylontech/Downloads/SAAFCECEYT/vendor/laravel/framework/src/Illuminate/Pipeline/Pipeline.php(183): Illuminate\\Foundation\\Http\\Middleware\\TrimStrings->handle()
#45 /home/dylontech/Downloads/SAAFCECEYT/vendor/laravel/framework/src/Illuminate/Http/Middleware/ValidatePostSize.php(27): Illuminate\\Pipeline\\Pipeline->Illuminate\\Pipeline\\{closure}()
#46 /home/dylontech/Downloads/SAAFCECEYT/vendor/laravel/framework/src/Illuminate/Pipeline/Pipeline.php(183): Illuminate\\Http\\Middleware\\ValidatePostSize->handle()
#47 /home/dylontech/Downloads/SAAFCECEYT/vendor/laravel/framework/src/Illuminate/Foundation/Http/Middleware/PreventRequestsDuringMaintenance.php(110): Illuminate\\Pipeline\\Pipeline->Illuminate\\Pipeline\\{closure}()
#48 /home/dylontech/Downloads/SAAFCECEYT/vendor/laravel/framework/src/Illuminate/Pipeline/Pipeline.php(183): Illuminate\\Foundation\\Http\\Middleware\\PreventRequestsDuringMaintenance->handle()
#49 /home/dylontech/Downloads/SAAFCECEYT/vendor/laravel/framework/src/Illuminate/Http/Middleware/HandleCors.php(49): Illuminate\\Pipeline\\Pipeline->Illuminate\\Pipeline\\{closure}()
#50 /home/dylontech/Downloads/SAAFCECEYT/vendor/laravel/framework/src/Illuminate/Pipeline/Pipeline.php(183): Illuminate\\Http\\Middleware\\HandleCors->handle()
#51 /home/dylontech/Downloads/SAAFCECEYT/vendor/laravel/framework/src/Illuminate/Http/Middleware/TrustProxies.php(58): Illuminate\\Pipeline\\Pipeline->Illuminate\\Pipeline\\{closure}()
#52 /home/dylontech/Downloads/SAAFCECEYT/vendor/laravel/framework/src/Illuminate/Pipeline/Pipeline.php(183): Illuminate\\Http\\Middleware\\TrustProxies->handle()
#53 /home/dylontech/Downloads/SAAFCECEYT/vendor/laravel/framework/src/Illuminate/Foundation/Http/Middleware/InvokeDeferredCallbacks.php(22): Illuminate\\Pipeline\\Pipeline->Illuminate\\Pipeline\\{closure}()
#54 /home/dylontech/Downloads/SAAFCECEYT/vendor/laravel/framework/src/Illuminate/Pipeline/Pipeline.php(183): Illuminate\\Foundation\\Http\\Middleware\\InvokeDeferredCallbacks->handle()
#55 /home/dylontech/Downloads/SAAFCECEYT/vendor/laravel/framework/src/Illuminate/Pipeline/Pipeline.php(119): Illuminate\\Pipeline\\Pipeline->Illuminate\\Pipeline\\{closure}()
#56 /home/dylontech/Downloads/SAAFCECEYT/vendor/laravel/framework/src/Illuminate/Foundation/Http/Kernel.php(176): Illuminate\\Pipeline\\Pipeline->then()
#57 /home/dylontech/Downloads/SAAFCECEYT/vendor/laravel/framework/src/Illuminate/Foundation/Http/Kernel.php(145): Illuminate\\Foundation\\Http\\Kernel->sendRequestThroughRouter()
#58 /home/dylontech/Downloads/SAAFCECEYT/vendor/laravel/framework/src/Illuminate/Foundation/Application.php(1190): Illuminate\\Foundation\\Http\\Kernel->handle()
#59 /home/dylontech/Downloads/SAAFCECEYT/public/index.php(17): Illuminate\\Foundation\\Application->handleRequest()
#60 /home/dylontech/Downloads/SAAFCECEYT/vendor/laravel/framework/src/Illuminate/Foundation/resources/server.php(23): require_once('...')
#61 {main}
"} 
[2025-08-27 01:26:18] local.ERROR: SQLSTATE[HY000] [1698] Access denied for user 'root'@'localhost' (Connection: mysql, SQL: select * from `sessions` where `id` = vFekZgHTm3tbI5laPljOpwUsxmVi5Yy6RZ8uRK7Z limit 1) {"exception":"[object] (Illuminate\\Database\\QueryException(code: 1698): SQLSTATE[HY000] [1698] Access denied for user 'root'@'localhost' (Connection: mysql, SQL: select * from `sessions` where `id` = vFekZgHTm3tbI5laPljOpwUsxmVi5Yy6RZ8uRK7Z limit 1) at /home/dylontech/Downloads/SAAFCECEYT/vendor/laravel/framework/src/Illuminate/Database/Connection.php:825)
[stacktrace]
#0 /home/dylontech/Downloads/SAAFCECEYT/vendor/laravel/framework/src/Illuminate/Database/Connection.php(779): Illuminate\\Database\\Connection->runQueryCallback()
#1 /home/dylontech/Downloads/SAAFCECEYT/vendor/laravel/framework/src/Illuminate/Database/Connection.php(398): Illuminate\\Database\\Connection->run()
#2 /home/dylontech/Downloads/SAAFCECEYT/vendor/laravel/framework/src/Illuminate/Database/Query/Builder.php(3133): Illuminate\\Database\\Connection->select()
#3 /home/dylontech/Downloads/SAAFCECEYT/vendor/laravel/framework/src/Illuminate/Database/Query/Builder.php(3118): Illuminate\\Database\\Query\\Builder->runSelect()
#4 /home/dylontech/Downloads/SAAFCECEYT/vendor/laravel/framework/src/Illuminate/Database/Query/Builder.php(3706): Illuminate\\Database\\Query\\Builder->Illuminate\\Database\\Query\\{closure}()
#5 /home/dylontech/Downloads/SAAFCECEYT/vendor/laravel/framework/src/Illuminate/Database/Query/Builder.php(3117): Illuminate\\Database\\Query\\Builder->onceWithColumns()
#6 /home/dylontech/Downloads/SAAFCECEYT/vendor/laravel/framework/src/Illuminate/Database/Concerns/BuildsQueries.php(344): Illuminate\\Database\\Query\\Builder->get()
#7 /home/dylontech/Downloads/SAAFCECEYT/vendor/laravel/framework/src/Illuminate/Database/Query/Builder.php(3038): Illuminate\\Database\\Query\\Builder->first()
#8 /home/dylontech/Downloads/SAAFCECEYT/vendor/laravel/framework/src/Illuminate/Session/DatabaseSessionHandler.php(97): Illuminate\\Database\\Query\\Builder->find()
#9 /home/dylontech/Downloads/SAAFCECEYT/vendor/laravel/framework/src/Illuminate/Session/Store.php(113): Illuminate\\Session\\DatabaseSessionHandler->read()
#10 /home/dylontech/Downloads/SAAFCECEYT/vendor/laravel/framework/src/Illuminate/Session/Store.php(101): Illuminate\\Session\\Store->readFromHandler()
#11 /home/dylontech/Downloads/SAAFCECEYT/vendor/laravel/framework/src/Illuminate/Session/Store.php(85): Illuminate\\Session\\Store->loadSession()
#12 /home/dylontech/Downloads/SAAFCECEYT/vendor/laravel/framework/src/Illuminate/Session/Middleware/StartSession.php(147): Illuminate\\Session\\Store->start()
#13 /home/dylontech/Downloads/SAAFCECEYT/vendor/laravel/framework/src/Illuminate/Support/helpers.php(393): Illuminate\\Session\\Middleware\\StartSession->Illuminate\\Session\\Middleware\\{closure}()
#14 /home/dylontech/Downloads/SAAFCECEYT/vendor/laravel/framework/src/Illuminate/Session/Middleware/StartSession.php(144): tap()
#15 /home/dylontech/Downloads/SAAFCECEYT/vendor/laravel/framework/src/Illuminate/Session/Middleware/StartSession.php(116): Illuminate\\Session\\Middleware\\StartSession->startSession()
#16 /home/dylontech/Downloads/SAAFCECEYT/vendor/laravel/framework/src/Illuminate/Session/Middleware/StartSession.php(64): Illuminate\\Session\\Middleware\\StartSession->handleStatefulRequest()
#17 /home/dylontech/Downloads/SAAFCECEYT/vendor/laravel/framework/src/Illuminate/Pipeline/Pipeline.php(183): Illuminate\\Session\\Middleware\\StartSession->handle()
#18 /home/dylontech/Downloads/SAAFCECEYT/vendor/laravel/framework/src/Illuminate/Cookie/Middleware/AddQueuedCookiesToResponse.php(37): Illuminate\\Pipeline\\Pipeline->Illuminate\\Pipeline\\{closure}()
#19 /home/dylontech/Downloads/SAAFCECEYT/vendor/laravel/framework/src/Illuminate/Pipeline/Pipeline.php(183): Illuminate\\Cookie\\Middleware\\AddQueuedCookiesToResponse->handle()
#20 /home/dylontech/Downloads/SAAFCECEYT/vendor/laravel/framework/src/Illuminate/Cookie/Middleware/EncryptCookies.php(75): Illuminate\\Pipeline\\Pipeline->Illuminate\\Pipeline\\{closure}()
#21 /home/dylontech/Downloads/SAAFCECEYT/vendor/laravel/framework/src/Illuminate/Pipeline/Pipeline.php(183): Illuminate\\Cookie\\Middleware\\EncryptCookies->handle()
#22 /home/dylontech/Downloads/SAAFCECEYT/vendor/laravel/framework/src/Illuminate/Pipeline/Pipeline.php(119): Illuminate\\Pipeline\\Pipeline->Illuminate\\Pipeline\\{closure}()
#23 /home/dylontech/Downloads/SAAFCECEYT/vendor/laravel/framework/src/Illuminate/Routing/Router.php(807): Illuminate\\Pipeline\\Pipeline->then()
#24 /home/dylontech/Downloads/SAAFCECEYT/vendor/laravel/framework/src/Illuminate/Routing/Router.php(786): Illuminate\\Routing\\Router->runRouteWithinStack()
#25 /home/dylontech/Downloads/SAAFCECEYT/vendor/laravel/framework/src/Illuminate/Routing/Router.php(750): Illuminate\\Routing\\Router->runRoute()
#26 /home/dylontech/Downloads/SAAFCECEYT/vendor/laravel/framework/src/Illuminate/Routing/Router.php(739): Illuminate\\Routing\\Router->dispatchToRoute()
#27 /home/dylontech/Downloads/SAAFCECEYT/vendor/laravel/framework/src/Illuminate/Foundation/Http/Kernel.php(201): Illuminate\\Routing\\Router->dispatch()
#28 /home/dylontech/Downloads/SAAFCECEYT/vendor/laravel/framework/src/Illuminate/Pipeline/Pipeline.php(144): Illuminate\\Foundation\\Http\\Kernel->Illuminate\\Foundation\\Http\\{closure}()
#29 /home/dylontech/Downloads/SAAFCECEYT/vendor/laravel/framework/src/Illuminate/Foundation/Http/Middleware/TransformsRequest.php(21): Illuminate\\Pipeline\\Pipeline->Illuminate\\Pipeline\\{closure}()
#30 /home/dylontech/Downloads/SAAFCECEYT/vendor/laravel/framework/src/Illuminate/Foundation/Http/Middleware/ConvertEmptyStringsToNull.php(31): Illuminate\\Foundation\\Http\\Middleware\\TransformsRequest->handle()
#31 /home/dylontech/Downloads/SAAFCECEYT/vendor/laravel/framework/src/Illuminate/Pipeline/Pipeline.php(183): Illuminate\\Foundation\\Http\\Middleware\\ConvertEmptyStringsToNull->handle()
#32 /home/dylontech/Downloads/SAAFCECEYT/vendor/laravel/framework/src/Illuminate/Foundation/Http/Middleware/TransformsRequest.php(21): Illuminate\\Pipeline\\Pipeline->Illuminate\\Pipeline\\{closure}()
#33 /home/dylontech/Downloads/SAAFCECEYT/vendor/laravel/framework/src/Illuminate/Foundation/Http/Middleware/TrimStrings.php(51): Illuminate\\Foundation\\Http\\Middleware\\TransformsRequest->handle()
#34 /home/dylontech/Downloads/SAAFCECEYT/vendor/laravel/framework/src/Illuminate/Pipeline/Pipeline.php(183): Illuminate\\Foundation\\Http\\Middleware\\TrimStrings->handle()
#35 /home/dylontech/Downloads/SAAFCECEYT/vendor/laravel/framework/src/Illuminate/Http/Middleware/ValidatePostSize.php(27): Illuminate\\Pipeline\\Pipeline->Illuminate\\Pipeline\\{closure}()
#36 /home/dylontech/Downloads/SAAFCECEYT/vendor/laravel/framework/src/Illuminate/Pipeline/Pipeline.php(183): Illuminate\\Http\\Middleware\\ValidatePostSize->handle()
#37 /home/dylontech/Downloads/SAAFCECEYT/vendor/laravel/framework/src/Illuminate/Foundation/Http/Middleware/PreventRequestsDuringMaintenance.php(110): Illuminate\\Pipeline\\Pipeline->Illuminate\\Pipeline\\{closure}()
#38 /home/dylontech/Downloads/SAAFCECEYT/vendor/laravel/framework/src/Illuminate/Pipeline/Pipeline.php(183): Illuminate\\Foundation\\Http\\Middleware\\PreventRequestsDuringMaintenance->handle()
#39 /home/dylontech/Downloads/SAAFCECEYT/vendor/laravel/framework/src/Illuminate/Http/Middleware/HandleCors.php(49): Illuminate\\Pipeline\\Pipeline->Illuminate\\Pipeline\\{closure}()
#40 /home/dylontech/Downloads/SAAFCECEYT/vendor/laravel/framework/src/Illuminate/Pipeline/Pipeline.php(183): Illuminate\\Http\\Middleware\\HandleCors->handle()
#41 /home/dylontech/Downloads/SAAFCECEYT/vendor/laravel/framework/src/Illuminate/Http/Middleware/TrustProxies.php(58): Illuminate\\Pipeline\\Pipeline->Illuminate\\Pipeline\\{closure}()
#42 /home/dylontech/Downloads/SAAFCECEYT/vendor/laravel/framework/src/Illuminate/Pipeline/Pipeline.php(183): Illuminate\\Http\\Middleware\\TrustProxies->handle()
#43 /home/dylontech/Downloads/SAAFCECEYT/vendor/laravel/framework/src/Illuminate/Foundation/Http/Middleware/InvokeDeferredCallbacks.php(22): Illuminate\\Pipeline\\Pipeline->Illuminate\\Pipeline\\{closure}()
#44 /home/dylontech/Downloads/SAAFCECEYT/vendor/laravel/framework/src/Illuminate/Pipeline/Pipeline.php(183): Illuminate\\Foundation\\Http\\Middleware\\InvokeDeferredCallbacks->handle()
#45 /home/dylontech/Downloads/SAAFCECEYT/vendor/laravel/framework/src/Illuminate/Pipeline/Pipeline.php(119): Illuminate\\Pipeline\\Pipeline->Illuminate\\Pipeline\\{closure}()
#46 /home/dylontech/Downloads/SAAFCECEYT/vendor/laravel/framework/src/Illuminate/Foundation/Http/Kernel.php(176): Illuminate\\Pipeline\\Pipeline->then()
#47 /home/dylontech/Downloads/SAAFCECEYT/vendor/laravel/framework/src/Illuminate/Foundation/Http/Kernel.php(145): Illuminate\\Foundation\\Http\\Kernel->sendRequestThroughRouter()
#48 /home/dylontech/Downloads/SAAFCECEYT/vendor/laravel/framework/src/Illuminate/Foundation/Application.php(1190): Illuminate\\Foundation\\Http\\Kernel->handle()
#49 /home/dylontech/Downloads/SAAFCECEYT/public/index.php(17): Illuminate\\Foundation\\Application->handleRequest()
#50 /home/dylontech/Downloads/SAAFCECEYT/vendor/laravel/framework/src/Illuminate/Foundation/resources/server.php(23): require_once('...')
#51 {main}

[previous exception] [object] (PDOException(code: 1698): SQLSTATE[HY000] [1698] Access denied for user 'root'@'localhost' at /home/dylontech/Downloads/SAAFCECEYT/vendor/laravel/framework/src/Illuminate/Database/Connectors/Connector.php:66)
[stacktrace]
#0 /home/dylontech/Downloads/SAAFCECEYT/vendor/laravel/framework/src/Illuminate/Database/Connectors/Connector.php(66): PDO->__construct()
#1 /home/dylontech/Downloads/SAAFCECEYT/vendor/laravel/framework/src/Illuminate/Database/Connectors/Connector.php(44): Illuminate\\Database\\Connectors\\Connector->createPdoConnection()
#2 /home/dylontech/Downloads/SAAFCECEYT/vendor/laravel/framework/src/Illuminate/Database/Connectors/MySqlConnector.php(24): Illuminate\\Database\\Connectors\\Connector->createConnection()
#3 /home/dylontech/Downloads/SAAFCECEYT/vendor/laravel/framework/src/Illuminate/Database/Connectors/ConnectionFactory.php(185): Illuminate\\Database\\Connectors\\MySqlConnector->connect()
#4 [internal function]: Illuminate\\Database\\Connectors\\ConnectionFactory->Illuminate\\Database\\Connectors\\{closure}()
#5 /home/dylontech/Downloads/SAAFCECEYT/vendor/laravel/framework/src/Illuminate/Database/Connection.php(1231): call_user_func()
#6 /home/dylontech/Downloads/SAAFCECEYT/vendor/laravel/framework/src/Illuminate/Database/Connection.php(1267): Illuminate\\Database\\Connection->getPdo()
#7 /home/dylontech/Downloads/SAAFCECEYT/vendor/laravel/framework/src/Illuminate/Database/Connection.php(512): Illuminate\\Database\\Connection->getReadPdo()
#8 /home/dylontech/Downloads/SAAFCECEYT/vendor/laravel/framework/src/Illuminate/Database/Connection.php(407): Illuminate\\Database\\Connection->getPdoForSelect()
#9 /home/dylontech/Downloads/SAAFCECEYT/vendor/laravel/framework/src/Illuminate/Database/Connection.php(812): Illuminate\\Database\\Connection->Illuminate\\Database\\{closure}()
#10 /home/dylontech/Downloads/SAAFCECEYT/vendor/laravel/framework/src/Illuminate/Database/Connection.php(779): Illuminate\\Database\\Connection->runQueryCallback()
#11 /home/dylontech/Downloads/SAAFCECEYT/vendor/laravel/framework/src/Illuminate/Database/Connection.php(398): Illuminate\\Database\\Connection->run()
#12 /home/dylontech/Downloads/SAAFCECEYT/vendor/laravel/framework/src/Illuminate/Database/Query/Builder.php(3133): Illuminate\\Database\\Connection->select()
#13 /home/dylontech/Downloads/SAAFCECEYT/vendor/laravel/framework/src/Illuminate/Database/Query/Builder.php(3118): Illuminate\\Database\\Query\\Builder->runSelect()
#14 /home/dylontech/Downloads/SAAFCECEYT/vendor/laravel/framework/src/Illuminate/Database/Query/Builder.php(3706): Illuminate\\Database\\Query\\Builder->Illuminate\\Database\\Query\\{closure}()
#15 /home/dylontech/Downloads/SAAFCECEYT/vendor/laravel/framework/src/Illuminate/Database/Query/Builder.php(3117): Illuminate\\Database\\Query\\Builder->onceWithColumns()
#16 /home/dylontech/Downloads/SAAFCECEYT/vendor/laravel/framework/src/Illuminate/Database/Concerns/BuildsQueries.php(344): Illuminate\\Database\\Query\\Builder->get()
#17 /home/dylontech/Downloads/SAAFCECEYT/vendor/laravel/framework/src/Illuminate/Database/Query/Builder.php(3038): Illuminate\\Database\\Query\\Builder->first()
#18 /home/dylontech/Downloads/SAAFCECEYT/vendor/laravel/framework/src/Illuminate/Session/DatabaseSessionHandler.php(97): Illuminate\\Database\\Query\\Builder->find()
#19 /home/dylontech/Downloads/SAAFCECEYT/vendor/laravel/framework/src/Illuminate/Session/Store.php(113): Illuminate\\Session\\DatabaseSessionHandler->read()
#20 /home/dylontech/Downloads/SAAFCECEYT/vendor/laravel/framework/src/Illuminate/Session/Store.php(101): Illuminate\\Session\\Store->readFromHandler()
#21 /home/dylontech/Downloads/SAAFCECEYT/vendor/laravel/framework/src/Illuminate/Session/Store.php(85): Illuminate\\Session\\Store->loadSession()
#22 /home/dylontech/Downloads/SAAFCECEYT/vendor/laravel/framework/src/Illuminate/Session/Middleware/StartSession.php(147): Illuminate\\Session\\Store->start()
#23 /home/dylontech/Downloads/SAAFCECEYT/vendor/laravel/framework/src/Illuminate/Support/helpers.php(393): Illuminate\\Session\\Middleware\\StartSession->Illuminate\\Session\\Middleware\\{closure}()
#24 /home/dylontech/Downloads/SAAFCECEYT/vendor/laravel/framework/src/Illuminate/Session/Middleware/StartSession.php(144): tap()
#25 /home/dylontech/Downloads/SAAFCECEYT/vendor/laravel/framework/src/Illuminate/Session/Middleware/StartSession.php(116): Illuminate\\Session\\Middleware\\StartSession->startSession()
#26 /home/dylontech/Downloads/SAAFCECEYT/vendor/laravel/framework/src/Illuminate/Session/Middleware/StartSession.php(64): Illuminate\\Session\\Middleware\\StartSession->handleStatefulRequest()
#27 /home/dylontech/Downloads/SAAFCECEYT/vendor/laravel/framework/src/Illuminate/Pipeline/Pipeline.php(183): Illuminate\\Session\\Middleware\\StartSession->handle()
#28 /home/dylontech/Downloads/SAAFCECEYT/vendor/laravel/framework/src/Illuminate/Cookie/Middleware/AddQueuedCookiesToResponse.php(37): Illuminate\\Pipeline\\Pipeline->Illuminate\\Pipeline\\{closure}()
#29 /home/dylontech/Downloads/SAAFCECEYT/vendor/laravel/framework/src/Illuminate/Pipeline/Pipeline.php(183): Illuminate\\Cookie\\Middleware\\AddQueuedCookiesToResponse->handle()
#30 /home/dylontech/Downloads/SAAFCECEYT/vendor/laravel/framework/src/Illuminate/Cookie/Middleware/EncryptCookies.php(75): Illuminate\\Pipeline\\Pipeline->Illuminate\\Pipeline\\{closure}()
#31 /home/dylontech/Downloads/SAAFCECEYT/vendor/laravel/framework/src/Illuminate/Pipeline/Pipeline.php(183): Illuminate\\Cookie\\Middleware\\EncryptCookies->handle()
#32 /home/dylontech/Downloads/SAAFCECEYT/vendor/laravel/framework/src/Illuminate/Pipeline/Pipeline.php(119): Illuminate\\Pipeline\\Pipeline->Illuminate\\Pipeline\\{closure}()
#33 /home/dylontech/Downloads/SAAFCECEYT/vendor/laravel/framework/src/Illuminate/Routing/Router.php(807): Illuminate\\Pipeline\\Pipeline->then()
#34 /home/dylontech/Downloads/SAAFCECEYT/vendor/laravel/framework/src/Illuminate/Routing/Router.php(786): Illuminate\\Routing\\Router->runRouteWithinStack()
#35 /home/dylontech/Downloads/SAAFCECEYT/vendor/laravel/framework/src/Illuminate/Routing/Router.php(750): Illuminate\\Routing\\Router->runRoute()
#36 /home/dylontech/Downloads/SAAFCECEYT/vendor/laravel/framework/src/Illuminate/Routing/Router.php(739): Illuminate\\Routing\\Router->dispatchToRoute()
#37 /home/dylontech/Downloads/SAAFCECEYT/vendor/laravel/framework/src/Illuminate/Foundation/Http/Kernel.php(201): Illuminate\\Routing\\Router->dispatch()
#38 /home/dylontech/Downloads/SAAFCECEYT/vendor/laravel/framework/src/Illuminate/Pipeline/Pipeline.php(144): Illuminate\\Foundation\\Http\\Kernel->Illuminate\\Foundation\\Http\\{closure}()
#39 /home/dylontech/Downloads/SAAFCECEYT/vendor/laravel/framework/src/Illuminate/Foundation/Http/Middleware/TransformsRequest.php(21): Illuminate\\Pipeline\\Pipeline->Illuminate\\Pipeline\\{closure}()
#40 /home/dylontech/Downloads/SAAFCECEYT/vendor/laravel/framework/src/Illuminate/Foundation/Http/Middleware/ConvertEmptyStringsToNull.php(31): Illuminate\\Foundation\\Http\\Middleware\\TransformsRequest->handle()
#41 /home/dylontech/Downloads/SAAFCECEYT/vendor/laravel/framework/src/Illuminate/Pipeline/Pipeline.php(183): Illuminate\\Foundation\\Http\\Middleware\\ConvertEmptyStringsToNull->handle()
#42 /home/dylontech/Downloads/SAAFCECEYT/vendor/laravel/framework/src/Illuminate/Foundation/Http/Middleware/TransformsRequest.php(21): Illuminate\\Pipeline\\Pipeline->Illuminate\\Pipeline\\{closure}()
#43 /home/dylontech/Downloads/SAAFCECEYT/vendor/laravel/framework/src/Illuminate/Foundation/Http/Middleware/TrimStrings.php(51): Illuminate\\Foundation\\Http\\Middleware\\TransformsRequest->handle()
#44 /home/dylontech/Downloads/SAAFCECEYT/vendor/laravel/framework/src/Illuminate/Pipeline/Pipeline.php(183): Illuminate\\Foundation\\Http\\Middleware\\TrimStrings->handle()
#45 /home/dylontech/Downloads/SAAFCECEYT/vendor/laravel/framework/src/Illuminate/Http/Middleware/ValidatePostSize.php(27): Illuminate\\Pipeline\\Pipeline->Illuminate\\Pipeline\\{closure}()
#46 /home/dylontech/Downloads/SAAFCECEYT/vendor/laravel/framework/src/Illuminate/Pipeline/Pipeline.php(183): Illuminate\\Http\\Middleware\\ValidatePostSize->handle()
#47 /home/dylontech/Downloads/SAAFCECEYT/vendor/laravel/framework/src/Illuminate/Foundation/Http/Middleware/PreventRequestsDuringMaintenance.php(110): Illuminate\\Pipeline\\Pipeline->Illuminate\\Pipeline\\{closure}()
#48 /home/dylontech/Downloads/SAAFCECEYT/vendor/laravel/framework/src/Illuminate/Pipeline/Pipeline.php(183): Illuminate\\Foundation\\Http\\Middleware\\PreventRequestsDuringMaintenance->handle()
#49 /home/dylontech/Downloads/SAAFCECEYT/vendor/laravel/framework/src/Illuminate/Http/Middleware/HandleCors.php(49): Illuminate\\Pipeline\\Pipeline->Illuminate\\Pipeline\\{closure}()
#50 /home/dylontech/Downloads/SAAFCECEYT/vendor/laravel/framework/src/Illuminate/Pipeline/Pipeline.php(183): Illuminate\\Http\\Middleware\\HandleCors->handle()
#51 /home/dylontech/Downloads/SAAFCECEYT/vendor/laravel/framework/src/Illuminate/Http/Middleware/TrustProxies.php(58): Illuminate\\Pipeline\\Pipeline->Illuminate\\Pipeline\\{closure}()
#52 /home/dylontech/Downloads/SAAFCECEYT/vendor/laravel/framework/src/Illuminate/Pipeline/Pipeline.php(183): Illuminate\\Http\\Middleware\\TrustProxies->handle()
#53 /home/dylontech/Downloads/SAAFCECEYT/vendor/laravel/framework/src/Illuminate/Foundation/Http/Middleware/InvokeDeferredCallbacks.php(22): Illuminate\\Pipeline\\Pipeline->Illuminate\\Pipeline\\{closure}()
#54 /home/dylontech/Downloads/SAAFCECEYT/vendor/laravel/framework/src/Illuminate/Pipeline/Pipeline.php(183): Illuminate\\Foundation\\Http\\Middleware\\InvokeDeferredCallbacks->handle()
#55 /home/dylontech/Downloads/SAAFCECEYT/vendor/laravel/framework/src/Illuminate/Pipeline/Pipeline.php(119): Illuminate\\Pipeline\\Pipeline->Illuminate\\Pipeline\\{closure}()
#56 /home/dylontech/Downloads/SAAFCECEYT/vendor/laravel/framework/src/Illuminate/Foundation/Http/Kernel.php(176): Illuminate\\Pipeline\\Pipeline->then()
#57 /home/dylontech/Downloads/SAAFCECEYT/vendor/laravel/framework/src/Illuminate/Foundation/Http/Kernel.php(145): Illuminate\\Foundation\\Http\\Kernel->sendRequestThroughRouter()
#58 /home/dylontech/Downloads/SAAFCECEYT/vendor/laravel/framework/src/Illuminate/Foundation/Application.php(1190): Illuminate\\Foundation\\Http\\Kernel->handle()
#59 /home/dylontech/Downloads/SAAFCECEYT/public/index.php(17): Illuminate\\Foundation\\Application->handleRequest()
#60 /home/dylontech/Downloads/SAAFCECEYT/vendor/laravel/framework/src/Illuminate/Foundation/resources/server.php(23): require_once('...')
#61 {main}
"} 
[2025-08-27 01:28:00] local.ERROR: SQLSTATE[HY000] [1698] Access denied for user 'root'@'localhost' (Connection: mysql, SQL: select * from `sessions` where `id` = tcC3fdRP9iBtgdwWjYc8ZTykKSlP0VjBJ0yk26Tz limit 1) {"exception":"[object] (Illuminate\\Database\\QueryException(code: 1698): SQLSTATE[HY000] [1698] Access denied for user 'root'@'localhost' (Connection: mysql, SQL: select * from `sessions` where `id` = tcC3fdRP9iBtgdwWjYc8ZTykKSlP0VjBJ0yk26Tz limit 1) at /home/dylontech/Downloads/SAAFCECEYT/vendor/laravel/framework/src/Illuminate/Database/Connection.php:825)
[stacktrace]
#0 /home/dylontech/Downloads/SAAFCECEYT/vendor/laravel/framework/src/Illuminate/Database/Connection.php(779): Illuminate\\Database\\Connection->runQueryCallback()
#1 /home/dylontech/Downloads/SAAFCECEYT/vendor/laravel/framework/src/Illuminate/Database/Connection.php(398): Illuminate\\Database\\Connection->run()
#2 /home/dylontech/Downloads/SAAFCECEYT/vendor/laravel/framework/src/Illuminate/Database/Query/Builder.php(3133): Illuminate\\Database\\Connection->select()
#3 /home/dylontech/Downloads/SAAFCECEYT/vendor/laravel/framework/src/Illuminate/Database/Query/Builder.php(3118): Illuminate\\Database\\Query\\Builder->runSelect()
#4 /home/dylontech/Downloads/SAAFCECEYT/vendor/laravel/framework/src/Illuminate/Database/Query/Builder.php(3706): Illuminate\\Database\\Query\\Builder->Illuminate\\Database\\Query\\{closure}()
#5 /home/dylontech/Downloads/SAAFCECEYT/vendor/laravel/framework/src/Illuminate/Database/Query/Builder.php(3117): Illuminate\\Database\\Query\\Builder->onceWithColumns()
#6 /home/dylontech/Downloads/SAAFCECEYT/vendor/laravel/framework/src/Illuminate/Database/Concerns/BuildsQueries.php(344): Illuminate\\Database\\Query\\Builder->get()
#7 /home/dylontech/Downloads/SAAFCECEYT/vendor/laravel/framework/src/Illuminate/Database/Query/Builder.php(3038): Illuminate\\Database\\Query\\Builder->first()
#8 /home/dylontech/Downloads/SAAFCECEYT/vendor/laravel/framework/src/Illuminate/Session/DatabaseSessionHandler.php(97): Illuminate\\Database\\Query\\Builder->find()
#9 /home/dylontech/Downloads/SAAFCECEYT/vendor/laravel/framework/src/Illuminate/Session/Store.php(113): Illuminate\\Session\\DatabaseSessionHandler->read()
#10 /home/dylontech/Downloads/SAAFCECEYT/vendor/laravel/framework/src/Illuminate/Session/Store.php(101): Illuminate\\Session\\Store->readFromHandler()
#11 /home/dylontech/Downloads/SAAFCECEYT/vendor/laravel/framework/src/Illuminate/Session/Store.php(85): Illuminate\\Session\\Store->loadSession()
#12 /home/dylontech/Downloads/SAAFCECEYT/vendor/laravel/framework/src/Illuminate/Session/Middleware/StartSession.php(147): Illuminate\\Session\\Store->start()
#13 /home/dylontech/Downloads/SAAFCECEYT/vendor/laravel/framework/src/Illuminate/Support/helpers.php(393): Illuminate\\Session\\Middleware\\StartSession->Illuminate\\Session\\Middleware\\{closure}()
#14 /home/dylontech/Downloads/SAAFCECEYT/vendor/laravel/framework/src/Illuminate/Session/Middleware/StartSession.php(144): tap()
#15 /home/dylontech/Downloads/SAAFCECEYT/vendor/laravel/framework/src/Illuminate/Session/Middleware/StartSession.php(116): Illuminate\\Session\\Middleware\\StartSession->startSession()
#16 /home/dylontech/Downloads/SAAFCECEYT/vendor/laravel/framework/src/Illuminate/Session/Middleware/StartSession.php(64): Illuminate\\Session\\Middleware\\StartSession->handleStatefulRequest()
#17 /home/dylontech/Downloads/SAAFCECEYT/vendor/laravel/framework/src/Illuminate/Pipeline/Pipeline.php(183): Illuminate\\Session\\Middleware\\StartSession->handle()
#18 /home/dylontech/Downloads/SAAFCECEYT/vendor/laravel/framework/src/Illuminate/Cookie/Middleware/AddQueuedCookiesToResponse.php(37): Illuminate\\Pipeline\\Pipeline->Illuminate\\Pipeline\\{closure}()
#19 /home/dylontech/Downloads/SAAFCECEYT/vendor/laravel/framework/src/Illuminate/Pipeline/Pipeline.php(183): Illuminate\\Cookie\\Middleware\\AddQueuedCookiesToResponse->handle()
#20 /home/dylontech/Downloads/SAAFCECEYT/vendor/laravel/framework/src/Illuminate/Cookie/Middleware/EncryptCookies.php(75): Illuminate\\Pipeline\\Pipeline->Illuminate\\Pipeline\\{closure}()
#21 /home/dylontech/Downloads/SAAFCECEYT/vendor/laravel/framework/src/Illuminate/Pipeline/Pipeline.php(183): Illuminate\\Cookie\\Middleware\\EncryptCookies->handle()
#22 /home/dylontech/Downloads/SAAFCECEYT/vendor/laravel/framework/src/Illuminate/Pipeline/Pipeline.php(119): Illuminate\\Pipeline\\Pipeline->Illuminate\\Pipeline\\{closure}()
#23 /home/dylontech/Downloads/SAAFCECEYT/vendor/laravel/framework/src/Illuminate/Routing/Router.php(807): Illuminate\\Pipeline\\Pipeline->then()
#24 /home/dylontech/Downloads/SAAFCECEYT/vendor/laravel/framework/src/Illuminate/Routing/Router.php(786): Illuminate\\Routing\\Router->runRouteWithinStack()
#25 /home/dylontech/Downloads/SAAFCECEYT/vendor/laravel/framework/src/Illuminate/Routing/Router.php(750): Illuminate\\Routing\\Router->runRoute()
#26 /home/dylontech/Downloads/SAAFCECEYT/vendor/laravel/framework/src/Illuminate/Routing/Router.php(739): Illuminate\\Routing\\Router->dispatchToRoute()
#27 /home/dylontech/Downloads/SAAFCECEYT/vendor/laravel/framework/src/Illuminate/Foundation/Http/Kernel.php(201): Illuminate\\Routing\\Router->dispatch()
#28 /home/dylontech/Downloads/SAAFCECEYT/vendor/laravel/framework/src/Illuminate/Pipeline/Pipeline.php(144): Illuminate\\Foundation\\Http\\Kernel->Illuminate\\Foundation\\Http\\{closure}()
#29 /home/dylontech/Downloads/SAAFCECEYT/vendor/laravel/framework/src/Illuminate/Foundation/Http/Middleware/TransformsRequest.php(21): Illuminate\\Pipeline\\Pipeline->Illuminate\\Pipeline\\{closure}()
#30 /home/dylontech/Downloads/SAAFCECEYT/vendor/laravel/framework/src/Illuminate/Foundation/Http/Middleware/ConvertEmptyStringsToNull.php(31): Illuminate\\Foundation\\Http\\Middleware\\TransformsRequest->handle()
#31 /home/dylontech/Downloads/SAAFCECEYT/vendor/laravel/framework/src/Illuminate/Pipeline/Pipeline.php(183): Illuminate\\Foundation\\Http\\Middleware\\ConvertEmptyStringsToNull->handle()
#32 /home/dylontech/Downloads/SAAFCECEYT/vendor/laravel/framework/src/Illuminate/Foundation/Http/Middleware/TransformsRequest.php(21): Illuminate\\Pipeline\\Pipeline->Illuminate\\Pipeline\\{closure}()
#33 /home/dylontech/Downloads/SAAFCECEYT/vendor/laravel/framework/src/Illuminate/Foundation/Http/Middleware/TrimStrings.php(51): Illuminate\\Foundation\\Http\\Middleware\\TransformsRequest->handle()
#34 /home/dylontech/Downloads/SAAFCECEYT/vendor/laravel/framework/src/Illuminate/Pipeline/Pipeline.php(183): Illuminate\\Foundation\\Http\\Middleware\\TrimStrings->handle()
#35 /home/dylontech/Downloads/SAAFCECEYT/vendor/laravel/framework/src/Illuminate/Http/Middleware/ValidatePostSize.php(27): Illuminate\\Pipeline\\Pipeline->Illuminate\\Pipeline\\{closure}()
#36 /home/dylontech/Downloads/SAAFCECEYT/vendor/laravel/framework/src/Illuminate/Pipeline/Pipeline.php(183): Illuminate\\Http\\Middleware\\ValidatePostSize->handle()
#37 /home/dylontech/Downloads/SAAFCECEYT/vendor/laravel/framework/src/Illuminate/Foundation/Http/Middleware/PreventRequestsDuringMaintenance.php(110): Illuminate\\Pipeline\\Pipeline->Illuminate\\Pipeline\\{closure}()
#38 /home/dylontech/Downloads/SAAFCECEYT/vendor/laravel/framework/src/Illuminate/Pipeline/Pipeline.php(183): Illuminate\\Foundation\\Http\\Middleware\\PreventRequestsDuringMaintenance->handle()
#39 /home/dylontech/Downloads/SAAFCECEYT/vendor/laravel/framework/src/Illuminate/Http/Middleware/HandleCors.php(49): Illuminate\\Pipeline\\Pipeline->Illuminate\\Pipeline\\{closure}()
#40 /home/dylontech/Downloads/SAAFCECEYT/vendor/laravel/framework/src/Illuminate/Pipeline/Pipeline.php(183): Illuminate\\Http\\Middleware\\HandleCors->handle()
#41 /home/dylontech/Downloads/SAAFCECEYT/vendor/laravel/framework/src/Illuminate/Http/Middleware/TrustProxies.php(58): Illuminate\\Pipeline\\Pipeline->Illuminate\\Pipeline\\{closure}()
#42 /home/dylontech/Downloads/SAAFCECEYT/vendor/laravel/framework/src/Illuminate/Pipeline/Pipeline.php(183): Illuminate\\Http\\Middleware\\TrustProxies->handle()
#43 /home/dylontech/Downloads/SAAFCECEYT/vendor/laravel/framework/src/Illuminate/Foundation/Http/Middleware/InvokeDeferredCallbacks.php(22): Illuminate\\Pipeline\\Pipeline->Illuminate\\Pipeline\\{closure}()
#44 /home/dylontech/Downloads/SAAFCECEYT/vendor/laravel/framework/src/Illuminate/Pipeline/Pipeline.php(183): Illuminate\\Foundation\\Http\\Middleware\\InvokeDeferredCallbacks->handle()
#45 /home/dylontech/Downloads/SAAFCECEYT/vendor/laravel/framework/src/Illuminate/Pipeline/Pipeline.php(119): Illuminate\\Pipeline\\Pipeline->Illuminate\\Pipeline\\{closure}()
#46 /home/dylontech/Downloads/SAAFCECEYT/vendor/laravel/framework/src/Illuminate/Foundation/Http/Kernel.php(176): Illuminate\\Pipeline\\Pipeline->then()
#47 /home/dylontech/Downloads/SAAFCECEYT/vendor/laravel/framework/src/Illuminate/Foundation/Http/Kernel.php(145): Illuminate\\Foundation\\Http\\Kernel->sendRequestThroughRouter()
#48 /home/dylontech/Downloads/SAAFCECEYT/vendor/laravel/framework/src/Illuminate/Foundation/Application.php(1190): Illuminate\\Foundation\\Http\\Kernel->handle()
#49 /home/dylontech/Downloads/SAAFCECEYT/public/index.php(17): Illuminate\\Foundation\\Application->handleRequest()
#50 /home/dylontech/Downloads/SAAFCECEYT/vendor/laravel/framework/src/Illuminate/Foundation/resources/server.php(23): require_once('...')
#51 {main}

[previous exception] [object] (PDOException(code: 1698): SQLSTATE[HY000] [1698] Access denied for user 'root'@'localhost' at /home/dylontech/Downloads/SAAFCECEYT/vendor/laravel/framework/src/Illuminate/Database/Connectors/Connector.php:66)
[stacktrace]
#0 /home/dylontech/Downloads/SAAFCECEYT/vendor/laravel/framework/src/Illuminate/Database/Connectors/Connector.php(66): PDO->__construct()
#1 /home/dylontech/Downloads/SAAFCECEYT/vendor/laravel/framework/src/Illuminate/Database/Connectors/Connector.php(44): Illuminate\\Database\\Connectors\\Connector->createPdoConnection()
#2 /home/dylontech/Downloads/SAAFCECEYT/vendor/laravel/framework/src/Illuminate/Database/Connectors/MySqlConnector.php(24): Illuminate\\Database\\Connectors\\Connector->createConnection()
#3 /home/dylontech/Downloads/SAAFCECEYT/vendor/laravel/framework/src/Illuminate/Database/Connectors/ConnectionFactory.php(185): Illuminate\\Database\\Connectors\\MySqlConnector->connect()
#4 [internal function]: Illuminate\\Database\\Connectors\\ConnectionFactory->Illuminate\\Database\\Connectors\\{closure}()
#5 /home/dylontech/Downloads/SAAFCECEYT/vendor/laravel/framework/src/Illuminate/Database/Connection.php(1231): call_user_func()
#6 /home/dylontech/Downloads/SAAFCECEYT/vendor/laravel/framework/src/Illuminate/Database/Connection.php(1267): Illuminate\\Database\\Connection->getPdo()
#7 /home/dylontech/Downloads/SAAFCECEYT/vendor/laravel/framework/src/Illuminate/Database/Connection.php(512): Illuminate\\Database\\Connection->getReadPdo()
#8 /home/dylontech/Downloads/SAAFCECEYT/vendor/laravel/framework/src/Illuminate/Database/Connection.php(407): Illuminate\\Database\\Connection->getPdoForSelect()
#9 /home/dylontech/Downloads/SAAFCECEYT/vendor/laravel/framework/src/Illuminate/Database/Connection.php(812): Illuminate\\Database\\Connection->Illuminate\\Database\\{closure}()
#10 /home/dylontech/Downloads/SAAFCECEYT/vendor/laravel/framework/src/Illuminate/Database/Connection.php(779): Illuminate\\Database\\Connection->runQueryCallback()
#11 /home/dylontech/Downloads/SAAFCECEYT/vendor/laravel/framework/src/Illuminate/Database/Connection.php(398): Illuminate\\Database\\Connection->run()
#12 /home/dylontech/Downloads/SAAFCECEYT/vendor/laravel/framework/src/Illuminate/Database/Query/Builder.php(3133): Illuminate\\Database\\Connection->select()
#13 /home/dylontech/Downloads/SAAFCECEYT/vendor/laravel/framework/src/Illuminate/Database/Query/Builder.php(3118): Illuminate\\Database\\Query\\Builder->runSelect()
#14 /home/dylontech/Downloads/SAAFCECEYT/vendor/laravel/framework/src/Illuminate/Database/Query/Builder.php(3706): Illuminate\\Database\\Query\\Builder->Illuminate\\Database\\Query\\{closure}()
#15 /home/dylontech/Downloads/SAAFCECEYT/vendor/laravel/framework/src/Illuminate/Database/Query/Builder.php(3117): Illuminate\\Database\\Query\\Builder->onceWithColumns()
#16 /home/dylontech/Downloads/SAAFCECEYT/vendor/laravel/framework/src/Illuminate/Database/Concerns/BuildsQueries.php(344): Illuminate\\Database\\Query\\Builder->get()
#17 /home/dylontech/Downloads/SAAFCECEYT/vendor/laravel/framework/src/Illuminate/Database/Query/Builder.php(3038): Illuminate\\Database\\Query\\Builder->first()
#18 /home/dylontech/Downloads/SAAFCECEYT/vendor/laravel/framework/src/Illuminate/Session/DatabaseSessionHandler.php(97): Illuminate\\Database\\Query\\Builder->find()
#19 /home/dylontech/Downloads/SAAFCECEYT/vendor/laravel/framework/src/Illuminate/Session/Store.php(113): Illuminate\\Session\\DatabaseSessionHandler->read()
#20 /home/dylontech/Downloads/SAAFCECEYT/vendor/laravel/framework/src/Illuminate/Session/Store.php(101): Illuminate\\Session\\Store->readFromHandler()
#21 /home/dylontech/Downloads/SAAFCECEYT/vendor/laravel/framework/src/Illuminate/Session/Store.php(85): Illuminate\\Session\\Store->loadSession()
#22 /home/dylontech/Downloads/SAAFCECEYT/vendor/laravel/framework/src/Illuminate/Session/Middleware/StartSession.php(147): Illuminate\\Session\\Store->start()
#23 /home/dylontech/Downloads/SAAFCECEYT/vendor/laravel/framework/src/Illuminate/Support/helpers.php(393): Illuminate\\Session\\Middleware\\StartSession->Illuminate\\Session\\Middleware\\{closure}()
#24 /home/dylontech/Downloads/SAAFCECEYT/vendor/laravel/framework/src/Illuminate/Session/Middleware/StartSession.php(144): tap()
#25 /home/dylontech/Downloads/SAAFCECEYT/vendor/laravel/framework/src/Illuminate/Session/Middleware/StartSession.php(116): Illuminate\\Session\\Middleware\\StartSession->startSession()
#26 /home/dylontech/Downloads/SAAFCECEYT/vendor/laravel/framework/src/Illuminate/Session/Middleware/StartSession.php(64): Illuminate\\Session\\Middleware\\StartSession->handleStatefulRequest()
#27 /home/dylontech/Downloads/SAAFCECEYT/vendor/laravel/framework/src/Illuminate/Pipeline/Pipeline.php(183): Illuminate\\Session\\Middleware\\StartSession->handle()
#28 /home/dylontech/Downloads/SAAFCECEYT/vendor/laravel/framework/src/Illuminate/Cookie/Middleware/AddQueuedCookiesToResponse.php(37): Illuminate\\Pipeline\\Pipeline->Illuminate\\Pipeline\\{closure}()
#29 /home/dylontech/Downloads/SAAFCECEYT/vendor/laravel/framework/src/Illuminate/Pipeline/Pipeline.php(183): Illuminate\\Cookie\\Middleware\\AddQueuedCookiesToResponse->handle()
#30 /home/dylontech/Downloads/SAAFCECEYT/vendor/laravel/framework/src/Illuminate/Cookie/Middleware/EncryptCookies.php(75): Illuminate\\Pipeline\\Pipeline->Illuminate\\Pipeline\\{closure}()
#31 /home/dylontech/Downloads/SAAFCECEYT/vendor/laravel/framework/src/Illuminate/Pipeline/Pipeline.php(183): Illuminate\\Cookie\\Middleware\\EncryptCookies->handle()
#32 /home/dylontech/Downloads/SAAFCECEYT/vendor/laravel/framework/src/Illuminate/Pipeline/Pipeline.php(119): Illuminate\\Pipeline\\Pipeline->Illuminate\\Pipeline\\{closure}()
#33 /home/dylontech/Downloads/SAAFCECEYT/vendor/laravel/framework/src/Illuminate/Routing/Router.php(807): Illuminate\\Pipeline\\Pipeline->then()
#34 /home/dylontech/Downloads/SAAFCECEYT/vendor/laravel/framework/src/Illuminate/Routing/Router.php(786): Illuminate\\Routing\\Router->runRouteWithinStack()
#35 /home/dylontech/Downloads/SAAFCECEYT/vendor/laravel/framework/src/Illuminate/Routing/Router.php(750): Illuminate\\Routing\\Router->runRoute()
#36 /home/dylontech/Downloads/SAAFCECEYT/vendor/laravel/framework/src/Illuminate/Routing/Router.php(739): Illuminate\\Routing\\Router->dispatchToRoute()
#37 /home/dylontech/Downloads/SAAFCECEYT/vendor/laravel/framework/src/Illuminate/Foundation/Http/Kernel.php(201): Illuminate\\Routing\\Router->dispatch()
#38 /home/dylontech/Downloads/SAAFCECEYT/vendor/laravel/framework/src/Illuminate/Pipeline/Pipeline.php(144): Illuminate\\Foundation\\Http\\Kernel->Illuminate\\Foundation\\Http\\{closure}()
#39 /home/dylontech/Downloads/SAAFCECEYT/vendor/laravel/framework/src/Illuminate/Foundation/Http/Middleware/TransformsRequest.php(21): Illuminate\\Pipeline\\Pipeline->Illuminate\\Pipeline\\{closure}()
#40 /home/dylontech/Downloads/SAAFCECEYT/vendor/laravel/framework/src/Illuminate/Foundation/Http/Middleware/ConvertEmptyStringsToNull.php(31): Illuminate\\Foundation\\Http\\Middleware\\TransformsRequest->handle()
#41 /home/dylontech/Downloads/SAAFCECEYT/vendor/laravel/framework/src/Illuminate/Pipeline/Pipeline.php(183): Illuminate\\Foundation\\Http\\Middleware\\ConvertEmptyStringsToNull->handle()
#42 /home/dylontech/Downloads/SAAFCECEYT/vendor/laravel/framework/src/Illuminate/Foundation/Http/Middleware/TransformsRequest.php(21): Illuminate\\Pipeline\\Pipeline->Illuminate\\Pipeline\\{closure}()
#43 /home/dylontech/Downloads/SAAFCECEYT/vendor/laravel/framework/src/Illuminate/Foundation/Http/Middleware/TrimStrings.php(51): Illuminate\\Foundation\\Http\\Middleware\\TransformsRequest->handle()
#44 /home/dylontech/Downloads/SAAFCECEYT/vendor/laravel/framework/src/Illuminate/Pipeline/Pipeline.php(183): Illuminate\\Foundation\\Http\\Middleware\\TrimStrings->handle()
#45 /home/dylontech/Downloads/SAAFCECEYT/vendor/laravel/framework/src/Illuminate/Http/Middleware/ValidatePostSize.php(27): Illuminate\\Pipeline\\Pipeline->Illuminate\\Pipeline\\{closure}()
#46 /home/dylontech/Downloads/SAAFCECEYT/vendor/laravel/framework/src/Illuminate/Pipeline/Pipeline.php(183): Illuminate\\Http\\Middleware\\ValidatePostSize->handle()
#47 /home/dylontech/Downloads/SAAFCECEYT/vendor/laravel/framework/src/Illuminate/Foundation/Http/Middleware/PreventRequestsDuringMaintenance.php(110): Illuminate\\Pipeline\\Pipeline->Illuminate\\Pipeline\\{closure}()
#48 /home/dylontech/Downloads/SAAFCECEYT/vendor/laravel/framework/src/Illuminate/Pipeline/Pipeline.php(183): Illuminate\\Foundation\\Http\\Middleware\\PreventRequestsDuringMaintenance->handle()
#49 /home/dylontech/Downloads/SAAFCECEYT/vendor/laravel/framework/src/Illuminate/Http/Middleware/HandleCors.php(49): Illuminate\\Pipeline\\Pipeline->Illuminate\\Pipeline\\{closure}()
#50 /home/dylontech/Downloads/SAAFCECEYT/vendor/laravel/framework/src/Illuminate/Pipeline/Pipeline.php(183): Illuminate\\Http\\Middleware\\HandleCors->handle()
#51 /home/dylontech/Downloads/SAAFCECEYT/vendor/laravel/framework/src/Illuminate/Http/Middleware/TrustProxies.php(58): Illuminate\\Pipeline\\Pipeline->Illuminate\\Pipeline\\{closure}()
#52 /home/dylontech/Downloads/SAAFCECEYT/vendor/laravel/framework/src/Illuminate/Pipeline/Pipeline.php(183): Illuminate\\Http\\Middleware\\TrustProxies->handle()
#53 /home/dylontech/Downloads/SAAFCECEYT/vendor/laravel/framework/src/Illuminate/Foundation/Http/Middleware/InvokeDeferredCallbacks.php(22): Illuminate\\Pipeline\\Pipeline->Illuminate\\Pipeline\\{closure}()
#54 /home/dylontech/Downloads/SAAFCECEYT/vendor/laravel/framework/src/Illuminate/Pipeline/Pipeline.php(183): Illuminate\\Foundation\\Http\\Middleware\\InvokeDeferredCallbacks->handle()
#55 /home/dylontech/Downloads/SAAFCECEYT/vendor/laravel/framework/src/Illuminate/Pipeline/Pipeline.php(119): Illuminate\\Pipeline\\Pipeline->Illuminate\\Pipeline\\{closure}()
#56 /home/dylontech/Downloads/SAAFCECEYT/vendor/laravel/framework/src/Illuminate/Foundation/Http/Kernel.php(176): Illuminate\\Pipeline\\Pipeline->then()
#57 /home/dylontech/Downloads/SAAFCECEYT/vendor/laravel/framework/src/Illuminate/Foundation/Http/Kernel.php(145): Illuminate\\Foundation\\Http\\Kernel->sendRequestThroughRouter()
#58 /home/dylontech/Downloads/SAAFCECEYT/vendor/laravel/framework/src/Illuminate/Foundation/Application.php(1190): Illuminate\\Foundation\\Http\\Kernel->handle()
#59 /home/dylontech/Downloads/SAAFCECEYT/public/index.php(17): Illuminate\\Foundation\\Application->handleRequest()
#60 /home/dylontech/Downloads/SAAFCECEYT/vendor/laravel/framework/src/Illuminate/Foundation/resources/server.php(23): require_once('...')
#61 {main}
"} 
[2025-08-27 01:34:28] local.ERROR: SQLSTATE[HY000] [1698] Access denied for user 'root'@'localhost' (Connection: mysql, SQL: select * from `sessions` where `id` = tcC3fdRP9iBtgdwWjYc8ZTykKSlP0VjBJ0yk26Tz limit 1) {"exception":"[object] (Illuminate\\Database\\QueryException(code: 1698): SQLSTATE[HY000] [1698] Access denied for user 'root'@'localhost' (Connection: mysql, SQL: select * from `sessions` where `id` = tcC3fdRP9iBtgdwWjYc8ZTykKSlP0VjBJ0yk26Tz limit 1) at /home/dylontech/Downloads/SAAFCECEYT/vendor/laravel/framework/src/Illuminate/Database/Connection.php:825)
[stacktrace]
#0 /home/dylontech/Downloads/SAAFCECEYT/vendor/laravel/framework/src/Illuminate/Database/Connection.php(779): Illuminate\\Database\\Connection->runQueryCallback()
#1 /home/dylontech/Downloads/SAAFCECEYT/vendor/laravel/framework/src/Illuminate/Database/Connection.php(398): Illuminate\\Database\\Connection->run()
#2 /home/dylontech/Downloads/SAAFCECEYT/vendor/laravel/framework/src/Illuminate/Database/Query/Builder.php(3133): Illuminate\\Database\\Connection->select()
#3 /home/dylontech/Downloads/SAAFCECEYT/vendor/laravel/framework/src/Illuminate/Database/Query/Builder.php(3118): Illuminate\\Database\\Query\\Builder->runSelect()
#4 /home/dylontech/Downloads/SAAFCECEYT/vendor/laravel/framework/src/Illuminate/Database/Query/Builder.php(3706): Illuminate\\Database\\Query\\Builder->Illuminate\\Database\\Query\\{closure}()
#5 /home/dylontech/Downloads/SAAFCECEYT/vendor/laravel/framework/src/Illuminate/Database/Query/Builder.php(3117): Illuminate\\Database\\Query\\Builder->onceWithColumns()
#6 /home/dylontech/Downloads/SAAFCECEYT/vendor/laravel/framework/src/Illuminate/Database/Concerns/BuildsQueries.php(344): Illuminate\\Database\\Query\\Builder->get()
#7 /home/dylontech/Downloads/SAAFCECEYT/vendor/laravel/framework/src/Illuminate/Database/Query/Builder.php(3038): Illuminate\\Database\\Query\\Builder->first()
#8 /home/dylontech/Downloads/SAAFCECEYT/vendor/laravel/framework/src/Illuminate/Session/DatabaseSessionHandler.php(97): Illuminate\\Database\\Query\\Builder->find()
#9 /home/dylontech/Downloads/SAAFCECEYT/vendor/laravel/framework/src/Illuminate/Session/Store.php(113): Illuminate\\Session\\DatabaseSessionHandler->read()
#10 /home/dylontech/Downloads/SAAFCECEYT/vendor/laravel/framework/src/Illuminate/Session/Store.php(101): Illuminate\\Session\\Store->readFromHandler()
#11 /home/dylontech/Downloads/SAAFCECEYT/vendor/laravel/framework/src/Illuminate/Session/Store.php(85): Illuminate\\Session\\Store->loadSession()
#12 /home/dylontech/Downloads/SAAFCECEYT/vendor/laravel/framework/src/Illuminate/Session/Middleware/StartSession.php(147): Illuminate\\Session\\Store->start()
#13 /home/dylontech/Downloads/SAAFCECEYT/vendor/laravel/framework/src/Illuminate/Support/helpers.php(393): Illuminate\\Session\\Middleware\\StartSession->Illuminate\\Session\\Middleware\\{closure}()
#14 /home/dylontech/Downloads/SAAFCECEYT/vendor/laravel/framework/src/Illuminate/Session/Middleware/StartSession.php(144): tap()
#15 /home/dylontech/Downloads/SAAFCECEYT/vendor/laravel/framework/src/Illuminate/Session/Middleware/StartSession.php(116): Illuminate\\Session\\Middleware\\StartSession->startSession()
#16 /home/dylontech/Downloads/SAAFCECEYT/vendor/laravel/framework/src/Illuminate/Session/Middleware/StartSession.php(64): Illuminate\\Session\\Middleware\\StartSession->handleStatefulRequest()
#17 /home/dylontech/Downloads/SAAFCECEYT/vendor/laravel/framework/src/Illuminate/Pipeline/Pipeline.php(183): Illuminate\\Session\\Middleware\\StartSession->handle()
#18 /home/dylontech/Downloads/SAAFCECEYT/vendor/laravel/framework/src/Illuminate/Cookie/Middleware/AddQueuedCookiesToResponse.php(37): Illuminate\\Pipeline\\Pipeline->Illuminate\\Pipeline\\{closure}()
#19 /home/dylontech/Downloads/SAAFCECEYT/vendor/laravel/framework/src/Illuminate/Pipeline/Pipeline.php(183): Illuminate\\Cookie\\Middleware\\AddQueuedCookiesToResponse->handle()
#20 /home/dylontech/Downloads/SAAFCECEYT/vendor/laravel/framework/src/Illuminate/Cookie/Middleware/EncryptCookies.php(75): Illuminate\\Pipeline\\Pipeline->Illuminate\\Pipeline\\{closure}()
#21 /home/dylontech/Downloads/SAAFCECEYT/vendor/laravel/framework/src/Illuminate/Pipeline/Pipeline.php(183): Illuminate\\Cookie\\Middleware\\EncryptCookies->handle()
#22 /home/dylontech/Downloads/SAAFCECEYT/vendor/laravel/framework/src/Illuminate/Pipeline/Pipeline.php(119): Illuminate\\Pipeline\\Pipeline->Illuminate\\Pipeline\\{closure}()
#23 /home/dylontech/Downloads/SAAFCECEYT/vendor/laravel/framework/src/Illuminate/Routing/Router.php(807): Illuminate\\Pipeline\\Pipeline->then()
#24 /home/dylontech/Downloads/SAAFCECEYT/vendor/laravel/framework/src/Illuminate/Routing/Router.php(786): Illuminate\\Routing\\Router->runRouteWithinStack()
#25 /home/dylontech/Downloads/SAAFCECEYT/vendor/laravel/framework/src/Illuminate/Routing/Router.php(750): Illuminate\\Routing\\Router->runRoute()
#26 /home/dylontech/Downloads/SAAFCECEYT/vendor/laravel/framework/src/Illuminate/Routing/Router.php(739): Illuminate\\Routing\\Router->dispatchToRoute()
#27 /home/dylontech/Downloads/SAAFCECEYT/vendor/laravel/framework/src/Illuminate/Foundation/Http/Kernel.php(201): Illuminate\\Routing\\Router->dispatch()
#28 /home/dylontech/Downloads/SAAFCECEYT/vendor/laravel/framework/src/Illuminate/Pipeline/Pipeline.php(144): Illuminate\\Foundation\\Http\\Kernel->Illuminate\\Foundation\\Http\\{closure}()
#29 /home/dylontech/Downloads/SAAFCECEYT/vendor/laravel/framework/src/Illuminate/Foundation/Http/Middleware/TransformsRequest.php(21): Illuminate\\Pipeline\\Pipeline->Illuminate\\Pipeline\\{closure}()
#30 /home/dylontech/Downloads/SAAFCECEYT/vendor/laravel/framework/src/Illuminate/Foundation/Http/Middleware/ConvertEmptyStringsToNull.php(31): Illuminate\\Foundation\\Http\\Middleware\\TransformsRequest->handle()
#31 /home/dylontech/Downloads/SAAFCECEYT/vendor/laravel/framework/src/Illuminate/Pipeline/Pipeline.php(183): Illuminate\\Foundation\\Http\\Middleware\\ConvertEmptyStringsToNull->handle()
#32 /home/dylontech/Downloads/SAAFCECEYT/vendor/laravel/framework/src/Illuminate/Foundation/Http/Middleware/TransformsRequest.php(21): Illuminate\\Pipeline\\Pipeline->Illuminate\\Pipeline\\{closure}()
#33 /home/dylontech/Downloads/SAAFCECEYT/vendor/laravel/framework/src/Illuminate/Foundation/Http/Middleware/TrimStrings.php(51): Illuminate\\Foundation\\Http\\Middleware\\TransformsRequest->handle()
#34 /home/dylontech/Downloads/SAAFCECEYT/vendor/laravel/framework/src/Illuminate/Pipeline/Pipeline.php(183): Illuminate\\Foundation\\Http\\Middleware\\TrimStrings->handle()
#35 /home/dylontech/Downloads/SAAFCECEYT/vendor/laravel/framework/src/Illuminate/Http/Middleware/ValidatePostSize.php(27): Illuminate\\Pipeline\\Pipeline->Illuminate\\Pipeline\\{closure}()
#36 /home/dylontech/Downloads/SAAFCECEYT/vendor/laravel/framework/src/Illuminate/Pipeline/Pipeline.php(183): Illuminate\\Http\\Middleware\\ValidatePostSize->handle()
#37 /home/dylontech/Downloads/SAAFCECEYT/vendor/laravel/framework/src/Illuminate/Foundation/Http/Middleware/PreventRequestsDuringMaintenance.php(110): Illuminate\\Pipeline\\Pipeline->Illuminate\\Pipeline\\{closure}()
#38 /home/dylontech/Downloads/SAAFCECEYT/vendor/laravel/framework/src/Illuminate/Pipeline/Pipeline.php(183): Illuminate\\Foundation\\Http\\Middleware\\PreventRequestsDuringMaintenance->handle()
#39 /home/dylontech/Downloads/SAAFCECEYT/vendor/laravel/framework/src/Illuminate/Http/Middleware/HandleCors.php(49): Illuminate\\Pipeline\\Pipeline->Illuminate\\Pipeline\\{closure}()
#40 /home/dylontech/Downloads/SAAFCECEYT/vendor/laravel/framework/src/Illuminate/Pipeline/Pipeline.php(183): Illuminate\\Http\\Middleware\\HandleCors->handle()
#41 /home/dylontech/Downloads/SAAFCECEYT/vendor/laravel/framework/src/Illuminate/Http/Middleware/TrustProxies.php(58): Illuminate\\Pipeline\\Pipeline->Illuminate\\Pipeline\\{closure}()
#42 /home/dylontech/Downloads/SAAFCECEYT/vendor/laravel/framework/src/Illuminate/Pipeline/Pipeline.php(183): Illuminate\\Http\\Middleware\\TrustProxies->handle()
#43 /home/dylontech/Downloads/SAAFCECEYT/vendor/laravel/framework/src/Illuminate/Foundation/Http/Middleware/InvokeDeferredCallbacks.php(22): Illuminate\\Pipeline\\Pipeline->Illuminate\\Pipeline\\{closure}()
#44 /home/dylontech/Downloads/SAAFCECEYT/vendor/laravel/framework/src/Illuminate/Pipeline/Pipeline.php(183): Illuminate\\Foundation\\Http\\Middleware\\InvokeDeferredCallbacks->handle()
#45 /home/dylontech/Downloads/SAAFCECEYT/vendor/laravel/framework/src/Illuminate/Pipeline/Pipeline.php(119): Illuminate\\Pipeline\\Pipeline->Illuminate\\Pipeline\\{closure}()
#46 /home/dylontech/Downloads/SAAFCECEYT/vendor/laravel/framework/src/Illuminate/Foundation/Http/Kernel.php(176): Illuminate\\Pipeline\\Pipeline->then()
#47 /home/dylontech/Downloads/SAAFCECEYT/vendor/laravel/framework/src/Illuminate/Foundation/Http/Kernel.php(145): Illuminate\\Foundation\\Http\\Kernel->sendRequestThroughRouter()
#48 /home/dylontech/Downloads/SAAFCECEYT/vendor/laravel/framework/src/Illuminate/Foundation/Application.php(1190): Illuminate\\Foundation\\Http\\Kernel->handle()
#49 /home/dylontech/Downloads/SAAFCECEYT/public/index.php(17): Illuminate\\Foundation\\Application->handleRequest()
#50 /home/dylontech/Downloads/SAAFCECEYT/vendor/laravel/framework/src/Illuminate/Foundation/resources/server.php(23): require_once('...')
#51 {main}

[previous exception] [object] (PDOException(code: 1698): SQLSTATE[HY000] [1698] Access denied for user 'root'@'localhost' at /home/dylontech/Downloads/SAAFCECEYT/vendor/laravel/framework/src/Illuminate/Database/Connectors/Connector.php:66)
[stacktrace]
#0 /home/dylontech/Downloads/SAAFCECEYT/vendor/laravel/framework/src/Illuminate/Database/Connectors/Connector.php(66): PDO->__construct()
#1 /home/dylontech/Downloads/SAAFCECEYT/vendor/laravel/framework/src/Illuminate/Database/Connectors/Connector.php(44): Illuminate\\Database\\Connectors\\Connector->createPdoConnection()
#2 /home/dylontech/Downloads/SAAFCECEYT/vendor/laravel/framework/src/Illuminate/Database/Connectors/MySqlConnector.php(24): Illuminate\\Database\\Connectors\\Connector->createConnection()
#3 /home/dylontech/Downloads/SAAFCECEYT/vendor/laravel/framework/src/Illuminate/Database/Connectors/ConnectionFactory.php(185): Illuminate\\Database\\Connectors\\MySqlConnector->connect()
#4 [internal function]: Illuminate\\Database\\Connectors\\ConnectionFactory->Illuminate\\Database\\Connectors\\{closure}()
#5 /home/dylontech/Downloads/SAAFCECEYT/vendor/laravel/framework/src/Illuminate/Database/Connection.php(1231): call_user_func()
#6 /home/dylontech/Downloads/SAAFCECEYT/vendor/laravel/framework/src/Illuminate/Database/Connection.php(1267): Illuminate\\Database\\Connection->getPdo()
#7 /home/dylontech/Downloads/SAAFCECEYT/vendor/laravel/framework/src/Illuminate/Database/Connection.php(512): Illuminate\\Database\\Connection->getReadPdo()
#8 /home/dylontech/Downloads/SAAFCECEYT/vendor/laravel/framework/src/Illuminate/Database/Connection.php(407): Illuminate\\Database\\Connection->getPdoForSelect()
#9 /home/dylontech/Downloads/SAAFCECEYT/vendor/laravel/framework/src/Illuminate/Database/Connection.php(812): Illuminate\\Database\\Connection->Illuminate\\Database\\{closure}()
#10 /home/dylontech/Downloads/SAAFCECEYT/vendor/laravel/framework/src/Illuminate/Database/Connection.php(779): Illuminate\\Database\\Connection->runQueryCallback()
#11 /home/dylontech/Downloads/SAAFCECEYT/vendor/laravel/framework/src/Illuminate/Database/Connection.php(398): Illuminate\\Database\\Connection->run()
#12 /home/dylontech/Downloads/SAAFCECEYT/vendor/laravel/framework/src/Illuminate/Database/Query/Builder.php(3133): Illuminate\\Database\\Connection->select()
#13 /home/dylontech/Downloads/SAAFCECEYT/vendor/laravel/framework/src/Illuminate/Database/Query/Builder.php(3118): Illuminate\\Database\\Query\\Builder->runSelect()
#14 /home/dylontech/Downloads/SAAFCECEYT/vendor/laravel/framework/src/Illuminate/Database/Query/Builder.php(3706): Illuminate\\Database\\Query\\Builder->Illuminate\\Database\\Query\\{closure}()
#15 /home/dylontech/Downloads/SAAFCECEYT/vendor/laravel/framework/src/Illuminate/Database/Query/Builder.php(3117): Illuminate\\Database\\Query\\Builder->onceWithColumns()
#16 /home/dylontech/Downloads/SAAFCECEYT/vendor/laravel/framework/src/Illuminate/Database/Concerns/BuildsQueries.php(344): Illuminate\\Database\\Query\\Builder->get()
#17 /home/dylontech/Downloads/SAAFCECEYT/vendor/laravel/framework/src/Illuminate/Database/Query/Builder.php(3038): Illuminate\\Database\\Query\\Builder->first()
#18 /home/dylontech/Downloads/SAAFCECEYT/vendor/laravel/framework/src/Illuminate/Session/DatabaseSessionHandler.php(97): Illuminate\\Database\\Query\\Builder->find()
#19 /home/dylontech/Downloads/SAAFCECEYT/vendor/laravel/framework/src/Illuminate/Session/Store.php(113): Illuminate\\Session\\DatabaseSessionHandler->read()
#20 /home/dylontech/Downloads/SAAFCECEYT/vendor/laravel/framework/src/Illuminate/Session/Store.php(101): Illuminate\\Session\\Store->readFromHandler()
#21 /home/dylontech/Downloads/SAAFCECEYT/vendor/laravel/framework/src/Illuminate/Session/Store.php(85): Illuminate\\Session\\Store->loadSession()
#22 /home/dylontech/Downloads/SAAFCECEYT/vendor/laravel/framework/src/Illuminate/Session/Middleware/StartSession.php(147): Illuminate\\Session\\Store->start()
#23 /home/dylontech/Downloads/SAAFCECEYT/vendor/laravel/framework/src/Illuminate/Support/helpers.php(393): Illuminate\\Session\\Middleware\\StartSession->Illuminate\\Session\\Middleware\\{closure}()
#24 /home/dylontech/Downloads/SAAFCECEYT/vendor/laravel/framework/src/Illuminate/Session/Middleware/StartSession.php(144): tap()
#25 /home/dylontech/Downloads/SAAFCECEYT/vendor/laravel/framework/src/Illuminate/Session/Middleware/StartSession.php(116): Illuminate\\Session\\Middleware\\StartSession->startSession()
#26 /home/dylontech/Downloads/SAAFCECEYT/vendor/laravel/framework/src/Illuminate/Session/Middleware/StartSession.php(64): Illuminate\\Session\\Middleware\\StartSession->handleStatefulRequest()
#27 /home/dylontech/Downloads/SAAFCECEYT/vendor/laravel/framework/src/Illuminate/Pipeline/Pipeline.php(183): Illuminate\\Session\\Middleware\\StartSession->handle()
#28 /home/dylontech/Downloads/SAAFCECEYT/vendor/laravel/framework/src/Illuminate/Cookie/Middleware/AddQueuedCookiesToResponse.php(37): Illuminate\\Pipeline\\Pipeline->Illuminate\\Pipeline\\{closure}()
#29 /home/dylontech/Downloads/SAAFCECEYT/vendor/laravel/framework/src/Illuminate/Pipeline/Pipeline.php(183): Illuminate\\Cookie\\Middleware\\AddQueuedCookiesToResponse->handle()
#30 /home/dylontech/Downloads/SAAFCECEYT/vendor/laravel/framework/src/Illuminate/Cookie/Middleware/EncryptCookies.php(75): Illuminate\\Pipeline\\Pipeline->Illuminate\\Pipeline\\{closure}()
#31 /home/dylontech/Downloads/SAAFCECEYT/vendor/laravel/framework/src/Illuminate/Pipeline/Pipeline.php(183): Illuminate\\Cookie\\Middleware\\EncryptCookies->handle()
#32 /home/dylontech/Downloads/SAAFCECEYT/vendor/laravel/framework/src/Illuminate/Pipeline/Pipeline.php(119): Illuminate\\Pipeline\\Pipeline->Illuminate\\Pipeline\\{closure}()
#33 /home/dylontech/Downloads/SAAFCECEYT/vendor/laravel/framework/src/Illuminate/Routing/Router.php(807): Illuminate\\Pipeline\\Pipeline->then()
#34 /home/dylontech/Downloads/SAAFCECEYT/vendor/laravel/framework/src/Illuminate/Routing/Router.php(786): Illuminate\\Routing\\Router->runRouteWithinStack()
#35 /home/dylontech/Downloads/SAAFCECEYT/vendor/laravel/framework/src/Illuminate/Routing/Router.php(750): Illuminate\\Routing\\Router->runRoute()
#36 /home/dylontech/Downloads/SAAFCECEYT/vendor/laravel/framework/src/Illuminate/Routing/Router.php(739): Illuminate\\Routing\\Router->dispatchToRoute()
#37 /home/dylontech/Downloads/SAAFCECEYT/vendor/laravel/framework/src/Illuminate/Foundation/Http/Kernel.php(201): Illuminate\\Routing\\Router->dispatch()
#38 /home/dylontech/Downloads/SAAFCECEYT/vendor/laravel/framework/src/Illuminate/Pipeline/Pipeline.php(144): Illuminate\\Foundation\\Http\\Kernel->Illuminate\\Foundation\\Http\\{closure}()
#39 /home/dylontech/Downloads/SAAFCECEYT/vendor/laravel/framework/src/Illuminate/Foundation/Http/Middleware/TransformsRequest.php(21): Illuminate\\Pipeline\\Pipeline->Illuminate\\Pipeline\\{closure}()
#40 /home/dylontech/Downloads/SAAFCECEYT/vendor/laravel/framework/src/Illuminate/Foundation/Http/Middleware/ConvertEmptyStringsToNull.php(31): Illuminate\\Foundation\\Http\\Middleware\\TransformsRequest->handle()
#41 /home/dylontech/Downloads/SAAFCECEYT/vendor/laravel/framework/src/Illuminate/Pipeline/Pipeline.php(183): Illuminate\\Foundation\\Http\\Middleware\\ConvertEmptyStringsToNull->handle()
#42 /home/dylontech/Downloads/SAAFCECEYT/vendor/laravel/framework/src/Illuminate/Foundation/Http/Middleware/TransformsRequest.php(21): Illuminate\\Pipeline\\Pipeline->Illuminate\\Pipeline\\{closure}()
#43 /home/dylontech/Downloads/SAAFCECEYT/vendor/laravel/framework/src/Illuminate/Foundation/Http/Middleware/TrimStrings.php(51): Illuminate\\Foundation\\Http\\Middleware\\TransformsRequest->handle()
#44 /home/dylontech/Downloads/SAAFCECEYT/vendor/laravel/framework/src/Illuminate/Pipeline/Pipeline.php(183): Illuminate\\Foundation\\Http\\Middleware\\TrimStrings->handle()
#45 /home/dylontech/Downloads/SAAFCECEYT/vendor/laravel/framework/src/Illuminate/Http/Middleware/ValidatePostSize.php(27): Illuminate\\Pipeline\\Pipeline->Illuminate\\Pipeline\\{closure}()
#46 /home/dylontech/Downloads/SAAFCECEYT/vendor/laravel/framework/src/Illuminate/Pipeline/Pipeline.php(183): Illuminate\\Http\\Middleware\\ValidatePostSize->handle()
#47 /home/dylontech/Downloads/SAAFCECEYT/vendor/laravel/framework/src/Illuminate/Foundation/Http/Middleware/PreventRequestsDuringMaintenance.php(110): Illuminate\\Pipeline\\Pipeline->Illuminate\\Pipeline\\{closure}()
#48 /home/dylontech/Downloads/SAAFCECEYT/vendor/laravel/framework/src/Illuminate/Pipeline/Pipeline.php(183): Illuminate\\Foundation\\Http\\Middleware\\PreventRequestsDuringMaintenance->handle()
#49 /home/dylontech/Downloads/SAAFCECEYT/vendor/laravel/framework/src/Illuminate/Http/Middleware/HandleCors.php(49): Illuminate\\Pipeline\\Pipeline->Illuminate\\Pipeline\\{closure}()
#50 /home/dylontech/Downloads/SAAFCECEYT/vendor/laravel/framework/src/Illuminate/Pipeline/Pipeline.php(183): Illuminate\\Http\\Middleware\\HandleCors->handle()
#51 /home/dylontech/Downloads/SAAFCECEYT/vendor/laravel/framework/src/Illuminate/Http/Middleware/TrustProxies.php(58): Illuminate\\Pipeline\\Pipeline->Illuminate\\Pipeline\\{closure}()
#52 /home/dylontech/Downloads/SAAFCECEYT/vendor/laravel/framework/src/Illuminate/Pipeline/Pipeline.php(183): Illuminate\\Http\\Middleware\\TrustProxies->handle()
#53 /home/dylontech/Downloads/SAAFCECEYT/vendor/laravel/framework/src/Illuminate/Foundation/Http/Middleware/InvokeDeferredCallbacks.php(22): Illuminate\\Pipeline\\Pipeline->Illuminate\\Pipeline\\{closure}()
#54 /home/dylontech/Downloads/SAAFCECEYT/vendor/laravel/framework/src/Illuminate/Pipeline/Pipeline.php(183): Illuminate\\Foundation\\Http\\Middleware\\InvokeDeferredCallbacks->handle()
#55 /home/dylontech/Downloads/SAAFCECEYT/vendor/laravel/framework/src/Illuminate/Pipeline/Pipeline.php(119): Illuminate\\Pipeline\\Pipeline->Illuminate\\Pipeline\\{closure}()
#56 /home/dylontech/Downloads/SAAFCECEYT/vendor/laravel/framework/src/Illuminate/Foundation/Http/Kernel.php(176): Illuminate\\Pipeline\\Pipeline->then()
#57 /home/dylontech/Downloads/SAAFCECEYT/vendor/laravel/framework/src/Illuminate/Foundation/Http/Kernel.php(145): Illuminate\\Foundation\\Http\\Kernel->sendRequestThroughRouter()
#58 /home/dylontech/Downloads/SAAFCECEYT/vendor/laravel/framework/src/Illuminate/Foundation/Application.php(1190): Illuminate\\Foundation\\Http\\Kernel->handle()
#59 /home/dylontech/Downloads/SAAFCECEYT/public/index.php(17): Illuminate\\Foundation\\Application->handleRequest()
#60 /home/dylontech/Downloads/SAAFCECEYT/vendor/laravel/framework/src/Illuminate/Foundation/resources/server.php(23): require_once('...')
#61 {main}
"} 
[2025-08-27 01:34:37] local.ERROR: SQLSTATE[HY000] [1698] Access denied for user 'root'@'localhost' (Connection: mysql, SQL: select * from `sessions` where `id` = tcC3fdRP9iBtgdwWjYc8ZTykKSlP0VjBJ0yk26Tz limit 1) {"exception":"[object] (Illuminate\\Database\\QueryException(code: 1698): SQLSTATE[HY000] [1698] Access denied for user 'root'@'localhost' (Connection: mysql, SQL: select * from `sessions` where `id` = tcC3fdRP9iBtgdwWjYc8ZTykKSlP0VjBJ0yk26Tz limit 1) at /home/dylontech/Downloads/SAAFCECEYT/vendor/laravel/framework/src/Illuminate/Database/Connection.php:825)
[stacktrace]
#0 /home/dylontech/Downloads/SAAFCECEYT/vendor/laravel/framework/src/Illuminate/Database/Connection.php(779): Illuminate\\Database\\Connection->runQueryCallback()
#1 /home/dylontech/Downloads/SAAFCECEYT/vendor/laravel/framework/src/Illuminate/Database/Connection.php(398): Illuminate\\Database\\Connection->run()
#2 /home/dylontech/Downloads/SAAFCECEYT/vendor/laravel/framework/src/Illuminate/Database/Query/Builder.php(3133): Illuminate\\Database\\Connection->select()
#3 /home/dylontech/Downloads/SAAFCECEYT/vendor/laravel/framework/src/Illuminate/Database/Query/Builder.php(3118): Illuminate\\Database\\Query\\Builder->runSelect()
#4 /home/dylontech/Downloads/SAAFCECEYT/vendor/laravel/framework/src/Illuminate/Database/Query/Builder.php(3706): Illuminate\\Database\\Query\\Builder->Illuminate\\Database\\Query\\{closure}()
#5 /home/dylontech/Downloads/SAAFCECEYT/vendor/laravel/framework/src/Illuminate/Database/Query/Builder.php(3117): Illuminate\\Database\\Query\\Builder->onceWithColumns()
#6 /home/dylontech/Downloads/SAAFCECEYT/vendor/laravel/framework/src/Illuminate/Database/Concerns/BuildsQueries.php(344): Illuminate\\Database\\Query\\Builder->get()
#7 /home/dylontech/Downloads/SAAFCECEYT/vendor/laravel/framework/src/Illuminate/Database/Query/Builder.php(3038): Illuminate\\Database\\Query\\Builder->first()
#8 /home/dylontech/Downloads/SAAFCECEYT/vendor/laravel/framework/src/Illuminate/Session/DatabaseSessionHandler.php(97): Illuminate\\Database\\Query\\Builder->find()
#9 /home/dylontech/Downloads/SAAFCECEYT/vendor/laravel/framework/src/Illuminate/Session/Store.php(113): Illuminate\\Session\\DatabaseSessionHandler->read()
#10 /home/dylontech/Downloads/SAAFCECEYT/vendor/laravel/framework/src/Illuminate/Session/Store.php(101): Illuminate\\Session\\Store->readFromHandler()
#11 /home/dylontech/Downloads/SAAFCECEYT/vendor/laravel/framework/src/Illuminate/Session/Store.php(85): Illuminate\\Session\\Store->loadSession()
#12 /home/dylontech/Downloads/SAAFCECEYT/vendor/laravel/framework/src/Illuminate/Session/Middleware/StartSession.php(147): Illuminate\\Session\\Store->start()
#13 /home/dylontech/Downloads/SAAFCECEYT/vendor/laravel/framework/src/Illuminate/Support/helpers.php(393): Illuminate\\Session\\Middleware\\StartSession->Illuminate\\Session\\Middleware\\{closure}()
#14 /home/dylontech/Downloads/SAAFCECEYT/vendor/laravel/framework/src/Illuminate/Session/Middleware/StartSession.php(144): tap()
#15 /home/dylontech/Downloads/SAAFCECEYT/vendor/laravel/framework/src/Illuminate/Session/Middleware/StartSession.php(116): Illuminate\\Session\\Middleware\\StartSession->startSession()
#16 /home/dylontech/Downloads/SAAFCECEYT/vendor/laravel/framework/src/Illuminate/Session/Middleware/StartSession.php(64): Illuminate\\Session\\Middleware\\StartSession->handleStatefulRequest()
#17 /home/dylontech/Downloads/SAAFCECEYT/vendor/laravel/framework/src/Illuminate/Pipeline/Pipeline.php(183): Illuminate\\Session\\Middleware\\StartSession->handle()
#18 /home/dylontech/Downloads/SAAFCECEYT/vendor/laravel/framework/src/Illuminate/Cookie/Middleware/AddQueuedCookiesToResponse.php(37): Illuminate\\Pipeline\\Pipeline->Illuminate\\Pipeline\\{closure}()
#19 /home/dylontech/Downloads/SAAFCECEYT/vendor/laravel/framework/src/Illuminate/Pipeline/Pipeline.php(183): Illuminate\\Cookie\\Middleware\\AddQueuedCookiesToResponse->handle()
#20 /home/dylontech/Downloads/SAAFCECEYT/vendor/laravel/framework/src/Illuminate/Cookie/Middleware/EncryptCookies.php(75): Illuminate\\Pipeline\\Pipeline->Illuminate\\Pipeline\\{closure}()
#21 /home/dylontech/Downloads/SAAFCECEYT/vendor/laravel/framework/src/Illuminate/Pipeline/Pipeline.php(183): Illuminate\\Cookie\\Middleware\\EncryptCookies->handle()
#22 /home/dylontech/Downloads/SAAFCECEYT/vendor/laravel/framework/src/Illuminate/Pipeline/Pipeline.php(119): Illuminate\\Pipeline\\Pipeline->Illuminate\\Pipeline\\{closure}()
#23 /home/dylontech/Downloads/SAAFCECEYT/vendor/laravel/framework/src/Illuminate/Routing/Router.php(807): Illuminate\\Pipeline\\Pipeline->then()
#24 /home/dylontech/Downloads/SAAFCECEYT/vendor/laravel/framework/src/Illuminate/Routing/Router.php(786): Illuminate\\Routing\\Router->runRouteWithinStack()
#25 /home/dylontech/Downloads/SAAFCECEYT/vendor/laravel/framework/src/Illuminate/Routing/Router.php(750): Illuminate\\Routing\\Router->runRoute()
#26 /home/dylontech/Downloads/SAAFCECEYT/vendor/laravel/framework/src/Illuminate/Routing/Router.php(739): Illuminate\\Routing\\Router->dispatchToRoute()
#27 /home/dylontech/Downloads/SAAFCECEYT/vendor/laravel/framework/src/Illuminate/Foundation/Http/Kernel.php(201): Illuminate\\Routing\\Router->dispatch()
#28 /home/dylontech/Downloads/SAAFCECEYT/vendor/laravel/framework/src/Illuminate/Pipeline/Pipeline.php(144): Illuminate\\Foundation\\Http\\Kernel->Illuminate\\Foundation\\Http\\{closure}()
#29 /home/dylontech/Downloads/SAAFCECEYT/vendor/laravel/framework/src/Illuminate/Foundation/Http/Middleware/TransformsRequest.php(21): Illuminate\\Pipeline\\Pipeline->Illuminate\\Pipeline\\{closure}()
#30 /home/dylontech/Downloads/SAAFCECEYT/vendor/laravel/framework/src/Illuminate/Foundation/Http/Middleware/ConvertEmptyStringsToNull.php(31): Illuminate\\Foundation\\Http\\Middleware\\TransformsRequest->handle()
#31 /home/dylontech/Downloads/SAAFCECEYT/vendor/laravel/framework/src/Illuminate/Pipeline/Pipeline.php(183): Illuminate\\Foundation\\Http\\Middleware\\ConvertEmptyStringsToNull->handle()
#32 /home/dylontech/Downloads/SAAFCECEYT/vendor/laravel/framework/src/Illuminate/Foundation/Http/Middleware/TransformsRequest.php(21): Illuminate\\Pipeline\\Pipeline->Illuminate\\Pipeline\\{closure}()
#33 /home/dylontech/Downloads/SAAFCECEYT/vendor/laravel/framework/src/Illuminate/Foundation/Http/Middleware/TrimStrings.php(51): Illuminate\\Foundation\\Http\\Middleware\\TransformsRequest->handle()
#34 /home/dylontech/Downloads/SAAFCECEYT/vendor/laravel/framework/src/Illuminate/Pipeline/Pipeline.php(183): Illuminate\\Foundation\\Http\\Middleware\\TrimStrings->handle()
#35 /home/dylontech/Downloads/SAAFCECEYT/vendor/laravel/framework/src/Illuminate/Http/Middleware/ValidatePostSize.php(27): Illuminate\\Pipeline\\Pipeline->Illuminate\\Pipeline\\{closure}()
#36 /home/dylontech/Downloads/SAAFCECEYT/vendor/laravel/framework/src/Illuminate/Pipeline/Pipeline.php(183): Illuminate\\Http\\Middleware\\ValidatePostSize->handle()
#37 /home/dylontech/Downloads/SAAFCECEYT/vendor/laravel/framework/src/Illuminate/Foundation/Http/Middleware/PreventRequestsDuringMaintenance.php(110): Illuminate\\Pipeline\\Pipeline->Illuminate\\Pipeline\\{closure}()
#38 /home/dylontech/Downloads/SAAFCECEYT/vendor/laravel/framework/src/Illuminate/Pipeline/Pipeline.php(183): Illuminate\\Foundation\\Http\\Middleware\\PreventRequestsDuringMaintenance->handle()
#39 /home/dylontech/Downloads/SAAFCECEYT/vendor/laravel/framework/src/Illuminate/Http/Middleware/HandleCors.php(49): Illuminate\\Pipeline\\Pipeline->Illuminate\\Pipeline\\{closure}()
#40 /home/dylontech/Downloads/SAAFCECEYT/vendor/laravel/framework/src/Illuminate/Pipeline/Pipeline.php(183): Illuminate\\Http\\Middleware\\HandleCors->handle()
#41 /home/dylontech/Downloads/SAAFCECEYT/vendor/laravel/framework/src/Illuminate/Http/Middleware/TrustProxies.php(58): Illuminate\\Pipeline\\Pipeline->Illuminate\\Pipeline\\{closure}()
#42 /home/dylontech/Downloads/SAAFCECEYT/vendor/laravel/framework/src/Illuminate/Pipeline/Pipeline.php(183): Illuminate\\Http\\Middleware\\TrustProxies->handle()
#43 /home/dylontech/Downloads/SAAFCECEYT/vendor/laravel/framework/src/Illuminate/Foundation/Http/Middleware/InvokeDeferredCallbacks.php(22): Illuminate\\Pipeline\\Pipeline->Illuminate\\Pipeline\\{closure}()
#44 /home/dylontech/Downloads/SAAFCECEYT/vendor/laravel/framework/src/Illuminate/Pipeline/Pipeline.php(183): Illuminate\\Foundation\\Http\\Middleware\\InvokeDeferredCallbacks->handle()
#45 /home/dylontech/Downloads/SAAFCECEYT/vendor/laravel/framework/src/Illuminate/Pipeline/Pipeline.php(119): Illuminate\\Pipeline\\Pipeline->Illuminate\\Pipeline\\{closure}()
#46 /home/dylontech/Downloads/SAAFCECEYT/vendor/laravel/framework/src/Illuminate/Foundation/Http/Kernel.php(176): Illuminate\\Pipeline\\Pipeline->then()
#47 /home/dylontech/Downloads/SAAFCECEYT/vendor/laravel/framework/src/Illuminate/Foundation/Http/Kernel.php(145): Illuminate\\Foundation\\Http\\Kernel->sendRequestThroughRouter()
#48 /home/dylontech/Downloads/SAAFCECEYT/vendor/laravel/framework/src/Illuminate/Foundation/Application.php(1190): Illuminate\\Foundation\\Http\\Kernel->handle()
#49 /home/dylontech/Downloads/SAAFCECEYT/public/index.php(17): Illuminate\\Foundation\\Application->handleRequest()
#50 /home/dylontech/Downloads/SAAFCECEYT/vendor/laravel/framework/src/Illuminate/Foundation/resources/server.php(23): require_once('...')
#51 {main}

[previous exception] [object] (PDOException(code: 1698): SQLSTATE[HY000] [1698] Access denied for user 'root'@'localhost' at /home/dylontech/Downloads/SAAFCECEYT/vendor/laravel/framework/src/Illuminate/Database/Connectors/Connector.php:66)
[stacktrace]
#0 /home/dylontech/Downloads/SAAFCECEYT/vendor/laravel/framework/src/Illuminate/Database/Connectors/Connector.php(66): PDO->__construct()
#1 /home/dylontech/Downloads/SAAFCECEYT/vendor/laravel/framework/src/Illuminate/Database/Connectors/Connector.php(44): Illuminate\\Database\\Connectors\\Connector->createPdoConnection()
#2 /home/dylontech/Downloads/SAAFCECEYT/vendor/laravel/framework/src/Illuminate/Database/Connectors/MySqlConnector.php(24): Illuminate\\Database\\Connectors\\Connector->createConnection()
#3 /home/dylontech/Downloads/SAAFCECEYT/vendor/laravel/framework/src/Illuminate/Database/Connectors/ConnectionFactory.php(185): Illuminate\\Database\\Connectors\\MySqlConnector->connect()
#4 [internal function]: Illuminate\\Database\\Connectors\\ConnectionFactory->Illuminate\\Database\\Connectors\\{closure}()
#5 /home/dylontech/Downloads/SAAFCECEYT/vendor/laravel/framework/src/Illuminate/Database/Connection.php(1231): call_user_func()
#6 /home/dylontech/Downloads/SAAFCECEYT/vendor/laravel/framework/src/Illuminate/Database/Connection.php(1267): Illuminate\\Database\\Connection->getPdo()
#7 /home/dylontech/Downloads/SAAFCECEYT/vendor/laravel/framework/src/Illuminate/Database/Connection.php(512): Illuminate\\Database\\Connection->getReadPdo()
#8 /home/dylontech/Downloads/SAAFCECEYT/vendor/laravel/framework/src/Illuminate/Database/Connection.php(407): Illuminate\\Database\\Connection->getPdoForSelect()
#9 /home/dylontech/Downloads/SAAFCECEYT/vendor/laravel/framework/src/Illuminate/Database/Connection.php(812): Illuminate\\Database\\Connection->Illuminate\\Database\\{closure}()
#10 /home/dylontech/Downloads/SAAFCECEYT/vendor/laravel/framework/src/Illuminate/Database/Connection.php(779): Illuminate\\Database\\Connection->runQueryCallback()
#11 /home/dylontech/Downloads/SAAFCECEYT/vendor/laravel/framework/src/Illuminate/Database/Connection.php(398): Illuminate\\Database\\Connection->run()
#12 /home/dylontech/Downloads/SAAFCECEYT/vendor/laravel/framework/src/Illuminate/Database/Query/Builder.php(3133): Illuminate\\Database\\Connection->select()
#13 /home/dylontech/Downloads/SAAFCECEYT/vendor/laravel/framework/src/Illuminate/Database/Query/Builder.php(3118): Illuminate\\Database\\Query\\Builder->runSelect()
#14 /home/dylontech/Downloads/SAAFCECEYT/vendor/laravel/framework/src/Illuminate/Database/Query/Builder.php(3706): Illuminate\\Database\\Query\\Builder->Illuminate\\Database\\Query\\{closure}()
#15 /home/dylontech/Downloads/SAAFCECEYT/vendor/laravel/framework/src/Illuminate/Database/Query/Builder.php(3117): Illuminate\\Database\\Query\\Builder->onceWithColumns()
#16 /home/dylontech/Downloads/SAAFCECEYT/vendor/laravel/framework/src/Illuminate/Database/Concerns/BuildsQueries.php(344): Illuminate\\Database\\Query\\Builder->get()
#17 /home/dylontech/Downloads/SAAFCECEYT/vendor/laravel/framework/src/Illuminate/Database/Query/Builder.php(3038): Illuminate\\Database\\Query\\Builder->first()
#18 /home/dylontech/Downloads/SAAFCECEYT/vendor/laravel/framework/src/Illuminate/Session/DatabaseSessionHandler.php(97): Illuminate\\Database\\Query\\Builder->find()
#19 /home/dylontech/Downloads/SAAFCECEYT/vendor/laravel/framework/src/Illuminate/Session/Store.php(113): Illuminate\\Session\\DatabaseSessionHandler->read()
#20 /home/dylontech/Downloads/SAAFCECEYT/vendor/laravel/framework/src/Illuminate/Session/Store.php(101): Illuminate\\Session\\Store->readFromHandler()
#21 /home/dylontech/Downloads/SAAFCECEYT/vendor/laravel/framework/src/Illuminate/Session/Store.php(85): Illuminate\\Session\\Store->loadSession()
#22 /home/dylontech/Downloads/SAAFCECEYT/vendor/laravel/framework/src/Illuminate/Session/Middleware/StartSession.php(147): Illuminate\\Session\\Store->start()
#23 /home/dylontech/Downloads/SAAFCECEYT/vendor/laravel/framework/src/Illuminate/Support/helpers.php(393): Illuminate\\Session\\Middleware\\StartSession->Illuminate\\Session\\Middleware\\{closure}()
#24 /home/dylontech/Downloads/SAAFCECEYT/vendor/laravel/framework/src/Illuminate/Session/Middleware/StartSession.php(144): tap()
#25 /home/dylontech/Downloads/SAAFCECEYT/vendor/laravel/framework/src/Illuminate/Session/Middleware/StartSession.php(116): Illuminate\\Session\\Middleware\\StartSession->startSession()
#26 /home/dylontech/Downloads/SAAFCECEYT/vendor/laravel/framework/src/Illuminate/Session/Middleware/StartSession.php(64): Illuminate\\Session\\Middleware\\StartSession->handleStatefulRequest()
#27 /home/dylontech/Downloads/SAAFCECEYT/vendor/laravel/framework/src/Illuminate/Pipeline/Pipeline.php(183): Illuminate\\Session\\Middleware\\StartSession->handle()
#28 /home/dylontech/Downloads/SAAFCECEYT/vendor/laravel/framework/src/Illuminate/Cookie/Middleware/AddQueuedCookiesToResponse.php(37): Illuminate\\Pipeline\\Pipeline->Illuminate\\Pipeline\\{closure}()
#29 /home/dylontech/Downloads/SAAFCECEYT/vendor/laravel/framework/src/Illuminate/Pipeline/Pipeline.php(183): Illuminate\\Cookie\\Middleware\\AddQueuedCookiesToResponse->handle()
#30 /home/dylontech/Downloads/SAAFCECEYT/vendor/laravel/framework/src/Illuminate/Cookie/Middleware/EncryptCookies.php(75): Illuminate\\Pipeline\\Pipeline->Illuminate\\Pipeline\\{closure}()
#31 /home/dylontech/Downloads/SAAFCECEYT/vendor/laravel/framework/src/Illuminate/Pipeline/Pipeline.php(183): Illuminate\\Cookie\\Middleware\\EncryptCookies->handle()
#32 /home/dylontech/Downloads/SAAFCECEYT/vendor/laravel/framework/src/Illuminate/Pipeline/Pipeline.php(119): Illuminate\\Pipeline\\Pipeline->Illuminate\\Pipeline\\{closure}()
#33 /home/dylontech/Downloads/SAAFCECEYT/vendor/laravel/framework/src/Illuminate/Routing/Router.php(807): Illuminate\\Pipeline\\Pipeline->then()
#34 /home/dylontech/Downloads/SAAFCECEYT/vendor/laravel/framework/src/Illuminate/Routing/Router.php(786): Illuminate\\Routing\\Router->runRouteWithinStack()
#35 /home/dylontech/Downloads/SAAFCECEYT/vendor/laravel/framework/src/Illuminate/Routing/Router.php(750): Illuminate\\Routing\\Router->runRoute()
#36 /home/dylontech/Downloads/SAAFCECEYT/vendor/laravel/framework/src/Illuminate/Routing/Router.php(739): Illuminate\\Routing\\Router->dispatchToRoute()
#37 /home/dylontech/Downloads/SAAFCECEYT/vendor/laravel/framework/src/Illuminate/Foundation/Http/Kernel.php(201): Illuminate\\Routing\\Router->dispatch()
#38 /home/dylontech/Downloads/SAAFCECEYT/vendor/laravel/framework/src/Illuminate/Pipeline/Pipeline.php(144): Illuminate\\Foundation\\Http\\Kernel->Illuminate\\Foundation\\Http\\{closure}()
#39 /home/dylontech/Downloads/SAAFCECEYT/vendor/laravel/framework/src/Illuminate/Foundation/Http/Middleware/TransformsRequest.php(21): Illuminate\\Pipeline\\Pipeline->Illuminate\\Pipeline\\{closure}()
#40 /home/dylontech/Downloads/SAAFCECEYT/vendor/laravel/framework/src/Illuminate/Foundation/Http/Middleware/ConvertEmptyStringsToNull.php(31): Illuminate\\Foundation\\Http\\Middleware\\TransformsRequest->handle()
#41 /home/dylontech/Downloads/SAAFCECEYT/vendor/laravel/framework/src/Illuminate/Pipeline/Pipeline.php(183): Illuminate\\Foundation\\Http\\Middleware\\ConvertEmptyStringsToNull->handle()
#42 /home/dylontech/Downloads/SAAFCECEYT/vendor/laravel/framework/src/Illuminate/Foundation/Http/Middleware/TransformsRequest.php(21): Illuminate\\Pipeline\\Pipeline->Illuminate\\Pipeline\\{closure}()
#43 /home/dylontech/Downloads/SAAFCECEYT/vendor/laravel/framework/src/Illuminate/Foundation/Http/Middleware/TrimStrings.php(51): Illuminate\\Foundation\\Http\\Middleware\\TransformsRequest->handle()
#44 /home/dylontech/Downloads/SAAFCECEYT/vendor/laravel/framework/src/Illuminate/Pipeline/Pipeline.php(183): Illuminate\\Foundation\\Http\\Middleware\\TrimStrings->handle()
#45 /home/dylontech/Downloads/SAAFCECEYT/vendor/laravel/framework/src/Illuminate/Http/Middleware/ValidatePostSize.php(27): Illuminate\\Pipeline\\Pipeline->Illuminate\\Pipeline\\{closure}()
#46 /home/dylontech/Downloads/SAAFCECEYT/vendor/laravel/framework/src/Illuminate/Pipeline/Pipeline.php(183): Illuminate\\Http\\Middleware\\ValidatePostSize->handle()
#47 /home/dylontech/Downloads/SAAFCECEYT/vendor/laravel/framework/src/Illuminate/Foundation/Http/Middleware/PreventRequestsDuringMaintenance.php(110): Illuminate\\Pipeline\\Pipeline->Illuminate\\Pipeline\\{closure}()
#48 /home/dylontech/Downloads/SAAFCECEYT/vendor/laravel/framework/src/Illuminate/Pipeline/Pipeline.php(183): Illuminate\\Foundation\\Http\\Middleware\\PreventRequestsDuringMaintenance->handle()
#49 /home/dylontech/Downloads/SAAFCECEYT/vendor/laravel/framework/src/Illuminate/Http/Middleware/HandleCors.php(49): Illuminate\\Pipeline\\Pipeline->Illuminate\\Pipeline\\{closure}()
#50 /home/dylontech/Downloads/SAAFCECEYT/vendor/laravel/framework/src/Illuminate/Pipeline/Pipeline.php(183): Illuminate\\Http\\Middleware\\HandleCors->handle()
#51 /home/dylontech/Downloads/SAAFCECEYT/vendor/laravel/framework/src/Illuminate/Http/Middleware/TrustProxies.php(58): Illuminate\\Pipeline\\Pipeline->Illuminate\\Pipeline\\{closure}()
#52 /home/dylontech/Downloads/SAAFCECEYT/vendor/laravel/framework/src/Illuminate/Pipeline/Pipeline.php(183): Illuminate\\Http\\Middleware\\TrustProxies->handle()
#53 /home/dylontech/Downloads/SAAFCECEYT/vendor/laravel/framework/src/Illuminate/Foundation/Http/Middleware/InvokeDeferredCallbacks.php(22): Illuminate\\Pipeline\\Pipeline->Illuminate\\Pipeline\\{closure}()
#54 /home/dylontech/Downloads/SAAFCECEYT/vendor/laravel/framework/src/Illuminate/Pipeline/Pipeline.php(183): Illuminate\\Foundation\\Http\\Middleware\\InvokeDeferredCallbacks->handle()
#55 /home/dylontech/Downloads/SAAFCECEYT/vendor/laravel/framework/src/Illuminate/Pipeline/Pipeline.php(119): Illuminate\\Pipeline\\Pipeline->Illuminate\\Pipeline\\{closure}()
#56 /home/dylontech/Downloads/SAAFCECEYT/vendor/laravel/framework/src/Illuminate/Foundation/Http/Kernel.php(176): Illuminate\\Pipeline\\Pipeline->then()
#57 /home/dylontech/Downloads/SAAFCECEYT/vendor/laravel/framework/src/Illuminate/Foundation/Http/Kernel.php(145): Illuminate\\Foundation\\Http\\Kernel->sendRequestThroughRouter()
#58 /home/dylontech/Downloads/SAAFCECEYT/vendor/laravel/framework/src/Illuminate/Foundation/Application.php(1190): Illuminate\\Foundation\\Http\\Kernel->handle()
#59 /home/dylontech/Downloads/SAAFCECEYT/public/index.php(17): Illuminate\\Foundation\\Application->handleRequest()
#60 /home/dylontech/Downloads/SAAFCECEYT/vendor/laravel/framework/src/Illuminate/Foundation/resources/server.php(23): require_once('...')
#61 {main}
"} 
[2025-08-27 01:35:24] local.ERROR: SQLSTATE[HY000] [1698] Access denied for user 'root'@'localhost' (Connection: mysql, SQL: select * from `sessions` where `id` = tcC3fdRP9iBtgdwWjYc8ZTykKSlP0VjBJ0yk26Tz limit 1) {"exception":"[object] (Illuminate\\Database\\QueryException(code: 1698): SQLSTATE[HY000] [1698] Access denied for user 'root'@'localhost' (Connection: mysql, SQL: select * from `sessions` where `id` = tcC3fdRP9iBtgdwWjYc8ZTykKSlP0VjBJ0yk26Tz limit 1) at /home/dylontech/Downloads/SAAFCECEYT/vendor/laravel/framework/src/Illuminate/Database/Connection.php:825)
[stacktrace]
#0 /home/dylontech/Downloads/SAAFCECEYT/vendor/laravel/framework/src/Illuminate/Database/Connection.php(779): Illuminate\\Database\\Connection->runQueryCallback()
#1 /home/dylontech/Downloads/SAAFCECEYT/vendor/laravel/framework/src/Illuminate/Database/Connection.php(398): Illuminate\\Database\\Connection->run()
#2 /home/dylontech/Downloads/SAAFCECEYT/vendor/laravel/framework/src/Illuminate/Database/Query/Builder.php(3133): Illuminate\\Database\\Connection->select()
#3 /home/dylontech/Downloads/SAAFCECEYT/vendor/laravel/framework/src/Illuminate/Database/Query/Builder.php(3118): Illuminate\\Database\\Query\\Builder->runSelect()
#4 /home/dylontech/Downloads/SAAFCECEYT/vendor/laravel/framework/src/Illuminate/Database/Query/Builder.php(3706): Illuminate\\Database\\Query\\Builder->Illuminate\\Database\\Query\\{closure}()
#5 /home/dylontech/Downloads/SAAFCECEYT/vendor/laravel/framework/src/Illuminate/Database/Query/Builder.php(3117): Illuminate\\Database\\Query\\Builder->onceWithColumns()
#6 /home/dylontech/Downloads/SAAFCECEYT/vendor/laravel/framework/src/Illuminate/Database/Concerns/BuildsQueries.php(344): Illuminate\\Database\\Query\\Builder->get()
#7 /home/dylontech/Downloads/SAAFCECEYT/vendor/laravel/framework/src/Illuminate/Database/Query/Builder.php(3038): Illuminate\\Database\\Query\\Builder->first()
#8 /home/dylontech/Downloads/SAAFCECEYT/vendor/laravel/framework/src/Illuminate/Session/DatabaseSessionHandler.php(97): Illuminate\\Database\\Query\\Builder->find()
#9 /home/dylontech/Downloads/SAAFCECEYT/vendor/laravel/framework/src/Illuminate/Session/Store.php(113): Illuminate\\Session\\DatabaseSessionHandler->read()
#10 /home/dylontech/Downloads/SAAFCECEYT/vendor/laravel/framework/src/Illuminate/Session/Store.php(101): Illuminate\\Session\\Store->readFromHandler()
#11 /home/dylontech/Downloads/SAAFCECEYT/vendor/laravel/framework/src/Illuminate/Session/Store.php(85): Illuminate\\Session\\Store->loadSession()
#12 /home/dylontech/Downloads/SAAFCECEYT/vendor/laravel/framework/src/Illuminate/Session/Middleware/StartSession.php(147): Illuminate\\Session\\Store->start()
#13 /home/dylontech/Downloads/SAAFCECEYT/vendor/laravel/framework/src/Illuminate/Support/helpers.php(393): Illuminate\\Session\\Middleware\\StartSession->Illuminate\\Session\\Middleware\\{closure}()
#14 /home/dylontech/Downloads/SAAFCECEYT/vendor/laravel/framework/src/Illuminate/Session/Middleware/StartSession.php(144): tap()
#15 /home/dylontech/Downloads/SAAFCECEYT/vendor/laravel/framework/src/Illuminate/Session/Middleware/StartSession.php(116): Illuminate\\Session\\Middleware\\StartSession->startSession()
#16 /home/dylontech/Downloads/SAAFCECEYT/vendor/laravel/framework/src/Illuminate/Session/Middleware/StartSession.php(64): Illuminate\\Session\\Middleware\\StartSession->handleStatefulRequest()
#17 /home/dylontech/Downloads/SAAFCECEYT/vendor/laravel/framework/src/Illuminate/Pipeline/Pipeline.php(183): Illuminate\\Session\\Middleware\\StartSession->handle()
#18 /home/dylontech/Downloads/SAAFCECEYT/vendor/laravel/framework/src/Illuminate/Cookie/Middleware/AddQueuedCookiesToResponse.php(37): Illuminate\\Pipeline\\Pipeline->Illuminate\\Pipeline\\{closure}()
#19 /home/dylontech/Downloads/SAAFCECEYT/vendor/laravel/framework/src/Illuminate/Pipeline/Pipeline.php(183): Illuminate\\Cookie\\Middleware\\AddQueuedCookiesToResponse->handle()
#20 /home/dylontech/Downloads/SAAFCECEYT/vendor/laravel/framework/src/Illuminate/Cookie/Middleware/EncryptCookies.php(75): Illuminate\\Pipeline\\Pipeline->Illuminate\\Pipeline\\{closure}()
#21 /home/dylontech/Downloads/SAAFCECEYT/vendor/laravel/framework/src/Illuminate/Pipeline/Pipeline.php(183): Illuminate\\Cookie\\Middleware\\EncryptCookies->handle()
#22 /home/dylontech/Downloads/SAAFCECEYT/vendor/laravel/framework/src/Illuminate/Pipeline/Pipeline.php(119): Illuminate\\Pipeline\\Pipeline->Illuminate\\Pipeline\\{closure}()
#23 /home/dylontech/Downloads/SAAFCECEYT/vendor/laravel/framework/src/Illuminate/Routing/Router.php(807): Illuminate\\Pipeline\\Pipeline->then()
#24 /home/dylontech/Downloads/SAAFCECEYT/vendor/laravel/framework/src/Illuminate/Routing/Router.php(786): Illuminate\\Routing\\Router->runRouteWithinStack()
#25 /home/dylontech/Downloads/SAAFCECEYT/vendor/laravel/framework/src/Illuminate/Routing/Router.php(750): Illuminate\\Routing\\Router->runRoute()
#26 /home/dylontech/Downloads/SAAFCECEYT/vendor/laravel/framework/src/Illuminate/Routing/Router.php(739): Illuminate\\Routing\\Router->dispatchToRoute()
#27 /home/dylontech/Downloads/SAAFCECEYT/vendor/laravel/framework/src/Illuminate/Foundation/Http/Kernel.php(201): Illuminate\\Routing\\Router->dispatch()
#28 /home/dylontech/Downloads/SAAFCECEYT/vendor/laravel/framework/src/Illuminate/Pipeline/Pipeline.php(144): Illuminate\\Foundation\\Http\\Kernel->Illuminate\\Foundation\\Http\\{closure}()
#29 /home/dylontech/Downloads/SAAFCECEYT/vendor/laravel/framework/src/Illuminate/Foundation/Http/Middleware/TransformsRequest.php(21): Illuminate\\Pipeline\\Pipeline->Illuminate\\Pipeline\\{closure}()
#30 /home/dylontech/Downloads/SAAFCECEYT/vendor/laravel/framework/src/Illuminate/Foundation/Http/Middleware/ConvertEmptyStringsToNull.php(31): Illuminate\\Foundation\\Http\\Middleware\\TransformsRequest->handle()
#31 /home/dylontech/Downloads/SAAFCECEYT/vendor/laravel/framework/src/Illuminate/Pipeline/Pipeline.php(183): Illuminate\\Foundation\\Http\\Middleware\\ConvertEmptyStringsToNull->handle()
#32 /home/dylontech/Downloads/SAAFCECEYT/vendor/laravel/framework/src/Illuminate/Foundation/Http/Middleware/TransformsRequest.php(21): Illuminate\\Pipeline\\Pipeline->Illuminate\\Pipeline\\{closure}()
#33 /home/dylontech/Downloads/SAAFCECEYT/vendor/laravel/framework/src/Illuminate/Foundation/Http/Middleware/TrimStrings.php(51): Illuminate\\Foundation\\Http\\Middleware\\TransformsRequest->handle()
#34 /home/dylontech/Downloads/SAAFCECEYT/vendor/laravel/framework/src/Illuminate/Pipeline/Pipeline.php(183): Illuminate\\Foundation\\Http\\Middleware\\TrimStrings->handle()
#35 /home/dylontech/Downloads/SAAFCECEYT/vendor/laravel/framework/src/Illuminate/Http/Middleware/ValidatePostSize.php(27): Illuminate\\Pipeline\\Pipeline->Illuminate\\Pipeline\\{closure}()
#36 /home/dylontech/Downloads/SAAFCECEYT/vendor/laravel/framework/src/Illuminate/Pipeline/Pipeline.php(183): Illuminate\\Http\\Middleware\\ValidatePostSize->handle()
#37 /home/dylontech/Downloads/SAAFCECEYT/vendor/laravel/framework/src/Illuminate/Foundation/Http/Middleware/PreventRequestsDuringMaintenance.php(110): Illuminate\\Pipeline\\Pipeline->Illuminate\\Pipeline\\{closure}()
#38 /home/dylontech/Downloads/SAAFCECEYT/vendor/laravel/framework/src/Illuminate/Pipeline/Pipeline.php(183): Illuminate\\Foundation\\Http\\Middleware\\PreventRequestsDuringMaintenance->handle()
#39 /home/dylontech/Downloads/SAAFCECEYT/vendor/laravel/framework/src/Illuminate/Http/Middleware/HandleCors.php(49): Illuminate\\Pipeline\\Pipeline->Illuminate\\Pipeline\\{closure}()
#40 /home/dylontech/Downloads/SAAFCECEYT/vendor/laravel/framework/src/Illuminate/Pipeline/Pipeline.php(183): Illuminate\\Http\\Middleware\\HandleCors->handle()
#41 /home/dylontech/Downloads/SAAFCECEYT/vendor/laravel/framework/src/Illuminate/Http/Middleware/TrustProxies.php(58): Illuminate\\Pipeline\\Pipeline->Illuminate\\Pipeline\\{closure}()
#42 /home/dylontech/Downloads/SAAFCECEYT/vendor/laravel/framework/src/Illuminate/Pipeline/Pipeline.php(183): Illuminate\\Http\\Middleware\\TrustProxies->handle()
#43 /home/dylontech/Downloads/SAAFCECEYT/vendor/laravel/framework/src/Illuminate/Foundation/Http/Middleware/InvokeDeferredCallbacks.php(22): Illuminate\\Pipeline\\Pipeline->Illuminate\\Pipeline\\{closure}()
#44 /home/dylontech/Downloads/SAAFCECEYT/vendor/laravel/framework/src/Illuminate/Pipeline/Pipeline.php(183): Illuminate\\Foundation\\Http\\Middleware\\InvokeDeferredCallbacks->handle()
#45 /home/dylontech/Downloads/SAAFCECEYT/vendor/laravel/framework/src/Illuminate/Pipeline/Pipeline.php(119): Illuminate\\Pipeline\\Pipeline->Illuminate\\Pipeline\\{closure}()
#46 /home/dylontech/Downloads/SAAFCECEYT/vendor/laravel/framework/src/Illuminate/Foundation/Http/Kernel.php(176): Illuminate\\Pipeline\\Pipeline->then()
#47 /home/dylontech/Downloads/SAAFCECEYT/vendor/laravel/framework/src/Illuminate/Foundation/Http/Kernel.php(145): Illuminate\\Foundation\\Http\\Kernel->sendRequestThroughRouter()
#48 /home/dylontech/Downloads/SAAFCECEYT/vendor/laravel/framework/src/Illuminate/Foundation/Application.php(1190): Illuminate\\Foundation\\Http\\Kernel->handle()
#49 /home/dylontech/Downloads/SAAFCECEYT/public/index.php(17): Illuminate\\Foundation\\Application->handleRequest()
#50 /home/dylontech/Downloads/SAAFCECEYT/vendor/laravel/framework/src/Illuminate/Foundation/resources/server.php(23): require_once('...')
#51 {main}

[previous exception] [object] (PDOException(code: 1698): SQLSTATE[HY000] [1698] Access denied for user 'root'@'localhost' at /home/dylontech/Downloads/SAAFCECEYT/vendor/laravel/framework/src/Illuminate/Database/Connectors/Connector.php:66)
[stacktrace]
#0 /home/dylontech/Downloads/SAAFCECEYT/vendor/laravel/framework/src/Illuminate/Database/Connectors/Connector.php(66): PDO->__construct()
#1 /home/dylontech/Downloads/SAAFCECEYT/vendor/laravel/framework/src/Illuminate/Database/Connectors/Connector.php(44): Illuminate\\Database\\Connectors\\Connector->createPdoConnection()
#2 /home/dylontech/Downloads/SAAFCECEYT/vendor/laravel/framework/src/Illuminate/Database/Connectors/MySqlConnector.php(24): Illuminate\\Database\\Connectors\\Connector->createConnection()
#3 /home/dylontech/Downloads/SAAFCECEYT/vendor/laravel/framework/src/Illuminate/Database/Connectors/ConnectionFactory.php(185): Illuminate\\Database\\Connectors\\MySqlConnector->connect()
#4 [internal function]: Illuminate\\Database\\Connectors\\ConnectionFactory->Illuminate\\Database\\Connectors\\{closure}()
#5 /home/dylontech/Downloads/SAAFCECEYT/vendor/laravel/framework/src/Illuminate/Database/Connection.php(1231): call_user_func()
#6 /home/dylontech/Downloads/SAAFCECEYT/vendor/laravel/framework/src/Illuminate/Database/Connection.php(1267): Illuminate\\Database\\Connection->getPdo()
#7 /home/dylontech/Downloads/SAAFCECEYT/vendor/laravel/framework/src/Illuminate/Database/Connection.php(512): Illuminate\\Database\\Connection->getReadPdo()
#8 /home/dylontech/Downloads/SAAFCECEYT/vendor/laravel/framework/src/Illuminate/Database/Connection.php(407): Illuminate\\Database\\Connection->getPdoForSelect()
#9 /home/dylontech/Downloads/SAAFCECEYT/vendor/laravel/framework/src/Illuminate/Database/Connection.php(812): Illuminate\\Database\\Connection->Illuminate\\Database\\{closure}()
#10 /home/dylontech/Downloads/SAAFCECEYT/vendor/laravel/framework/src/Illuminate/Database/Connection.php(779): Illuminate\\Database\\Connection->runQueryCallback()
#11 /home/dylontech/Downloads/SAAFCECEYT/vendor/laravel/framework/src/Illuminate/Database/Connection.php(398): Illuminate\\Database\\Connection->run()
#12 /home/dylontech/Downloads/SAAFCECEYT/vendor/laravel/framework/src/Illuminate/Database/Query/Builder.php(3133): Illuminate\\Database\\Connection->select()
#13 /home/dylontech/Downloads/SAAFCECEYT/vendor/laravel/framework/src/Illuminate/Database/Query/Builder.php(3118): Illuminate\\Database\\Query\\Builder->runSelect()
#14 /home/dylontech/Downloads/SAAFCECEYT/vendor/laravel/framework/src/Illuminate/Database/Query/Builder.php(3706): Illuminate\\Database\\Query\\Builder->Illuminate\\Database\\Query\\{closure}()
#15 /home/dylontech/Downloads/SAAFCECEYT/vendor/laravel/framework/src/Illuminate/Database/Query/Builder.php(3117): Illuminate\\Database\\Query\\Builder->onceWithColumns()
#16 /home/dylontech/Downloads/SAAFCECEYT/vendor/laravel/framework/src/Illuminate/Database/Concerns/BuildsQueries.php(344): Illuminate\\Database\\Query\\Builder->get()
#17 /home/dylontech/Downloads/SAAFCECEYT/vendor/laravel/framework/src/Illuminate/Database/Query/Builder.php(3038): Illuminate\\Database\\Query\\Builder->first()
#18 /home/dylontech/Downloads/SAAFCECEYT/vendor/laravel/framework/src/Illuminate/Session/DatabaseSessionHandler.php(97): Illuminate\\Database\\Query\\Builder->find()
#19 /home/dylontech/Downloads/SAAFCECEYT/vendor/laravel/framework/src/Illuminate/Session/Store.php(113): Illuminate\\Session\\DatabaseSessionHandler->read()
#20 /home/dylontech/Downloads/SAAFCECEYT/vendor/laravel/framework/src/Illuminate/Session/Store.php(101): Illuminate\\Session\\Store->readFromHandler()
#21 /home/dylontech/Downloads/SAAFCECEYT/vendor/laravel/framework/src/Illuminate/Session/Store.php(85): Illuminate\\Session\\Store->loadSession()
#22 /home/dylontech/Downloads/SAAFCECEYT/vendor/laravel/framework/src/Illuminate/Session/Middleware/StartSession.php(147): Illuminate\\Session\\Store->start()
#23 /home/dylontech/Downloads/SAAFCECEYT/vendor/laravel/framework/src/Illuminate/Support/helpers.php(393): Illuminate\\Session\\Middleware\\StartSession->Illuminate\\Session\\Middleware\\{closure}()
#24 /home/dylontech/Downloads/SAAFCECEYT/vendor/laravel/framework/src/Illuminate/Session/Middleware/StartSession.php(144): tap()
#25 /home/dylontech/Downloads/SAAFCECEYT/vendor/laravel/framework/src/Illuminate/Session/Middleware/StartSession.php(116): Illuminate\\Session\\Middleware\\StartSession->startSession()
#26 /home/dylontech/Downloads/SAAFCECEYT/vendor/laravel/framework/src/Illuminate/Session/Middleware/StartSession.php(64): Illuminate\\Session\\Middleware\\StartSession->handleStatefulRequest()
#27 /home/dylontech/Downloads/SAAFCECEYT/vendor/laravel/framework/src/Illuminate/Pipeline/Pipeline.php(183): Illuminate\\Session\\Middleware\\StartSession->handle()
#28 /home/dylontech/Downloads/SAAFCECEYT/vendor/laravel/framework/src/Illuminate/Cookie/Middleware/AddQueuedCookiesToResponse.php(37): Illuminate\\Pipeline\\Pipeline->Illuminate\\Pipeline\\{closure}()
#29 /home/dylontech/Downloads/SAAFCECEYT/vendor/laravel/framework/src/Illuminate/Pipeline/Pipeline.php(183): Illuminate\\Cookie\\Middleware\\AddQueuedCookiesToResponse->handle()
#30 /home/dylontech/Downloads/SAAFCECEYT/vendor/laravel/framework/src/Illuminate/Cookie/Middleware/EncryptCookies.php(75): Illuminate\\Pipeline\\Pipeline->Illuminate\\Pipeline\\{closure}()
#31 /home/dylontech/Downloads/SAAFCECEYT/vendor/laravel/framework/src/Illuminate/Pipeline/Pipeline.php(183): Illuminate\\Cookie\\Middleware\\EncryptCookies->handle()
#32 /home/dylontech/Downloads/SAAFCECEYT/vendor/laravel/framework/src/Illuminate/Pipeline/Pipeline.php(119): Illuminate\\Pipeline\\Pipeline->Illuminate\\Pipeline\\{closure}()
#33 /home/dylontech/Downloads/SAAFCECEYT/vendor/laravel/framework/src/Illuminate/Routing/Router.php(807): Illuminate\\Pipeline\\Pipeline->then()
#34 /home/dylontech/Downloads/SAAFCECEYT/vendor/laravel/framework/src/Illuminate/Routing/Router.php(786): Illuminate\\Routing\\Router->runRouteWithinStack()
#35 /home/dylontech/Downloads/SAAFCECEYT/vendor/laravel/framework/src/Illuminate/Routing/Router.php(750): Illuminate\\Routing\\Router->runRoute()
#36 /home/dylontech/Downloads/SAAFCECEYT/vendor/laravel/framework/src/Illuminate/Routing/Router.php(739): Illuminate\\Routing\\Router->dispatchToRoute()
#37 /home/dylontech/Downloads/SAAFCECEYT/vendor/laravel/framework/src/Illuminate/Foundation/Http/Kernel.php(201): Illuminate\\Routing\\Router->dispatch()
#38 /home/dylontech/Downloads/SAAFCECEYT/vendor/laravel/framework/src/Illuminate/Pipeline/Pipeline.php(144): Illuminate\\Foundation\\Http\\Kernel->Illuminate\\Foundation\\Http\\{closure}()
#39 /home/dylontech/Downloads/SAAFCECEYT/vendor/laravel/framework/src/Illuminate/Foundation/Http/Middleware/TransformsRequest.php(21): Illuminate\\Pipeline\\Pipeline->Illuminate\\Pipeline\\{closure}()
#40 /home/dylontech/Downloads/SAAFCECEYT/vendor/laravel/framework/src/Illuminate/Foundation/Http/Middleware/ConvertEmptyStringsToNull.php(31): Illuminate\\Foundation\\Http\\Middleware\\TransformsRequest->handle()
#41 /home/dylontech/Downloads/SAAFCECEYT/vendor/laravel/framework/src/Illuminate/Pipeline/Pipeline.php(183): Illuminate\\Foundation\\Http\\Middleware\\ConvertEmptyStringsToNull->handle()
#42 /home/dylontech/Downloads/SAAFCECEYT/vendor/laravel/framework/src/Illuminate/Foundation/Http/Middleware/TransformsRequest.php(21): Illuminate\\Pipeline\\Pipeline->Illuminate\\Pipeline\\{closure}()
#43 /home/dylontech/Downloads/SAAFCECEYT/vendor/laravel/framework/src/Illuminate/Foundation/Http/Middleware/TrimStrings.php(51): Illuminate\\Foundation\\Http\\Middleware\\TransformsRequest->handle()
#44 /home/dylontech/Downloads/SAAFCECEYT/vendor/laravel/framework/src/Illuminate/Pipeline/Pipeline.php(183): Illuminate\\Foundation\\Http\\Middleware\\TrimStrings->handle()
#45 /home/dylontech/Downloads/SAAFCECEYT/vendor/laravel/framework/src/Illuminate/Http/Middleware/ValidatePostSize.php(27): Illuminate\\Pipeline\\Pipeline->Illuminate\\Pipeline\\{closure}()
#46 /home/dylontech/Downloads/SAAFCECEYT/vendor/laravel/framework/src/Illuminate/Pipeline/Pipeline.php(183): Illuminate\\Http\\Middleware\\ValidatePostSize->handle()
#47 /home/dylontech/Downloads/SAAFCECEYT/vendor/laravel/framework/src/Illuminate/Foundation/Http/Middleware/PreventRequestsDuringMaintenance.php(110): Illuminate\\Pipeline\\Pipeline->Illuminate\\Pipeline\\{closure}()
#48 /home/dylontech/Downloads/SAAFCECEYT/vendor/laravel/framework/src/Illuminate/Pipeline/Pipeline.php(183): Illuminate\\Foundation\\Http\\Middleware\\PreventRequestsDuringMaintenance->handle()
#49 /home/dylontech/Downloads/SAAFCECEYT/vendor/laravel/framework/src/Illuminate/Http/Middleware/HandleCors.php(49): Illuminate\\Pipeline\\Pipeline->Illuminate\\Pipeline\\{closure}()
#50 /home/dylontech/Downloads/SAAFCECEYT/vendor/laravel/framework/src/Illuminate/Pipeline/Pipeline.php(183): Illuminate\\Http\\Middleware\\HandleCors->handle()
#51 /home/dylontech/Downloads/SAAFCECEYT/vendor/laravel/framework/src/Illuminate/Http/Middleware/TrustProxies.php(58): Illuminate\\Pipeline\\Pipeline->Illuminate\\Pipeline\\{closure}()
#52 /home/dylontech/Downloads/SAAFCECEYT/vendor/laravel/framework/src/Illuminate/Pipeline/Pipeline.php(183): Illuminate\\Http\\Middleware\\TrustProxies->handle()
#53 /home/dylontech/Downloads/SAAFCECEYT/vendor/laravel/framework/src/Illuminate/Foundation/Http/Middleware/InvokeDeferredCallbacks.php(22): Illuminate\\Pipeline\\Pipeline->Illuminate\\Pipeline\\{closure}()
#54 /home/dylontech/Downloads/SAAFCECEYT/vendor/laravel/framework/src/Illuminate/Pipeline/Pipeline.php(183): Illuminate\\Foundation\\Http\\Middleware\\InvokeDeferredCallbacks->handle()
#55 /home/dylontech/Downloads/SAAFCECEYT/vendor/laravel/framework/src/Illuminate/Pipeline/Pipeline.php(119): Illuminate\\Pipeline\\Pipeline->Illuminate\\Pipeline\\{closure}()
#56 /home/dylontech/Downloads/SAAFCECEYT/vendor/laravel/framework/src/Illuminate/Foundation/Http/Kernel.php(176): Illuminate\\Pipeline\\Pipeline->then()
#57 /home/dylontech/Downloads/SAAFCECEYT/vendor/laravel/framework/src/Illuminate/Foundation/Http/Kernel.php(145): Illuminate\\Foundation\\Http\\Kernel->sendRequestThroughRouter()
#58 /home/dylontech/Downloads/SAAFCECEYT/vendor/laravel/framework/src/Illuminate/Foundation/Application.php(1190): Illuminate\\Foundation\\Http\\Kernel->handle()
#59 /home/dylontech/Downloads/SAAFCECEYT/public/index.php(17): Illuminate\\Foundation\\Application->handleRequest()
#60 /home/dylontech/Downloads/SAAFCECEYT/vendor/laravel/framework/src/Illuminate/Foundation/resources/server.php(23): require_once('...')
#61 {main}
"} 
[2025-08-27 01:43:12] local.ERROR: SQLSTATE[HY000] [1698] Access denied for user 'root'@'localhost' (Connection: mysql, SQL: select * from `sessions` where `id` = tcC3fdRP9iBtgdwWjYc8ZTykKSlP0VjBJ0yk26Tz limit 1) {"exception":"[object] (Illuminate\\Database\\QueryException(code: 1698): SQLSTATE[HY000] [1698] Access denied for user 'root'@'localhost' (Connection: mysql, SQL: select * from `sessions` where `id` = tcC3fdRP9iBtgdwWjYc8ZTykKSlP0VjBJ0yk26Tz limit 1) at /home/dylontech/Downloads/SAAFCECEYT/vendor/laravel/framework/src/Illuminate/Database/Connection.php:825)
[stacktrace]
#0 /home/dylontech/Downloads/SAAFCECEYT/vendor/laravel/framework/src/Illuminate/Database/Connection.php(779): Illuminate\\Database\\Connection->runQueryCallback()
#1 /home/dylontech/Downloads/SAAFCECEYT/vendor/laravel/framework/src/Illuminate/Database/Connection.php(398): Illuminate\\Database\\Connection->run()
#2 /home/dylontech/Downloads/SAAFCECEYT/vendor/laravel/framework/src/Illuminate/Database/Query/Builder.php(3133): Illuminate\\Database\\Connection->select()
#3 /home/dylontech/Downloads/SAAFCECEYT/vendor/laravel/framework/src/Illuminate/Database/Query/Builder.php(3118): Illuminate\\Database\\Query\\Builder->runSelect()
#4 /home/dylontech/Downloads/SAAFCECEYT/vendor/laravel/framework/src/Illuminate/Database/Query/Builder.php(3706): Illuminate\\Database\\Query\\Builder->Illuminate\\Database\\Query\\{closure}()
#5 /home/dylontech/Downloads/SAAFCECEYT/vendor/laravel/framework/src/Illuminate/Database/Query/Builder.php(3117): Illuminate\\Database\\Query\\Builder->onceWithColumns()
#6 /home/dylontech/Downloads/SAAFCECEYT/vendor/laravel/framework/src/Illuminate/Database/Concerns/BuildsQueries.php(344): Illuminate\\Database\\Query\\Builder->get()
#7 /home/dylontech/Downloads/SAAFCECEYT/vendor/laravel/framework/src/Illuminate/Database/Query/Builder.php(3038): Illuminate\\Database\\Query\\Builder->first()
#8 /home/dylontech/Downloads/SAAFCECEYT/vendor/laravel/framework/src/Illuminate/Session/DatabaseSessionHandler.php(97): Illuminate\\Database\\Query\\Builder->find()
#9 /home/dylontech/Downloads/SAAFCECEYT/vendor/laravel/framework/src/Illuminate/Session/Store.php(113): Illuminate\\Session\\DatabaseSessionHandler->read()
#10 /home/dylontech/Downloads/SAAFCECEYT/vendor/laravel/framework/src/Illuminate/Session/Store.php(101): Illuminate\\Session\\Store->readFromHandler()
#11 /home/dylontech/Downloads/SAAFCECEYT/vendor/laravel/framework/src/Illuminate/Session/Store.php(85): Illuminate\\Session\\Store->loadSession()
#12 /home/dylontech/Downloads/SAAFCECEYT/vendor/laravel/framework/src/Illuminate/Session/Middleware/StartSession.php(147): Illuminate\\Session\\Store->start()
#13 /home/dylontech/Downloads/SAAFCECEYT/vendor/laravel/framework/src/Illuminate/Support/helpers.php(393): Illuminate\\Session\\Middleware\\StartSession->Illuminate\\Session\\Middleware\\{closure}()
#14 /home/dylontech/Downloads/SAAFCECEYT/vendor/laravel/framework/src/Illuminate/Session/Middleware/StartSession.php(144): tap()
#15 /home/dylontech/Downloads/SAAFCECEYT/vendor/laravel/framework/src/Illuminate/Session/Middleware/StartSession.php(116): Illuminate\\Session\\Middleware\\StartSession->startSession()
#16 /home/dylontech/Downloads/SAAFCECEYT/vendor/laravel/framework/src/Illuminate/Session/Middleware/StartSession.php(64): Illuminate\\Session\\Middleware\\StartSession->handleStatefulRequest()
#17 /home/dylontech/Downloads/SAAFCECEYT/vendor/laravel/framework/src/Illuminate/Pipeline/Pipeline.php(183): Illuminate\\Session\\Middleware\\StartSession->handle()
#18 /home/dylontech/Downloads/SAAFCECEYT/vendor/laravel/framework/src/Illuminate/Cookie/Middleware/AddQueuedCookiesToResponse.php(37): Illuminate\\Pipeline\\Pipeline->Illuminate\\Pipeline\\{closure}()
#19 /home/dylontech/Downloads/SAAFCECEYT/vendor/laravel/framework/src/Illuminate/Pipeline/Pipeline.php(183): Illuminate\\Cookie\\Middleware\\AddQueuedCookiesToResponse->handle()
#20 /home/dylontech/Downloads/SAAFCECEYT/vendor/laravel/framework/src/Illuminate/Cookie/Middleware/EncryptCookies.php(75): Illuminate\\Pipeline\\Pipeline->Illuminate\\Pipeline\\{closure}()
#21 /home/dylontech/Downloads/SAAFCECEYT/vendor/laravel/framework/src/Illuminate/Pipeline/Pipeline.php(183): Illuminate\\Cookie\\Middleware\\EncryptCookies->handle()
#22 /home/dylontech/Downloads/SAAFCECEYT/vendor/laravel/framework/src/Illuminate/Pipeline/Pipeline.php(119): Illuminate\\Pipeline\\Pipeline->Illuminate\\Pipeline\\{closure}()
#23 /home/dylontech/Downloads/SAAFCECEYT/vendor/laravel/framework/src/Illuminate/Routing/Router.php(807): Illuminate\\Pipeline\\Pipeline->then()
#24 /home/dylontech/Downloads/SAAFCECEYT/vendor/laravel/framework/src/Illuminate/Routing/Router.php(786): Illuminate\\Routing\\Router->runRouteWithinStack()
#25 /home/dylontech/Downloads/SAAFCECEYT/vendor/laravel/framework/src/Illuminate/Routing/Router.php(750): Illuminate\\Routing\\Router->runRoute()
#26 /home/dylontech/Downloads/SAAFCECEYT/vendor/laravel/framework/src/Illuminate/Routing/Router.php(739): Illuminate\\Routing\\Router->dispatchToRoute()
#27 /home/dylontech/Downloads/SAAFCECEYT/vendor/laravel/framework/src/Illuminate/Foundation/Http/Kernel.php(201): Illuminate\\Routing\\Router->dispatch()
#28 /home/dylontech/Downloads/SAAFCECEYT/vendor/laravel/framework/src/Illuminate/Pipeline/Pipeline.php(144): Illuminate\\Foundation\\Http\\Kernel->Illuminate\\Foundation\\Http\\{closure}()
#29 /home/dylontech/Downloads/SAAFCECEYT/vendor/laravel/framework/src/Illuminate/Foundation/Http/Middleware/TransformsRequest.php(21): Illuminate\\Pipeline\\Pipeline->Illuminate\\Pipeline\\{closure}()
#30 /home/dylontech/Downloads/SAAFCECEYT/vendor/laravel/framework/src/Illuminate/Foundation/Http/Middleware/ConvertEmptyStringsToNull.php(31): Illuminate\\Foundation\\Http\\Middleware\\TransformsRequest->handle()
#31 /home/dylontech/Downloads/SAAFCECEYT/vendor/laravel/framework/src/Illuminate/Pipeline/Pipeline.php(183): Illuminate\\Foundation\\Http\\Middleware\\ConvertEmptyStringsToNull->handle()
#32 /home/dylontech/Downloads/SAAFCECEYT/vendor/laravel/framework/src/Illuminate/Foundation/Http/Middleware/TransformsRequest.php(21): Illuminate\\Pipeline\\Pipeline->Illuminate\\Pipeline\\{closure}()
#33 /home/dylontech/Downloads/SAAFCECEYT/vendor/laravel/framework/src/Illuminate/Foundation/Http/Middleware/TrimStrings.php(51): Illuminate\\Foundation\\Http\\Middleware\\TransformsRequest->handle()
#34 /home/dylontech/Downloads/SAAFCECEYT/vendor/laravel/framework/src/Illuminate/Pipeline/Pipeline.php(183): Illuminate\\Foundation\\Http\\Middleware\\TrimStrings->handle()
#35 /home/dylontech/Downloads/SAAFCECEYT/vendor/laravel/framework/src/Illuminate/Http/Middleware/ValidatePostSize.php(27): Illuminate\\Pipeline\\Pipeline->Illuminate\\Pipeline\\{closure}()
#36 /home/dylontech/Downloads/SAAFCECEYT/vendor/laravel/framework/src/Illuminate/Pipeline/Pipeline.php(183): Illuminate\\Http\\Middleware\\ValidatePostSize->handle()
#37 /home/dylontech/Downloads/SAAFCECEYT/vendor/laravel/framework/src/Illuminate/Foundation/Http/Middleware/PreventRequestsDuringMaintenance.php(110): Illuminate\\Pipeline\\Pipeline->Illuminate\\Pipeline\\{closure}()
#38 /home/dylontech/Downloads/SAAFCECEYT/vendor/laravel/framework/src/Illuminate/Pipeline/Pipeline.php(183): Illuminate\\Foundation\\Http\\Middleware\\PreventRequestsDuringMaintenance->handle()
#39 /home/dylontech/Downloads/SAAFCECEYT/vendor/laravel/framework/src/Illuminate/Http/Middleware/HandleCors.php(49): Illuminate\\Pipeline\\Pipeline->Illuminate\\Pipeline\\{closure}()
#40 /home/dylontech/Downloads/SAAFCECEYT/vendor/laravel/framework/src/Illuminate/Pipeline/Pipeline.php(183): Illuminate\\Http\\Middleware\\HandleCors->handle()
#41 /home/dylontech/Downloads/SAAFCECEYT/vendor/laravel/framework/src/Illuminate/Http/Middleware/TrustProxies.php(58): Illuminate\\Pipeline\\Pipeline->Illuminate\\Pipeline\\{closure}()
#42 /home/dylontech/Downloads/SAAFCECEYT/vendor/laravel/framework/src/Illuminate/Pipeline/Pipeline.php(183): Illuminate\\Http\\Middleware\\TrustProxies->handle()
#43 /home/dylontech/Downloads/SAAFCECEYT/vendor/laravel/framework/src/Illuminate/Foundation/Http/Middleware/InvokeDeferredCallbacks.php(22): Illuminate\\Pipeline\\Pipeline->Illuminate\\Pipeline\\{closure}()
#44 /home/dylontech/Downloads/SAAFCECEYT/vendor/laravel/framework/src/Illuminate/Pipeline/Pipeline.php(183): Illuminate\\Foundation\\Http\\Middleware\\InvokeDeferredCallbacks->handle()
#45 /home/dylontech/Downloads/SAAFCECEYT/vendor/laravel/framework/src/Illuminate/Pipeline/Pipeline.php(119): Illuminate\\Pipeline\\Pipeline->Illuminate\\Pipeline\\{closure}()
#46 /home/dylontech/Downloads/SAAFCECEYT/vendor/laravel/framework/src/Illuminate/Foundation/Http/Kernel.php(176): Illuminate\\Pipeline\\Pipeline->then()
#47 /home/dylontech/Downloads/SAAFCECEYT/vendor/laravel/framework/src/Illuminate/Foundation/Http/Kernel.php(145): Illuminate\\Foundation\\Http\\Kernel->sendRequestThroughRouter()
#48 /home/dylontech/Downloads/SAAFCECEYT/vendor/laravel/framework/src/Illuminate/Foundation/Application.php(1190): Illuminate\\Foundation\\Http\\Kernel->handle()
#49 /home/dylontech/Downloads/SAAFCECEYT/public/index.php(17): Illuminate\\Foundation\\Application->handleRequest()
#50 /home/dylontech/Downloads/SAAFCECEYT/vendor/laravel/framework/src/Illuminate/Foundation/resources/server.php(23): require_once('...')
#51 {main}

[previous exception] [object] (PDOException(code: 1698): SQLSTATE[HY000] [1698] Access denied for user 'root'@'localhost' at /home/dylontech/Downloads/SAAFCECEYT/vendor/laravel/framework/src/Illuminate/Database/Connectors/Connector.php:66)
[stacktrace]
#0 /home/dylontech/Downloads/SAAFCECEYT/vendor/laravel/framework/src/Illuminate/Database/Connectors/Connector.php(66): PDO->__construct()
#1 /home/dylontech/Downloads/SAAFCECEYT/vendor/laravel/framework/src/Illuminate/Database/Connectors/Connector.php(44): Illuminate\\Database\\Connectors\\Connector->createPdoConnection()
#2 /home/dylontech/Downloads/SAAFCECEYT/vendor/laravel/framework/src/Illuminate/Database/Connectors/MySqlConnector.php(24): Illuminate\\Database\\Connectors\\Connector->createConnection()
#3 /home/dylontech/Downloads/SAAFCECEYT/vendor/laravel/framework/src/Illuminate/Database/Connectors/ConnectionFactory.php(185): Illuminate\\Database\\Connectors\\MySqlConnector->connect()
#4 [internal function]: Illuminate\\Database\\Connectors\\ConnectionFactory->Illuminate\\Database\\Connectors\\{closure}()
#5 /home/dylontech/Downloads/SAAFCECEYT/vendor/laravel/framework/src/Illuminate/Database/Connection.php(1231): call_user_func()
#6 /home/dylontech/Downloads/SAAFCECEYT/vendor/laravel/framework/src/Illuminate/Database/Connection.php(1267): Illuminate\\Database\\Connection->getPdo()
#7 /home/dylontech/Downloads/SAAFCECEYT/vendor/laravel/framework/src/Illuminate/Database/Connection.php(512): Illuminate\\Database\\Connection->getReadPdo()
#8 /home/dylontech/Downloads/SAAFCECEYT/vendor/laravel/framework/src/Illuminate/Database/Connection.php(407): Illuminate\\Database\\Connection->getPdoForSelect()
#9 /home/dylontech/Downloads/SAAFCECEYT/vendor/laravel/framework/src/Illuminate/Database/Connection.php(812): Illuminate\\Database\\Connection->Illuminate\\Database\\{closure}()
#10 /home/dylontech/Downloads/SAAFCECEYT/vendor/laravel/framework/src/Illuminate/Database/Connection.php(779): Illuminate\\Database\\Connection->runQueryCallback()
#11 /home/dylontech/Downloads/SAAFCECEYT/vendor/laravel/framework/src/Illuminate/Database/Connection.php(398): Illuminate\\Database\\Connection->run()
#12 /home/dylontech/Downloads/SAAFCECEYT/vendor/laravel/framework/src/Illuminate/Database/Query/Builder.php(3133): Illuminate\\Database\\Connection->select()
#13 /home/dylontech/Downloads/SAAFCECEYT/vendor/laravel/framework/src/Illuminate/Database/Query/Builder.php(3118): Illuminate\\Database\\Query\\Builder->runSelect()
#14 /home/dylontech/Downloads/SAAFCECEYT/vendor/laravel/framework/src/Illuminate/Database/Query/Builder.php(3706): Illuminate\\Database\\Query\\Builder->Illuminate\\Database\\Query\\{closure}()
#15 /home/dylontech/Downloads/SAAFCECEYT/vendor/laravel/framework/src/Illuminate/Database/Query/Builder.php(3117): Illuminate\\Database\\Query\\Builder->onceWithColumns()
#16 /home/dylontech/Downloads/SAAFCECEYT/vendor/laravel/framework/src/Illuminate/Database/Concerns/BuildsQueries.php(344): Illuminate\\Database\\Query\\Builder->get()
#17 /home/dylontech/Downloads/SAAFCECEYT/vendor/laravel/framework/src/Illuminate/Database/Query/Builder.php(3038): Illuminate\\Database\\Query\\Builder->first()
#18 /home/dylontech/Downloads/SAAFCECEYT/vendor/laravel/framework/src/Illuminate/Session/DatabaseSessionHandler.php(97): Illuminate\\Database\\Query\\Builder->find()
#19 /home/dylontech/Downloads/SAAFCECEYT/vendor/laravel/framework/src/Illuminate/Session/Store.php(113): Illuminate\\Session\\DatabaseSessionHandler->read()
#20 /home/dylontech/Downloads/SAAFCECEYT/vendor/laravel/framework/src/Illuminate/Session/Store.php(101): Illuminate\\Session\\Store->readFromHandler()
#21 /home/dylontech/Downloads/SAAFCECEYT/vendor/laravel/framework/src/Illuminate/Session/Store.php(85): Illuminate\\Session\\Store->loadSession()
#22 /home/dylontech/Downloads/SAAFCECEYT/vendor/laravel/framework/src/Illuminate/Session/Middleware/StartSession.php(147): Illuminate\\Session\\Store->start()
#23 /home/dylontech/Downloads/SAAFCECEYT/vendor/laravel/framework/src/Illuminate/Support/helpers.php(393): Illuminate\\Session\\Middleware\\StartSession->Illuminate\\Session\\Middleware\\{closure}()
#24 /home/dylontech/Downloads/SAAFCECEYT/vendor/laravel/framework/src/Illuminate/Session/Middleware/StartSession.php(144): tap()
#25 /home/dylontech/Downloads/SAAFCECEYT/vendor/laravel/framework/src/Illuminate/Session/Middleware/StartSession.php(116): Illuminate\\Session\\Middleware\\StartSession->startSession()
#26 /home/dylontech/Downloads/SAAFCECEYT/vendor/laravel/framework/src/Illuminate/Session/Middleware/StartSession.php(64): Illuminate\\Session\\Middleware\\StartSession->handleStatefulRequest()
#27 /home/dylontech/Downloads/SAAFCECEYT/vendor/laravel/framework/src/Illuminate/Pipeline/Pipeline.php(183): Illuminate\\Session\\Middleware\\StartSession->handle()
#28 /home/dylontech/Downloads/SAAFCECEYT/vendor/laravel/framework/src/Illuminate/Cookie/Middleware/AddQueuedCookiesToResponse.php(37): Illuminate\\Pipeline\\Pipeline->Illuminate\\Pipeline\\{closure}()
#29 /home/dylontech/Downloads/SAAFCECEYT/vendor/laravel/framework/src/Illuminate/Pipeline/Pipeline.php(183): Illuminate\\Cookie\\Middleware\\AddQueuedCookiesToResponse->handle()
#30 /home/dylontech/Downloads/SAAFCECEYT/vendor/laravel/framework/src/Illuminate/Cookie/Middleware/EncryptCookies.php(75): Illuminate\\Pipeline\\Pipeline->Illuminate\\Pipeline\\{closure}()
#31 /home/dylontech/Downloads/SAAFCECEYT/vendor/laravel/framework/src/Illuminate/Pipeline/Pipeline.php(183): Illuminate\\Cookie\\Middleware\\EncryptCookies->handle()
#32 /home/dylontech/Downloads/SAAFCECEYT/vendor/laravel/framework/src/Illuminate/Pipeline/Pipeline.php(119): Illuminate\\Pipeline\\Pipeline->Illuminate\\Pipeline\\{closure}()
#33 /home/dylontech/Downloads/SAAFCECEYT/vendor/laravel/framework/src/Illuminate/Routing/Router.php(807): Illuminate\\Pipeline\\Pipeline->then()
#34 /home/dylontech/Downloads/SAAFCECEYT/vendor/laravel/framework/src/Illuminate/Routing/Router.php(786): Illuminate\\Routing\\Router->runRouteWithinStack()
#35 /home/dylontech/Downloads/SAAFCECEYT/vendor/laravel/framework/src/Illuminate/Routing/Router.php(750): Illuminate\\Routing\\Router->runRoute()
#36 /home/dylontech/Downloads/SAAFCECEYT/vendor/laravel/framework/src/Illuminate/Routing/Router.php(739): Illuminate\\Routing\\Router->dispatchToRoute()
#37 /home/dylontech/Downloads/SAAFCECEYT/vendor/laravel/framework/src/Illuminate/Foundation/Http/Kernel.php(201): Illuminate\\Routing\\Router->dispatch()
#38 /home/dylontech/Downloads/SAAFCECEYT/vendor/laravel/framework/src/Illuminate/Pipeline/Pipeline.php(144): Illuminate\\Foundation\\Http\\Kernel->Illuminate\\Foundation\\Http\\{closure}()
#39 /home/dylontech/Downloads/SAAFCECEYT/vendor/laravel/framework/src/Illuminate/Foundation/Http/Middleware/TransformsRequest.php(21): Illuminate\\Pipeline\\Pipeline->Illuminate\\Pipeline\\{closure}()
#40 /home/dylontech/Downloads/SAAFCECEYT/vendor/laravel/framework/src/Illuminate/Foundation/Http/Middleware/ConvertEmptyStringsToNull.php(31): Illuminate\\Foundation\\Http\\Middleware\\TransformsRequest->handle()
#41 /home/dylontech/Downloads/SAAFCECEYT/vendor/laravel/framework/src/Illuminate/Pipeline/Pipeline.php(183): Illuminate\\Foundation\\Http\\Middleware\\ConvertEmptyStringsToNull->handle()
#42 /home/dylontech/Downloads/SAAFCECEYT/vendor/laravel/framework/src/Illuminate/Foundation/Http/Middleware/TransformsRequest.php(21): Illuminate\\Pipeline\\Pipeline->Illuminate\\Pipeline\\{closure}()
#43 /home/dylontech/Downloads/SAAFCECEYT/vendor/laravel/framework/src/Illuminate/Foundation/Http/Middleware/TrimStrings.php(51): Illuminate\\Foundation\\Http\\Middleware\\TransformsRequest->handle()
#44 /home/dylontech/Downloads/SAAFCECEYT/vendor/laravel/framework/src/Illuminate/Pipeline/Pipeline.php(183): Illuminate\\Foundation\\Http\\Middleware\\TrimStrings->handle()
#45 /home/dylontech/Downloads/SAAFCECEYT/vendor/laravel/framework/src/Illuminate/Http/Middleware/ValidatePostSize.php(27): Illuminate\\Pipeline\\Pipeline->Illuminate\\Pipeline\\{closure}()
#46 /home/dylontech/Downloads/SAAFCECEYT/vendor/laravel/framework/src/Illuminate/Pipeline/Pipeline.php(183): Illuminate\\Http\\Middleware\\ValidatePostSize->handle()
#47 /home/dylontech/Downloads/SAAFCECEYT/vendor/laravel/framework/src/Illuminate/Foundation/Http/Middleware/PreventRequestsDuringMaintenance.php(110): Illuminate\\Pipeline\\Pipeline->Illuminate\\Pipeline\\{closure}()
#48 /home/dylontech/Downloads/SAAFCECEYT/vendor/laravel/framework/src/Illuminate/Pipeline/Pipeline.php(183): Illuminate\\Foundation\\Http\\Middleware\\PreventRequestsDuringMaintenance->handle()
#49 /home/dylontech/Downloads/SAAFCECEYT/vendor/laravel/framework/src/Illuminate/Http/Middleware/HandleCors.php(49): Illuminate\\Pipeline\\Pipeline->Illuminate\\Pipeline\\{closure}()
#50 /home/dylontech/Downloads/SAAFCECEYT/vendor/laravel/framework/src/Illuminate/Pipeline/Pipeline.php(183): Illuminate\\Http\\Middleware\\HandleCors->handle()
#51 /home/dylontech/Downloads/SAAFCECEYT/vendor/laravel/framework/src/Illuminate/Http/Middleware/TrustProxies.php(58): Illuminate\\Pipeline\\Pipeline->Illuminate\\Pipeline\\{closure}()
#52 /home/dylontech/Downloads/SAAFCECEYT/vendor/laravel/framework/src/Illuminate/Pipeline/Pipeline.php(183): Illuminate\\Http\\Middleware\\TrustProxies->handle()
#53 /home/dylontech/Downloads/SAAFCECEYT/vendor/laravel/framework/src/Illuminate/Foundation/Http/Middleware/InvokeDeferredCallbacks.php(22): Illuminate\\Pipeline\\Pipeline->Illuminate\\Pipeline\\{closure}()
#54 /home/dylontech/Downloads/SAAFCECEYT/vendor/laravel/framework/src/Illuminate/Pipeline/Pipeline.php(183): Illuminate\\Foundation\\Http\\Middleware\\InvokeDeferredCallbacks->handle()
#55 /home/dylontech/Downloads/SAAFCECEYT/vendor/laravel/framework/src/Illuminate/Pipeline/Pipeline.php(119): Illuminate\\Pipeline\\Pipeline->Illuminate\\Pipeline\\{closure}()
#56 /home/dylontech/Downloads/SAAFCECEYT/vendor/laravel/framework/src/Illuminate/Foundation/Http/Kernel.php(176): Illuminate\\Pipeline\\Pipeline->then()
#57 /home/dylontech/Downloads/SAAFCECEYT/vendor/laravel/framework/src/Illuminate/Foundation/Http/Kernel.php(145): Illuminate\\Foundation\\Http\\Kernel->sendRequestThroughRouter()
#58 /home/dylontech/Downloads/SAAFCECEYT/vendor/laravel/framework/src/Illuminate/Foundation/Application.php(1190): Illuminate\\Foundation\\Http\\Kernel->handle()
#59 /home/dylontech/Downloads/SAAFCECEYT/public/index.php(17): Illuminate\\Foundation\\Application->handleRequest()
#60 /home/dylontech/Downloads/SAAFCECEYT/vendor/laravel/framework/src/Illuminate/Foundation/resources/server.php(23): require_once('...')
#61 {main}
"} 
